2026-02-11 14:22:19,255 - INFO - Output directory /projects/EEG-foundation-model/RECH202/data_preprocessed//CHBMIT already exists. Cleaning up...
2026-02-11 14:22:23,497 - INFO - Total subjects: 24 | Kept subjects: 24 | Total files : 686 | Kept files: 686
2026-02-11 14:22:23,502 - INFO - Opened output LMDB file at /projects/EEG-foundation-model/RECH202/data_preprocessed/CHBMIT/chbmit.lmdb | map_size=500.00 GiB
2026-02-11 14:22:23,512 - INFO - Preprocessing parameters : 
 resample_rate=256 | bandpass=False | l_freq=0.5 | h_freq=75.0 | notch=60.0 | max_amp=300.0 | trim=0.0 | min_len_sec=0.0 | use_iir=True | normalize=True | window_size_sec=10.0 | overlap_sec=0.0 
2026-02-11 14:22:26,408 - INFO - Extracted 1 labeled segments from file.
2026-02-11 14:22:26,408 - INFO - Window shape: (28, 2560)
2026-02-11 14:22:26,650 - INFO -   Segment 000: label=0, n_times=921599, extracted 360 windows.
2026-02-11 14:22:27,534 - INFO - Finished processing file: /projects/EEG-foundation-model/CHB-MIT/chb11/chb11_02.edf | Extracted 360 windows | label distribution: {0: 360}
2026-02-11 14:22:27,536 - INFO - File 1: /projects/EEG-foundation-model/CHB-MIT/chb11/chb11_02.edf | Subject ID: chb11 | Extracted 360 windows. Total windows so far: 360
2026-02-11 14:22:27,537 - INFO - Preprocessing parameters : 
 resample_rate=256 | bandpass=False | l_freq=0.5 | h_freq=75.0 | notch=60.0 | max_amp=300.0 | trim=0.0 | min_len_sec=0.0 | use_iir=True | normalize=True | window_size_sec=10.0 | overlap_sec=0.0 
2026-02-11 14:22:29,935 - INFO - Window shape: (28, 2560)
2026-02-11 14:22:31,096 - INFO - Finished processing file: /projects/EEG-foundation-model/CHB-MIT/chb11/chb11_05.edf | Extracted 360 windows | label distribution: {0: 360}
2026-02-11 14:22:31,098 - INFO - Preprocessing parameters : 
 resample_rate=256 | bandpass=False | l_freq=0.5 | h_freq=75.0 | notch=60.0 | max_amp=300.0 | trim=0.0 | min_len_sec=0.0 | use_iir=True | normalize=True | window_size_sec=10.0 | overlap_sec=0.0 
2026-02-11 14:22:33,591 - INFO - Window shape: (28, 2560)
2026-02-11 14:22:34,751 - INFO - Finished processing file: /projects/EEG-foundation-model/CHB-MIT/chb11/chb11_14.edf | Extracted 360 windows | label distribution: {0: 360}
2026-02-11 14:22:34,753 - INFO - Preprocessing parameters : 
 resample_rate=256 | bandpass=False | l_freq=0.5 | h_freq=75.0 | notch=60.0 | max_amp=300.0 | trim=0.0 | min_len_sec=0.0 | use_iir=True | normalize=True | window_size_sec=10.0 | overlap_sec=0.0 
2026-02-11 14:22:37,184 - INFO - Window shape: (28, 2560)
2026-02-11 14:22:38,331 - INFO - Finished processing file: /projects/EEG-foundation-model/CHB-MIT/chb11/chb11_13.edf | Extracted 360 windows | label distribution: {0: 360}
2026-02-11 14:22:38,333 - INFO - Preprocessing parameters : 
 resample_rate=256 | bandpass=False | l_freq=0.5 | h_freq=75.0 | notch=60.0 | max_amp=300.0 | trim=0.0 | min_len_sec=0.0 | use_iir=True | normalize=True | window_size_sec=10.0 | overlap_sec=0.0 
2026-02-11 14:22:40,801 - INFO - Window shape: (28, 2560)
2026-02-11 14:22:41,960 - INFO - Finished processing file: /projects/EEG-foundation-model/CHB-MIT/chb11/chb11_61.edf | Extracted 360 windows | label distribution: {0: 360}
2026-02-11 14:22:41,962 - INFO - Preprocessing parameters : 
 resample_rate=256 | bandpass=False | l_freq=0.5 | h_freq=75.0 | notch=60.0 | max_amp=300.0 | trim=0.0 | min_len_sec=0.0 | use_iir=True | normalize=True | window_size_sec=10.0 | overlap_sec=0.0 
2026-02-11 14:22:44,378 - INFO - Window shape: (28, 2560)
2026-02-11 14:22:45,544 - INFO - Finished processing file: /projects/EEG-foundation-model/CHB-MIT/chb11/chb11_82.edf | Extracted 360 windows | label distribution: {0: 358, 1: 2}
2026-02-11 14:22:45,546 - INFO - Preprocessing parameters : 
 resample_rate=256 | bandpass=False | l_freq=0.5 | h_freq=75.0 | notch=60.0 | max_amp=300.0 | trim=0.0 | min_len_sec=0.0 | use_iir=True | normalize=True | window_size_sec=10.0 | overlap_sec=0.0 
2026-02-11 14:22:47,910 - INFO - Window shape: (28, 2560)
2026-02-11 14:22:49,034 - INFO - Finished processing file: /projects/EEG-foundation-model/CHB-MIT/chb11/chb11_53.edf | Extracted 360 windows | label distribution: {0: 360}
2026-02-11 14:22:49,036 - INFO - Preprocessing parameters : 
 resample_rate=256 | bandpass=False | l_freq=0.5 | h_freq=75.0 | notch=60.0 | max_amp=300.0 | trim=0.0 | min_len_sec=0.0 | use_iir=True | normalize=True | window_size_sec=10.0 | overlap_sec=0.0 
2026-02-11 14:22:51,405 - INFO - Window shape: (28, 2560)
2026-02-11 14:22:52,564 - INFO - Finished processing file: /projects/EEG-foundation-model/CHB-MIT/chb11/chb11_54.edf | Extracted 360 windows | label distribution: {0: 360}
2026-02-11 14:22:52,566 - INFO - Preprocessing parameters : 
 resample_rate=256 | bandpass=False | l_freq=0.5 | h_freq=75.0 | notch=60.0 | max_amp=300.0 | trim=0.0 | min_len_sec=0.0 | use_iir=True | normalize=True | window_size_sec=10.0 | overlap_sec=0.0 
2026-02-11 14:22:54,928 - INFO - Window shape: (28, 2560)
2026-02-11 14:22:56,087 - INFO - Finished processing file: /projects/EEG-foundation-model/CHB-MIT/chb11/chb11_26.edf | Extracted 360 windows | label distribution: {0: 360}
2026-02-11 14:22:56,089 - INFO - Preprocessing parameters : 
 resample_rate=256 | bandpass=False | l_freq=0.5 | h_freq=75.0 | notch=60.0 | max_amp=300.0 | trim=0.0 | min_len_sec=0.0 | use_iir=True | normalize=True | window_size_sec=10.0 | overlap_sec=0.0 
2026-02-11 14:22:58,738 - INFO - Window shape: (28, 2560)
2026-02-11 14:22:59,913 - INFO - Finished processing file: /projects/EEG-foundation-model/CHB-MIT/chb11/chb11_04.edf | Extracted 360 windows | label distribution: {0: 360}
2026-02-11 14:22:59,915 - INFO - Preprocessing parameters : 
 resample_rate=256 | bandpass=False | l_freq=0.5 | h_freq=75.0 | notch=60.0 | max_amp=300.0 | trim=0.0 | min_len_sec=0.0 | use_iir=True | normalize=True | window_size_sec=10.0 | overlap_sec=0.0 
2026-02-11 14:23:02,493 - INFO - Window shape: (28, 2560)
2026-02-11 14:23:03,652 - INFO - Finished processing file: /projects/EEG-foundation-model/CHB-MIT/chb11/chb11_03.edf | Extracted 360 windows | label distribution: {0: 360}
2026-02-11 14:23:03,653 - INFO - File 11: /projects/EEG-foundation-model/CHB-MIT/chb11/chb11_03.edf | Subject ID: chb11 | Extracted 360 windows. Total windows so far: 3960
2026-02-11 14:23:03,654 - INFO - Preprocessing parameters : 
 resample_rate=256 | bandpass=False | l_freq=0.5 | h_freq=75.0 | notch=60.0 | max_amp=300.0 | trim=0.0 | min_len_sec=0.0 | use_iir=True | normalize=True | window_size_sec=10.0 | overlap_sec=0.0 
2026-02-11 14:23:06,004 - INFO - Window shape: (28, 2560)
2026-02-11 14:23:07,162 - INFO - Finished processing file: /projects/EEG-foundation-model/CHB-MIT/chb11/chb11_92.edf | Extracted 360 windows | label distribution: {0: 357, 1: 3}
2026-02-11 14:23:07,164 - INFO - Preprocessing parameters : 
 resample_rate=256 | bandpass=False | l_freq=0.5 | h_freq=75.0 | notch=60.0 | max_amp=300.0 | trim=0.0 | min_len_sec=0.0 | use_iir=True | normalize=True | window_size_sec=10.0 | overlap_sec=0.0 
2026-02-11 14:23:09,762 - INFO - Window shape: (28, 2560)
2026-02-11 14:23:10,924 - INFO - Finished processing file: /projects/EEG-foundation-model/CHB-MIT/chb11/chb11_27.edf | Extracted 360 windows | label distribution: {0: 360}
2026-02-11 14:23:10,926 - INFO - Preprocessing parameters : 
 resample_rate=256 | bandpass=False | l_freq=0.5 | h_freq=75.0 | notch=60.0 | max_amp=300.0 | trim=0.0 | min_len_sec=0.0 | use_iir=True | normalize=True | window_size_sec=10.0 | overlap_sec=0.0 
2026-02-11 14:23:13,311 - INFO - Window shape: (28, 2560)
2026-02-11 14:23:14,467 - INFO - Finished processing file: /projects/EEG-foundation-model/CHB-MIT/chb11/chb11_55.edf | Extracted 360 windows | label distribution: {0: 360}
2026-02-11 14:23:14,469 - INFO - Preprocessing parameters : 
 resample_rate=256 | bandpass=False | l_freq=0.5 | h_freq=75.0 | notch=60.0 | max_amp=300.0 | trim=0.0 | min_len_sec=0.0 | use_iir=True | normalize=True | window_size_sec=10.0 | overlap_sec=0.0 
2026-02-11 14:23:16,923 - INFO - Window shape: (28, 2560)
2026-02-11 14:23:18,085 - INFO - Finished processing file: /projects/EEG-foundation-model/CHB-MIT/chb11/chb11_60.edf | Extracted 360 windows | label distribution: {0: 360}
2026-02-11 14:23:18,087 - INFO - Preprocessing parameters : 
 resample_rate=256 | bandpass=False | l_freq=0.5 | h_freq=75.0 | notch=60.0 | max_amp=300.0 | trim=0.0 | min_len_sec=0.0 | use_iir=True | normalize=True | window_size_sec=10.0 | overlap_sec=0.0 
2026-02-11 14:23:20,541 - INFO - Window shape: (28, 2560)
2026-02-11 14:23:21,668 - INFO - Finished processing file: /projects/EEG-foundation-model/CHB-MIT/chb11/chb11_12.edf | Extracted 360 windows | label distribution: {0: 360}
2026-02-11 14:23:21,669 - INFO - Preprocessing parameters : 
 resample_rate=256 | bandpass=False | l_freq=0.5 | h_freq=75.0 | notch=60.0 | max_amp=300.0 | trim=0.0 | min_len_sec=0.0 | use_iir=True | normalize=True | window_size_sec=10.0 | overlap_sec=0.0 
2026-02-11 14:23:24,021 - INFO - Window shape: (28, 2560)
2026-02-11 14:23:25,176 - INFO - Finished processing file: /projects/EEG-foundation-model/CHB-MIT/chb11/chb11_15.edf | Extracted 360 windows | label distribution: {0: 360}
2026-02-11 14:23:25,178 - INFO - Preprocessing parameters : 
 resample_rate=256 | bandpass=False | l_freq=0.5 | h_freq=75.0 | notch=60.0 | max_amp=300.0 | trim=0.0 | min_len_sec=0.0 | use_iir=True | normalize=True | window_size_sec=10.0 | overlap_sec=0.0 
2026-02-11 14:23:27,782 - INFO - Window shape: (28, 2560)
2026-02-11 14:23:28,945 - INFO - Finished processing file: /projects/EEG-foundation-model/CHB-MIT/chb11/chb11_24.edf | Extracted 360 windows | label distribution: {0: 360}
2026-02-11 14:23:28,947 - INFO - Preprocessing parameters : 
 resample_rate=256 | bandpass=False | l_freq=0.5 | h_freq=75.0 | notch=60.0 | max_amp=300.0 | trim=0.0 | min_len_sec=0.0 | use_iir=True | normalize=True | window_size_sec=10.0 | overlap_sec=0.0 
2026-02-11 14:23:31,375 - INFO - Window shape: (28, 2560)
2026-02-11 14:23:32,535 - INFO - Finished processing file: /projects/EEG-foundation-model/CHB-MIT/chb11/chb11_58.edf | Extracted 360 windows | label distribution: {0: 360}
2026-02-11 14:23:32,537 - INFO - Preprocessing parameters : 
 resample_rate=256 | bandpass=False | l_freq=0.5 | h_freq=75.0 | notch=60.0 | max_amp=300.0 | trim=0.0 | min_len_sec=0.0 | use_iir=True | normalize=True | window_size_sec=10.0 | overlap_sec=0.0 
2026-02-11 14:23:35,082 - INFO - Window shape: (28, 2560)
2026-02-11 14:23:36,246 - INFO - Finished processing file: /projects/EEG-foundation-model/CHB-MIT/chb11/chb11_56.edf | Extracted 360 windows | label distribution: {0: 360}
2026-02-11 14:23:36,248 - INFO - Preprocessing parameters : 
 resample_rate=256 | bandpass=False | l_freq=0.5 | h_freq=75.0 | notch=60.0 | max_amp=300.0 | trim=0.0 | min_len_sec=0.0 | use_iir=True | normalize=True | window_size_sec=10.0 | overlap_sec=0.0 
2026-02-11 14:23:38,606 - INFO - Window shape: (28, 2560)
2026-02-11 14:23:39,767 - INFO - Finished processing file: /projects/EEG-foundation-model/CHB-MIT/chb11/chb11_63.edf | Extracted 360 windows | label distribution: {0: 360}
2026-02-11 14:23:39,768 - INFO - File 21: /projects/EEG-foundation-model/CHB-MIT/chb11/chb11_63.edf | Subject ID: chb11 | Extracted 360 windows. Total windows so far: 7560
2026-02-11 14:23:39,769 - INFO - Preprocessing parameters : 
 resample_rate=256 | bandpass=False | l_freq=0.5 | h_freq=75.0 | notch=60.0 | max_amp=300.0 | trim=0.0 | min_len_sec=0.0 | use_iir=True | normalize=True | window_size_sec=10.0 | overlap_sec=0.0 
2026-02-11 14:23:42,191 - INFO - Window shape: (28, 2560)
2026-02-11 14:23:43,353 - INFO - Finished processing file: /projects/EEG-foundation-model/CHB-MIT/chb11/chb11_18.edf | Extracted 360 windows | label distribution: {0: 360}
2026-02-11 14:23:43,355 - INFO - Preprocessing parameters : 
 resample_rate=256 | bandpass=False | l_freq=0.5 | h_freq=75.0 | notch=60.0 | max_amp=300.0 | trim=0.0 | min_len_sec=0.0 | use_iir=True | normalize=True | window_size_sec=10.0 | overlap_sec=0.0 
2026-02-11 14:23:45,811 - INFO - Window shape: (28, 2560)
2026-02-11 14:23:46,974 - INFO - Finished processing file: /projects/EEG-foundation-model/CHB-MIT/chb11/chb11_16.edf | Extracted 360 windows | label distribution: {0: 360}
2026-02-11 14:23:46,976 - INFO - Preprocessing parameters : 
 resample_rate=256 | bandpass=False | l_freq=0.5 | h_freq=75.0 | notch=60.0 | max_amp=300.0 | trim=0.0 | min_len_sec=0.0 | use_iir=True | normalize=True | window_size_sec=10.0 | overlap_sec=0.0 
2026-02-11 14:23:49,373 - INFO - Window shape: (28, 2560)
2026-02-11 14:23:50,533 - INFO - Finished processing file: /projects/EEG-foundation-model/CHB-MIT/chb11/chb11_11.edf | Extracted 360 windows | label distribution: {0: 360}
2026-02-11 14:23:50,535 - INFO - Preprocessing parameters : 
 resample_rate=256 | bandpass=False | l_freq=0.5 | h_freq=75.0 | notch=60.0 | max_amp=300.0 | trim=0.0 | min_len_sec=0.0 | use_iir=True | normalize=True | window_size_sec=10.0 | overlap_sec=0.0 
2026-02-11 14:23:52,914 - INFO - Window shape: (28, 2560)
2026-02-11 14:23:54,075 - INFO - Finished processing file: /projects/EEG-foundation-model/CHB-MIT/chb11/chb11_07.edf | Extracted 360 windows | label distribution: {0: 360}
2026-02-11 14:23:54,077 - INFO - Preprocessing parameters : 
 resample_rate=256 | bandpass=False | l_freq=0.5 | h_freq=75.0 | notch=60.0 | max_amp=300.0 | trim=0.0 | min_len_sec=0.0 | use_iir=True | normalize=True | window_size_sec=10.0 | overlap_sec=0.0 
2026-02-11 14:23:56,453 - INFO - Window shape: (28, 2560)
2026-02-11 14:23:57,608 - INFO - Finished processing file: /projects/EEG-foundation-model/CHB-MIT/chb11/chb11_09.edf | Extracted 360 windows | label distribution: {0: 360}
2026-02-11 14:23:57,611 - INFO - Preprocessing parameters : 
 resample_rate=256 | bandpass=False | l_freq=0.5 | h_freq=75.0 | notch=60.0 | max_amp=300.0 | trim=0.0 | min_len_sec=0.0 | use_iir=True | normalize=True | window_size_sec=10.0 | overlap_sec=0.0 
2026-02-11 14:24:00,002 - INFO - Window shape: (28, 2560)
2026-02-11 14:24:01,169 - INFO - Finished processing file: /projects/EEG-foundation-model/CHB-MIT/chb11/chb11_10.edf | Extracted 360 windows | label distribution: {0: 360}
2026-02-11 14:24:01,171 - INFO - Preprocessing parameters : 
 resample_rate=256 | bandpass=False | l_freq=0.5 | h_freq=75.0 | notch=60.0 | max_amp=300.0 | trim=0.0 | min_len_sec=0.0 | use_iir=True | normalize=True | window_size_sec=10.0 | overlap_sec=0.0 
2026-02-11 14:24:03,577 - INFO - Window shape: (28, 2560)
2026-02-11 14:24:04,702 - INFO - Finished processing file: /projects/EEG-foundation-model/CHB-MIT/chb11/chb11_17.edf | Extracted 360 windows | label distribution: {0: 360}
2026-02-11 14:24:04,704 - INFO - Preprocessing parameters : 
 resample_rate=256 | bandpass=False | l_freq=0.5 | h_freq=75.0 | notch=60.0 | max_amp=300.0 | trim=0.0 | min_len_sec=0.0 | use_iir=True | normalize=True | window_size_sec=10.0 | overlap_sec=0.0 
2026-02-11 14:24:07,098 - INFO - Window shape: (28, 2560)
2026-02-11 14:24:08,252 - INFO - Finished processing file: /projects/EEG-foundation-model/CHB-MIT/chb11/chb11_19.edf | Extracted 360 windows | label distribution: {0: 360}
2026-02-11 14:24:08,253 - INFO - Preprocessing parameters : 
 resample_rate=256 | bandpass=False | l_freq=0.5 | h_freq=75.0 | notch=60.0 | max_amp=300.0 | trim=0.0 | min_len_sec=0.0 | use_iir=True | normalize=True | window_size_sec=10.0 | overlap_sec=0.0 
2026-02-11 14:24:10,614 - INFO - Window shape: (28, 2560)
2026-02-11 14:24:11,762 - INFO - Finished processing file: /projects/EEG-foundation-model/CHB-MIT/chb11/chb11_62.edf | Extracted 360 windows | label distribution: {0: 360}
2026-02-11 14:24:11,764 - INFO - Preprocessing parameters : 
 resample_rate=256 | bandpass=False | l_freq=0.5 | h_freq=75.0 | notch=60.0 | max_amp=300.0 | trim=0.0 | min_len_sec=0.0 | use_iir=True | normalize=True | window_size_sec=10.0 | overlap_sec=0.0 
2026-02-11 14:24:14,278 - INFO - Window shape: (28, 2560)
2026-02-11 14:24:15,439 - INFO - Finished processing file: /projects/EEG-foundation-model/CHB-MIT/chb11/chb11_25.edf | Extracted 360 windows | label distribution: {0: 360}
2026-02-11 14:24:15,441 - INFO - File 31: /projects/EEG-foundation-model/CHB-MIT/chb11/chb11_25.edf | Subject ID: chb11 | Extracted 360 windows. Total windows so far: 11160
2026-02-11 14:24:15,441 - INFO - Preprocessing parameters : 
 resample_rate=256 | bandpass=False | l_freq=0.5 | h_freq=75.0 | notch=60.0 | max_amp=300.0 | trim=0.0 | min_len_sec=0.0 | use_iir=True | normalize=True | window_size_sec=10.0 | overlap_sec=0.0 
2026-02-11 14:24:17,321 - INFO - Window shape: (28, 2560)
2026-02-11 14:24:18,231 - INFO - Finished processing file: /projects/EEG-foundation-model/CHB-MIT/chb11/chb11_99.edf | Extracted 285 windows | label distribution: {0: 210, 1: 75}
2026-02-11 14:24:18,233 - INFO - Preprocessing parameters : 
 resample_rate=256 | bandpass=False | l_freq=0.5 | h_freq=75.0 | notch=60.0 | max_amp=300.0 | trim=0.0 | min_len_sec=0.0 | use_iir=True | normalize=True | window_size_sec=10.0 | overlap_sec=0.0 
2026-02-11 14:24:20,795 - INFO - Window shape: (28, 2560)
2026-02-11 14:24:21,956 - INFO - Finished processing file: /projects/EEG-foundation-model/CHB-MIT/chb11/chb11_08.edf | Extracted 360 windows | label distribution: {0: 360}
2026-02-11 14:24:21,958 - INFO - Preprocessing parameters : 
 resample_rate=256 | bandpass=False | l_freq=0.5 | h_freq=75.0 | notch=60.0 | max_amp=300.0 | trim=0.0 | min_len_sec=0.0 | use_iir=True | normalize=True | window_size_sec=10.0 | overlap_sec=0.0 
2026-02-11 14:24:24,359 - INFO - Window shape: (28, 2560)
2026-02-11 14:24:25,512 - INFO - Finished processing file: /projects/EEG-foundation-model/CHB-MIT/chb11/chb11_06.edf | Extracted 360 windows | label distribution: {0: 360}
2026-02-11 14:24:25,514 - INFO - Preprocessing parameters : 
 resample_rate=256 | bandpass=False | l_freq=0.5 | h_freq=75.0 | notch=60.0 | max_amp=300.0 | trim=0.0 | min_len_sec=0.0 | use_iir=True | normalize=True | window_size_sec=10.0 | overlap_sec=0.0 
2026-02-11 14:24:27,617 - INFO - Window shape: (23, 2560)
2026-02-11 14:24:28,604 - INFO - Finished processing file: /projects/EEG-foundation-model/CHB-MIT/chb11/chb11_01.edf | Extracted 360 windows | label distribution: {0: 360}
2026-02-11 14:24:28,605 - INFO - Preprocessing parameters : 
 resample_rate=256 | bandpass=False | l_freq=0.5 | h_freq=75.0 | notch=60.0 | max_amp=300.0 | trim=0.0 | min_len_sec=0.0 | use_iir=True | normalize=True | window_size_sec=10.0 | overlap_sec=0.0 
2026-02-11 14:24:31,312 - INFO - Window shape: (23, 2560)
2026-02-11 14:24:32,602 - INFO - Finished processing file: /projects/EEG-foundation-model/CHB-MIT/chb23/chb23_20.edf | Extracted 501 windows | label distribution: {0: 501}
2026-02-11 14:24:32,604 - INFO - Preprocessing parameters : 
 resample_rate=256 | bandpass=False | l_freq=0.5 | h_freq=75.0 | notch=60.0 | max_amp=300.0 | trim=0.0 | min_len_sec=0.0 | use_iir=True | normalize=True | window_size_sec=10.0 | overlap_sec=0.0 
2026-02-11 14:24:39,608 - INFO - Window shape: (23, 2560)
2026-02-11 14:24:43,223 - INFO - Finished processing file: /projects/EEG-foundation-model/CHB-MIT/chb23/chb23_19.edf | Extracted 1440 windows | label distribution: {0: 1440}
2026-02-11 14:24:43,226 - INFO - Preprocessing parameters : 
 resample_rate=256 | bandpass=False | l_freq=0.5 | h_freq=75.0 | notch=60.0 | max_amp=300.0 | trim=0.0 | min_len_sec=0.0 | use_iir=True | normalize=True | window_size_sec=10.0 | overlap_sec=0.0 
2026-02-11 14:24:49,328 - INFO - Window shape: (23, 2560)
2026-02-11 14:24:52,493 - INFO - Finished processing file: /projects/EEG-foundation-model/CHB-MIT/chb23/chb23_17.edf | Extracted 1259 windows | label distribution: {0: 1259}
2026-02-11 14:24:52,495 - INFO - Preprocessing parameters : 
 resample_rate=256 | bandpass=False | l_freq=0.5 | h_freq=75.0 | notch=60.0 | max_amp=300.0 | trim=0.0 | min_len_sec=0.0 | use_iir=True | normalize=True | window_size_sec=10.0 | overlap_sec=0.0 
2026-02-11 14:24:59,622 - INFO - Window shape: (23, 2560)
2026-02-11 14:25:03,240 - INFO - Finished processing file: /projects/EEG-foundation-model/CHB-MIT/chb23/chb23_10.edf | Extracted 1440 windows | label distribution: {0: 1440}
2026-02-11 14:25:03,243 - INFO - Preprocessing parameters : 
 resample_rate=256 | bandpass=False | l_freq=0.5 | h_freq=75.0 | notch=60.0 | max_amp=300.0 | trim=0.0 | min_len_sec=0.0 | use_iir=True | normalize=True | window_size_sec=10.0 | overlap_sec=0.0 
2026-02-11 14:25:07,070 - INFO - Window shape: (23, 2560)
2026-02-11 14:25:08,931 - INFO - Finished processing file: /projects/EEG-foundation-model/CHB-MIT/chb23/chb23_06.edf | Extracted 748 windows | label distribution: {0: 737, 1: 11}
2026-02-11 14:25:08,933 - INFO - Preprocessing parameters : 
 resample_rate=256 | bandpass=False | l_freq=0.5 | h_freq=75.0 | notch=60.0 | max_amp=300.0 | trim=0.0 | min_len_sec=0.0 | use_iir=True | normalize=True | window_size_sec=10.0 | overlap_sec=0.0 
2026-02-11 14:25:14,002 - INFO - Window shape: (23, 2560)
2026-02-11 14:25:16,600 - INFO - Finished processing file: /projects/EEG-foundation-model/CHB-MIT/chb23/chb23_08.edf | Extracted 1035 windows | label distribution: {0: 1028, 1: 7}
2026-02-11 14:25:16,602 - INFO - File 41: /projects/EEG-foundation-model/CHB-MIT/chb23/chb23_08.edf | Subject ID: chb23 | Extracted 1035 windows. Total windows so far: 18948
2026-02-11 14:25:16,603 - INFO - Preprocessing parameters : 
 resample_rate=256 | bandpass=False | l_freq=0.5 | h_freq=75.0 | notch=60.0 | max_amp=300.0 | trim=0.0 | min_len_sec=0.0 | use_iir=True | normalize=True | window_size_sec=10.0 | overlap_sec=0.0 
2026-02-11 14:25:23,673 - INFO - Window shape: (23, 2560)
2026-02-11 14:25:27,359 - INFO - Finished processing file: /projects/EEG-foundation-model/CHB-MIT/chb23/chb23_16.edf | Extracted 1440 windows | label distribution: {0: 1440}
2026-02-11 14:25:27,362 - INFO - Preprocessing parameters : 
 resample_rate=256 | bandpass=False | l_freq=0.5 | h_freq=75.0 | notch=60.0 | max_amp=300.0 | trim=0.0 | min_len_sec=0.0 | use_iir=True | normalize=True | window_size_sec=10.0 | overlap_sec=0.0 
2026-02-11 14:25:34,506 - INFO - Window shape: (23, 2560)
2026-02-11 14:25:38,121 - INFO - Finished processing file: /projects/EEG-foundation-model/CHB-MIT/chb23/chb23_09.edf | Extracted 1443 windows | label distribution: {0: 1419, 1: 24}
2026-02-11 14:25:38,124 - INFO - Preprocessing parameters : 
 resample_rate=256 | bandpass=False | l_freq=0.5 | h_freq=75.0 | notch=60.0 | max_amp=300.0 | trim=0.0 | min_len_sec=0.0 | use_iir=True | normalize=True | window_size_sec=10.0 | overlap_sec=0.0 
2026-02-11 14:25:39,555 - INFO - Window shape: (23, 2560)
2026-02-11 14:25:40,219 - INFO - Finished processing file: /projects/EEG-foundation-model/CHB-MIT/chb23/chb23_07.edf | Extracted 256 windows | label distribution: {0: 256}
2026-02-11 14:25:40,220 - INFO - Preprocessing parameters : 
 resample_rate=256 | bandpass=False | l_freq=0.5 | h_freq=75.0 | notch=60.0 | max_amp=300.0 | trim=0.0 | min_len_sec=0.0 | use_iir=True | normalize=True | window_size_sec=10.0 | overlap_sec=0.0 
2026-02-11 14:25:42,082 - INFO - Window shape: (23, 2560)
2026-02-11 14:25:43,015 - INFO - Finished processing file: /projects/EEG-foundation-model/CHB-MIT/chb02/chb02_18.edf | Extracted 360 windows | label distribution: {0: 360}
2026-02-11 14:25:43,016 - INFO - Preprocessing parameters : 
 resample_rate=256 | bandpass=False | l_freq=0.5 | h_freq=75.0 | notch=60.0 | max_amp=300.0 | trim=0.0 | min_len_sec=0.0 | use_iir=True | normalize=True | window_size_sec=10.0 | overlap_sec=0.0 
2026-02-11 14:25:43,540 - INFO - Window shape: (23, 2560)
2026-02-11 14:25:43,811 - INFO - Finished processing file: /projects/EEG-foundation-model/CHB-MIT/chb02/chb02_16.edf | Extracted 96 windows | label distribution: {0: 88, 1: 8}
2026-02-11 14:25:43,813 - INFO - Preprocessing parameters : 
 resample_rate=256 | bandpass=False | l_freq=0.5 | h_freq=75.0 | notch=60.0 | max_amp=300.0 | trim=0.0 | min_len_sec=0.0 | use_iir=True | normalize=True | window_size_sec=10.0 | overlap_sec=0.0 
2026-02-11 14:25:45,731 - INFO - Window shape: (23, 2560)
2026-02-11 14:25:46,660 - INFO - Finished processing file: /projects/EEG-foundation-model/CHB-MIT/chb02/chb02_11.edf | Extracted 360 windows | label distribution: {0: 360}
2026-02-11 14:25:46,661 - INFO - Preprocessing parameters : 
 resample_rate=256 | bandpass=False | l_freq=0.5 | h_freq=75.0 | notch=60.0 | max_amp=300.0 | trim=0.0 | min_len_sec=0.0 | use_iir=True | normalize=True | window_size_sec=10.0 | overlap_sec=0.0 
2026-02-11 14:25:48,554 - INFO - Window shape: (23, 2560)
2026-02-11 14:25:49,487 - INFO - Finished processing file: /projects/EEG-foundation-model/CHB-MIT/chb02/chb02_24.edf | Extracted 360 windows | label distribution: {0: 360}
2026-02-11 14:25:49,489 - INFO - Preprocessing parameters : 
 resample_rate=256 | bandpass=False | l_freq=0.5 | h_freq=75.0 | notch=60.0 | max_amp=300.0 | trim=0.0 | min_len_sec=0.0 | use_iir=True | normalize=True | window_size_sec=10.0 | overlap_sec=0.0 
2026-02-11 14:25:51,399 - INFO - Window shape: (23, 2560)
2026-02-11 14:25:52,332 - INFO - Finished processing file: /projects/EEG-foundation-model/CHB-MIT/chb02/chb02_23.edf | Extracted 360 windows | label distribution: {0: 360}
2026-02-11 14:25:52,334 - INFO - Preprocessing parameters : 
 resample_rate=256 | bandpass=False | l_freq=0.5 | h_freq=75.0 | notch=60.0 | max_amp=300.0 | trim=0.0 | min_len_sec=0.0 | use_iir=True | normalize=True | window_size_sec=10.0 | overlap_sec=0.0 
2026-02-11 14:25:54,180 - INFO - Window shape: (23, 2560)
2026-02-11 14:25:55,113 - INFO - Finished processing file: /projects/EEG-foundation-model/CHB-MIT/chb02/chb02_16+.edf | Extracted 360 windows | label distribution: {0: 352, 1: 8}
2026-02-11 14:25:55,114 - INFO - Preprocessing parameters : 
 resample_rate=256 | bandpass=False | l_freq=0.5 | h_freq=75.0 | notch=60.0 | max_amp=300.0 | trim=0.0 | min_len_sec=0.0 | use_iir=True | normalize=True | window_size_sec=10.0 | overlap_sec=0.0 
2026-02-11 14:25:57,002 - INFO - Window shape: (23, 2560)
2026-02-11 14:25:57,938 - INFO - Finished processing file: /projects/EEG-foundation-model/CHB-MIT/chb02/chb02_32.edf | Extracted 360 windows | label distribution: {0: 360}
2026-02-11 14:25:57,939 - INFO - File 51: /projects/EEG-foundation-model/CHB-MIT/chb02/chb02_32.edf | Subject ID: chb02 | Extracted 360 windows. Total windows so far: 24343
2026-02-11 14:25:57,940 - INFO - Preprocessing parameters : 
 resample_rate=256 | bandpass=False | l_freq=0.5 | h_freq=75.0 | notch=60.0 | max_amp=300.0 | trim=0.0 | min_len_sec=0.0 | use_iir=True | normalize=True | window_size_sec=10.0 | overlap_sec=0.0 
2026-02-11 14:25:59,875 - INFO - Window shape: (23, 2560)
2026-02-11 14:26:00,810 - INFO - Finished processing file: /projects/EEG-foundation-model/CHB-MIT/chb02/chb02_35.edf | Extracted 360 windows | label distribution: {0: 360}
2026-02-11 14:26:00,811 - INFO - Preprocessing parameters : 
 resample_rate=256 | bandpass=False | l_freq=0.5 | h_freq=75.0 | notch=60.0 | max_amp=300.0 | trim=0.0 | min_len_sec=0.0 | use_iir=True | normalize=True | window_size_sec=10.0 | overlap_sec=0.0 
2026-02-11 14:26:02,662 - INFO - Window shape: (23, 2560)
2026-02-11 14:26:03,611 - INFO - Finished processing file: /projects/EEG-foundation-model/CHB-MIT/chb02/chb02_07.edf | Extracted 360 windows | label distribution: {0: 360}
2026-02-11 14:26:03,613 - INFO - Preprocessing parameters : 
 resample_rate=256 | bandpass=False | l_freq=0.5 | h_freq=75.0 | notch=60.0 | max_amp=300.0 | trim=0.0 | min_len_sec=0.0 | use_iir=True | normalize=True | window_size_sec=10.0 | overlap_sec=0.0 
2026-02-11 14:26:05,519 - INFO - Window shape: (23, 2560)
2026-02-11 14:26:06,458 - INFO - Finished processing file: /projects/EEG-foundation-model/CHB-MIT/chb02/chb02_09.edf | Extracted 360 windows | label distribution: {0: 360}
2026-02-11 14:26:06,460 - INFO - Preprocessing parameters : 
 resample_rate=256 | bandpass=False | l_freq=0.5 | h_freq=75.0 | notch=60.0 | max_amp=300.0 | trim=0.0 | min_len_sec=0.0 | use_iir=True | normalize=True | window_size_sec=10.0 | overlap_sec=0.0 
2026-02-11 14:26:08,433 - INFO - Window shape: (23, 2560)
2026-02-11 14:26:09,366 - INFO - Finished processing file: /projects/EEG-foundation-model/CHB-MIT/chb02/chb02_22.edf | Extracted 360 windows | label distribution: {0: 360}
2026-02-11 14:26:09,368 - INFO - Preprocessing parameters : 
 resample_rate=256 | bandpass=False | l_freq=0.5 | h_freq=75.0 | notch=60.0 | max_amp=300.0 | trim=0.0 | min_len_sec=0.0 | use_iir=True | normalize=True | window_size_sec=10.0 | overlap_sec=0.0 
2026-02-11 14:26:11,264 - INFO - Window shape: (23, 2560)
2026-02-11 14:26:12,198 - INFO - Finished processing file: /projects/EEG-foundation-model/CHB-MIT/chb02/chb02_25.edf | Extracted 360 windows | label distribution: {0: 360}
2026-02-11 14:26:12,199 - INFO - Preprocessing parameters : 
 resample_rate=256 | bandpass=False | l_freq=0.5 | h_freq=75.0 | notch=60.0 | max_amp=300.0 | trim=0.0 | min_len_sec=0.0 | use_iir=True | normalize=True | window_size_sec=10.0 | overlap_sec=0.0 
2026-02-11 14:26:14,295 - INFO - Window shape: (23, 2560)
2026-02-11 14:26:15,235 - INFO - Finished processing file: /projects/EEG-foundation-model/CHB-MIT/chb02/chb02_10.edf | Extracted 360 windows | label distribution: {0: 360}
2026-02-11 14:26:15,236 - INFO - Preprocessing parameters : 
 resample_rate=256 | bandpass=False | l_freq=0.5 | h_freq=75.0 | notch=60.0 | max_amp=300.0 | trim=0.0 | min_len_sec=0.0 | use_iir=True | normalize=True | window_size_sec=10.0 | overlap_sec=0.0 
2026-02-11 14:26:17,116 - INFO - Window shape: (23, 2560)
2026-02-11 14:26:18,052 - INFO - Finished processing file: /projects/EEG-foundation-model/CHB-MIT/chb02/chb02_17.edf | Extracted 360 windows | label distribution: {0: 360}
2026-02-11 14:26:18,054 - INFO - Preprocessing parameters : 
 resample_rate=256 | bandpass=False | l_freq=0.5 | h_freq=75.0 | notch=60.0 | max_amp=300.0 | trim=0.0 | min_len_sec=0.0 | use_iir=True | normalize=True | window_size_sec=10.0 | overlap_sec=0.0 
2026-02-11 14:26:20,059 - INFO - Window shape: (23, 2560)
2026-02-11 14:26:20,993 - INFO - Finished processing file: /projects/EEG-foundation-model/CHB-MIT/chb02/chb02_19.edf | Extracted 360 windows | label distribution: {0: 359, 1: 1}
2026-02-11 14:26:20,995 - INFO - Preprocessing parameters : 
 resample_rate=256 | bandpass=False | l_freq=0.5 | h_freq=75.0 | notch=60.0 | max_amp=300.0 | trim=0.0 | min_len_sec=0.0 | use_iir=True | normalize=True | window_size_sec=10.0 | overlap_sec=0.0 
2026-02-11 14:26:23,076 - INFO - Window shape: (23, 2560)
2026-02-11 14:26:24,013 - INFO - Finished processing file: /projects/EEG-foundation-model/CHB-MIT/chb02/chb02_08.edf | Extracted 360 windows | label distribution: {0: 360}
2026-02-11 14:26:24,015 - INFO - Preprocessing parameters : 
 resample_rate=256 | bandpass=False | l_freq=0.5 | h_freq=75.0 | notch=60.0 | max_amp=300.0 | trim=0.0 | min_len_sec=0.0 | use_iir=True | normalize=True | window_size_sec=10.0 | overlap_sec=0.0 
2026-02-11 14:26:26,029 - INFO - Window shape: (23, 2560)
2026-02-11 14:26:26,967 - INFO - Finished processing file: /projects/EEG-foundation-model/CHB-MIT/chb02/chb02_06.edf | Extracted 360 windows | label distribution: {0: 360}
2026-02-11 14:26:26,968 - INFO - File 61: /projects/EEG-foundation-model/CHB-MIT/chb02/chb02_06.edf | Subject ID: chb02 | Extracted 360 windows. Total windows so far: 27943
2026-02-11 14:26:26,969 - INFO - Preprocessing parameters : 
 resample_rate=256 | bandpass=False | l_freq=0.5 | h_freq=75.0 | notch=60.0 | max_amp=300.0 | trim=0.0 | min_len_sec=0.0 | use_iir=True | normalize=True | window_size_sec=10.0 | overlap_sec=0.0 
2026-02-11 14:26:28,883 - INFO - Window shape: (23, 2560)
2026-02-11 14:26:29,821 - INFO - Finished processing file: /projects/EEG-foundation-model/CHB-MIT/chb02/chb02_01.edf | Extracted 360 windows | label distribution: {0: 360}
2026-02-11 14:26:29,823 - INFO - Preprocessing parameters : 
 resample_rate=256 | bandpass=False | l_freq=0.5 | h_freq=75.0 | notch=60.0 | max_amp=300.0 | trim=0.0 | min_len_sec=0.0 | use_iir=True | normalize=True | window_size_sec=10.0 | overlap_sec=0.0 
2026-02-11 14:26:31,727 - INFO - Window shape: (23, 2560)
2026-02-11 14:26:32,665 - INFO - Finished processing file: /projects/EEG-foundation-model/CHB-MIT/chb02/chb02_34.edf | Extracted 360 windows | label distribution: {0: 360}
2026-02-11 14:26:32,666 - INFO - Preprocessing parameters : 
 resample_rate=256 | bandpass=False | l_freq=0.5 | h_freq=75.0 | notch=60.0 | max_amp=300.0 | trim=0.0 | min_len_sec=0.0 | use_iir=True | normalize=True | window_size_sec=10.0 | overlap_sec=0.0 
2026-02-11 14:26:34,595 - INFO - Window shape: (23, 2560)
2026-02-11 14:26:35,532 - INFO - Finished processing file: /projects/EEG-foundation-model/CHB-MIT/chb02/chb02_33.edf | Extracted 360 windows | label distribution: {0: 360}
2026-02-11 14:26:35,534 - INFO - Preprocessing parameters : 
 resample_rate=256 | bandpass=False | l_freq=0.5 | h_freq=75.0 | notch=60.0 | max_amp=300.0 | trim=0.0 | min_len_sec=0.0 | use_iir=True | normalize=True | window_size_sec=10.0 | overlap_sec=0.0 
2026-02-11 14:26:37,506 - INFO - Window shape: (23, 2560)
2026-02-11 14:26:38,444 - INFO - Finished processing file: /projects/EEG-foundation-model/CHB-MIT/chb02/chb02_02.edf | Extracted 360 windows | label distribution: {0: 360}
2026-02-11 14:26:38,446 - INFO - Preprocessing parameters : 
 resample_rate=256 | bandpass=False | l_freq=0.5 | h_freq=75.0 | notch=60.0 | max_amp=300.0 | trim=0.0 | min_len_sec=0.0 | use_iir=True | normalize=True | window_size_sec=10.0 | overlap_sec=0.0 
2026-02-11 14:26:40,315 - INFO - Window shape: (23, 2560)
2026-02-11 14:26:41,250 - INFO - Finished processing file: /projects/EEG-foundation-model/CHB-MIT/chb02/chb02_05.edf | Extracted 360 windows | label distribution: {0: 360}
2026-02-11 14:26:41,252 - INFO - Preprocessing parameters : 
 resample_rate=256 | bandpass=False | l_freq=0.5 | h_freq=75.0 | notch=60.0 | max_amp=300.0 | trim=0.0 | min_len_sec=0.0 | use_iir=True | normalize=True | window_size_sec=10.0 | overlap_sec=0.0 
2026-02-11 14:26:43,115 - INFO - Window shape: (23, 2560)
2026-02-11 14:26:44,053 - INFO - Finished processing file: /projects/EEG-foundation-model/CHB-MIT/chb02/chb02_30.edf | Extracted 360 windows | label distribution: {0: 360}
2026-02-11 14:26:44,055 - INFO - Preprocessing parameters : 
 resample_rate=256 | bandpass=False | l_freq=0.5 | h_freq=75.0 | notch=60.0 | max_amp=300.0 | trim=0.0 | min_len_sec=0.0 | use_iir=True | normalize=True | window_size_sec=10.0 | overlap_sec=0.0 
2026-02-11 14:26:46,052 - INFO - Window shape: (23, 2560)
2026-02-11 14:26:46,999 - INFO - Finished processing file: /projects/EEG-foundation-model/CHB-MIT/chb02/chb02_28.edf | Extracted 360 windows | label distribution: {0: 360}
2026-02-11 14:26:47,001 - INFO - Preprocessing parameters : 
 resample_rate=256 | bandpass=False | l_freq=0.5 | h_freq=75.0 | notch=60.0 | max_amp=300.0 | trim=0.0 | min_len_sec=0.0 | use_iir=True | normalize=True | window_size_sec=10.0 | overlap_sec=0.0 
2026-02-11 14:26:48,916 - INFO - Window shape: (23, 2560)
2026-02-11 14:26:49,852 - INFO - Finished processing file: /projects/EEG-foundation-model/CHB-MIT/chb02/chb02_26.edf | Extracted 360 windows | label distribution: {0: 360}
2026-02-11 14:26:49,854 - INFO - Preprocessing parameters : 
 resample_rate=256 | bandpass=False | l_freq=0.5 | h_freq=75.0 | notch=60.0 | max_amp=300.0 | trim=0.0 | min_len_sec=0.0 | use_iir=True | normalize=True | window_size_sec=10.0 | overlap_sec=0.0 
2026-02-11 14:26:51,727 - INFO - Window shape: (23, 2560)
2026-02-11 14:26:52,664 - INFO - Finished processing file: /projects/EEG-foundation-model/CHB-MIT/chb02/chb02_21.edf | Extracted 360 windows | label distribution: {0: 360}
2026-02-11 14:26:52,666 - INFO - Preprocessing parameters : 
 resample_rate=256 | bandpass=False | l_freq=0.5 | h_freq=75.0 | notch=60.0 | max_amp=300.0 | trim=0.0 | min_len_sec=0.0 | use_iir=True | normalize=True | window_size_sec=10.0 | overlap_sec=0.0 
2026-02-11 14:26:54,572 - INFO - Window shape: (23, 2560)
2026-02-11 14:26:55,507 - INFO - Finished processing file: /projects/EEG-foundation-model/CHB-MIT/chb02/chb02_14.edf | Extracted 360 windows | label distribution: {0: 360}
2026-02-11 14:26:55,509 - INFO - File 71: /projects/EEG-foundation-model/CHB-MIT/chb02/chb02_14.edf | Subject ID: chb02 | Extracted 360 windows. Total windows so far: 31543
2026-02-11 14:26:55,509 - INFO - Preprocessing parameters : 
 resample_rate=256 | bandpass=False | l_freq=0.5 | h_freq=75.0 | notch=60.0 | max_amp=300.0 | trim=0.0 | min_len_sec=0.0 | use_iir=True | normalize=True | window_size_sec=10.0 | overlap_sec=0.0 
2026-02-11 14:26:57,516 - INFO - Window shape: (23, 2560)
2026-02-11 14:26:58,453 - INFO - Finished processing file: /projects/EEG-foundation-model/CHB-MIT/chb02/chb02_13.edf | Extracted 360 windows | label distribution: {0: 360}
2026-02-11 14:26:58,455 - INFO - Preprocessing parameters : 
 resample_rate=256 | bandpass=False | l_freq=0.5 | h_freq=75.0 | notch=60.0 | max_amp=300.0 | trim=0.0 | min_len_sec=0.0 | use_iir=True | normalize=True | window_size_sec=10.0 | overlap_sec=0.0 
2026-02-11 14:27:00,358 - INFO - Window shape: (23, 2560)
2026-02-11 14:27:01,295 - INFO - Finished processing file: /projects/EEG-foundation-model/CHB-MIT/chb02/chb02_31.edf | Extracted 360 windows | label distribution: {0: 360}
2026-02-11 14:27:01,296 - INFO - Preprocessing parameters : 
 resample_rate=256 | bandpass=False | l_freq=0.5 | h_freq=75.0 | notch=60.0 | max_amp=300.0 | trim=0.0 | min_len_sec=0.0 | use_iir=True | normalize=True | window_size_sec=10.0 | overlap_sec=0.0 
2026-02-11 14:27:03,400 - INFO - Window shape: (23, 2560)
2026-02-11 14:27:04,338 - INFO - Finished processing file: /projects/EEG-foundation-model/CHB-MIT/chb02/chb02_04.edf | Extracted 360 windows | label distribution: {0: 360}
2026-02-11 14:27:04,340 - INFO - Preprocessing parameters : 
 resample_rate=256 | bandpass=False | l_freq=0.5 | h_freq=75.0 | notch=60.0 | max_amp=300.0 | trim=0.0 | min_len_sec=0.0 | use_iir=True | normalize=True | window_size_sec=10.0 | overlap_sec=0.0 
2026-02-11 14:27:06,199 - INFO - Window shape: (23, 2560)
2026-02-11 14:27:07,135 - INFO - Finished processing file: /projects/EEG-foundation-model/CHB-MIT/chb02/chb02_03.edf | Extracted 360 windows | label distribution: {0: 360}
2026-02-11 14:27:07,136 - INFO - Preprocessing parameters : 
 resample_rate=256 | bandpass=False | l_freq=0.5 | h_freq=75.0 | notch=60.0 | max_amp=300.0 | trim=0.0 | min_len_sec=0.0 | use_iir=True | normalize=True | window_size_sec=10.0 | overlap_sec=0.0 
2026-02-11 14:27:09,051 - INFO - Window shape: (23, 2560)
2026-02-11 14:27:09,985 - INFO - Finished processing file: /projects/EEG-foundation-model/CHB-MIT/chb02/chb02_12.edf | Extracted 360 windows | label distribution: {0: 360}
2026-02-11 14:27:09,987 - INFO - Preprocessing parameters : 
 resample_rate=256 | bandpass=False | l_freq=0.5 | h_freq=75.0 | notch=60.0 | max_amp=300.0 | trim=0.0 | min_len_sec=0.0 | use_iir=True | normalize=True | window_size_sec=10.0 | overlap_sec=0.0 
2026-02-11 14:27:11,913 - INFO - Window shape: (23, 2560)
2026-02-11 14:27:12,848 - INFO - Finished processing file: /projects/EEG-foundation-model/CHB-MIT/chb02/chb02_15.edf | Extracted 360 windows | label distribution: {0: 360}
2026-02-11 14:27:12,850 - INFO - Preprocessing parameters : 
 resample_rate=256 | bandpass=False | l_freq=0.5 | h_freq=75.0 | notch=60.0 | max_amp=300.0 | trim=0.0 | min_len_sec=0.0 | use_iir=True | normalize=True | window_size_sec=10.0 | overlap_sec=0.0 
2026-02-11 14:27:14,739 - INFO - Window shape: (23, 2560)
2026-02-11 14:27:15,675 - INFO - Finished processing file: /projects/EEG-foundation-model/CHB-MIT/chb02/chb02_20.edf | Extracted 360 windows | label distribution: {0: 360}
2026-02-11 14:27:15,677 - INFO - Preprocessing parameters : 
 resample_rate=256 | bandpass=False | l_freq=0.5 | h_freq=75.0 | notch=60.0 | max_amp=300.0 | trim=0.0 | min_len_sec=0.0 | use_iir=True | normalize=True | window_size_sec=10.0 | overlap_sec=0.0 
2026-02-11 14:27:17,556 - INFO - Window shape: (23, 2560)
2026-02-11 14:27:18,492 - INFO - Finished processing file: /projects/EEG-foundation-model/CHB-MIT/chb02/chb02_27.edf | Extracted 360 windows | label distribution: {0: 360}
2026-02-11 14:27:18,494 - INFO - Preprocessing parameters : 
 resample_rate=256 | bandpass=False | l_freq=0.5 | h_freq=75.0 | notch=60.0 | max_amp=300.0 | trim=0.0 | min_len_sec=0.0 | use_iir=True | normalize=True | window_size_sec=10.0 | overlap_sec=0.0 
2026-02-11 14:27:20,517 - INFO - Window shape: (23, 2560)
2026-02-11 14:27:21,452 - INFO - Finished processing file: /projects/EEG-foundation-model/CHB-MIT/chb02/chb02_29.edf | Extracted 360 windows | label distribution: {0: 360}
2026-02-11 14:27:21,454 - INFO - Preprocessing parameters : 
 resample_rate=256 | bandpass=False | l_freq=0.5 | h_freq=75.0 | notch=60.0 | max_amp=300.0 | trim=0.0 | min_len_sec=0.0 | use_iir=True | normalize=True | window_size_sec=10.0 | overlap_sec=0.0 
2026-02-11 14:27:23,346 - INFO - Window shape: (23, 2560)
2026-02-11 14:27:24,281 - INFO - Finished processing file: /projects/EEG-foundation-model/CHB-MIT/chb08/chb08_17.edf | Extracted 360 windows | label distribution: {0: 360}
2026-02-11 14:27:24,282 - INFO - File 81: /projects/EEG-foundation-model/CHB-MIT/chb08/chb08_17.edf | Subject ID: chb08 | Extracted 360 windows. Total windows so far: 35143
2026-02-11 14:27:24,283 - INFO - Preprocessing parameters : 
 resample_rate=256 | bandpass=False | l_freq=0.5 | h_freq=75.0 | notch=60.0 | max_amp=300.0 | trim=0.0 | min_len_sec=0.0 | use_iir=True | normalize=True | window_size_sec=10.0 | overlap_sec=0.0 
2026-02-11 14:27:26,176 - INFO - Window shape: (23, 2560)
2026-02-11 14:27:27,115 - INFO - Finished processing file: /projects/EEG-foundation-model/CHB-MIT/chb08/chb08_10.edf | Extracted 360 windows | label distribution: {0: 360}
2026-02-11 14:27:27,116 - INFO - Preprocessing parameters : 
 resample_rate=256 | bandpass=False | l_freq=0.5 | h_freq=75.0 | notch=60.0 | max_amp=300.0 | trim=0.0 | min_len_sec=0.0 | use_iir=True | normalize=True | window_size_sec=10.0 | overlap_sec=0.0 
2026-02-11 14:27:29,044 - INFO - Window shape: (23, 2560)
2026-02-11 14:27:29,982 - INFO - Finished processing file: /projects/EEG-foundation-model/CHB-MIT/chb08/chb08_19.edf | Extracted 360 windows | label distribution: {0: 360}
2026-02-11 14:27:29,984 - INFO - Preprocessing parameters : 
 resample_rate=256 | bandpass=False | l_freq=0.5 | h_freq=75.0 | notch=60.0 | max_amp=300.0 | trim=0.0 | min_len_sec=0.0 | use_iir=True | normalize=True | window_size_sec=10.0 | overlap_sec=0.0 
2026-02-11 14:27:31,981 - INFO - Window shape: (23, 2560)
2026-02-11 14:27:32,917 - INFO - Finished processing file: /projects/EEG-foundation-model/CHB-MIT/chb08/chb08_22.edf | Extracted 360 windows | label distribution: {0: 360}
2026-02-11 14:27:32,919 - INFO - Preprocessing parameters : 
 resample_rate=256 | bandpass=False | l_freq=0.5 | h_freq=75.0 | notch=60.0 | max_amp=300.0 | trim=0.0 | min_len_sec=0.0 | use_iir=True | normalize=True | window_size_sec=10.0 | overlap_sec=0.0 
2026-02-11 14:27:34,772 - INFO - Window shape: (23, 2560)
2026-02-11 14:27:35,709 - INFO - Finished processing file: /projects/EEG-foundation-model/CHB-MIT/chb08/chb08_23.edf | Extracted 360 windows | label distribution: {0: 360}
2026-02-11 14:27:35,710 - INFO - Preprocessing parameters : 
 resample_rate=256 | bandpass=False | l_freq=0.5 | h_freq=75.0 | notch=60.0 | max_amp=300.0 | trim=0.0 | min_len_sec=0.0 | use_iir=True | normalize=True | window_size_sec=10.0 | overlap_sec=0.0 
2026-02-11 14:27:37,591 - INFO - Window shape: (23, 2560)
2026-02-11 14:27:38,527 - INFO - Finished processing file: /projects/EEG-foundation-model/CHB-MIT/chb08/chb08_24.edf | Extracted 360 windows | label distribution: {0: 360}
2026-02-11 14:27:38,529 - INFO - Preprocessing parameters : 
 resample_rate=256 | bandpass=False | l_freq=0.5 | h_freq=75.0 | notch=60.0 | max_amp=300.0 | trim=0.0 | min_len_sec=0.0 | use_iir=True | normalize=True | window_size_sec=10.0 | overlap_sec=0.0 
2026-02-11 14:27:40,417 - INFO - Window shape: (23, 2560)
2026-02-11 14:27:41,352 - INFO - Finished processing file: /projects/EEG-foundation-model/CHB-MIT/chb08/chb08_18.edf | Extracted 360 windows | label distribution: {0: 360}
2026-02-11 14:27:41,354 - INFO - Preprocessing parameters : 
 resample_rate=256 | bandpass=False | l_freq=0.5 | h_freq=75.0 | notch=60.0 | max_amp=300.0 | trim=0.0 | min_len_sec=0.0 | use_iir=True | normalize=True | window_size_sec=10.0 | overlap_sec=0.0 
2026-02-11 14:27:43,233 - INFO - Window shape: (23, 2560)
2026-02-11 14:27:44,170 - INFO - Finished processing file: /projects/EEG-foundation-model/CHB-MIT/chb08/chb08_11.edf | Extracted 360 windows | label distribution: {0: 347, 1: 13}
2026-02-11 14:27:44,171 - INFO - Preprocessing parameters : 
 resample_rate=256 | bandpass=False | l_freq=0.5 | h_freq=75.0 | notch=60.0 | max_amp=300.0 | trim=0.0 | min_len_sec=0.0 | use_iir=True | normalize=True | window_size_sec=10.0 | overlap_sec=0.0 
2026-02-11 14:27:46,057 - INFO - Window shape: (23, 2560)
2026-02-11 14:27:46,994 - INFO - Finished processing file: /projects/EEG-foundation-model/CHB-MIT/chb08/chb08_16.edf | Extracted 360 windows | label distribution: {0: 360}
2026-02-11 14:27:46,996 - INFO - Preprocessing parameters : 
 resample_rate=256 | bandpass=False | l_freq=0.5 | h_freq=75.0 | notch=60.0 | max_amp=300.0 | trim=0.0 | min_len_sec=0.0 | use_iir=True | normalize=True | window_size_sec=10.0 | overlap_sec=0.0 
2026-02-11 14:27:48,954 - INFO - Window shape: (23, 2560)
2026-02-11 14:27:49,889 - INFO - Finished processing file: /projects/EEG-foundation-model/CHB-MIT/chb08/chb08_03.edf | Extracted 360 windows | label distribution: {0: 360}
2026-02-11 14:27:49,891 - INFO - Preprocessing parameters : 
 resample_rate=256 | bandpass=False | l_freq=0.5 | h_freq=75.0 | notch=60.0 | max_amp=300.0 | trim=0.0 | min_len_sec=0.0 | use_iir=True | normalize=True | window_size_sec=10.0 | overlap_sec=0.0 
2026-02-11 14:27:51,792 - INFO - Window shape: (23, 2560)
2026-02-11 14:27:52,710 - INFO - Finished processing file: /projects/EEG-foundation-model/CHB-MIT/chb08/chb08_04.edf | Extracted 360 windows | label distribution: {0: 360}
2026-02-11 14:27:52,711 - INFO - File 91: /projects/EEG-foundation-model/CHB-MIT/chb08/chb08_04.edf | Subject ID: chb08 | Extracted 360 windows. Total windows so far: 38743
2026-02-11 14:27:52,712 - INFO - Preprocessing parameters : 
 resample_rate=256 | bandpass=False | l_freq=0.5 | h_freq=75.0 | notch=60.0 | max_amp=300.0 | trim=0.0 | min_len_sec=0.0 | use_iir=True | normalize=True | window_size_sec=10.0 | overlap_sec=0.0 
2026-02-11 14:27:54,614 - INFO - Window shape: (23, 2560)
2026-02-11 14:27:55,559 - INFO - Finished processing file: /projects/EEG-foundation-model/CHB-MIT/chb08/chb08_20.edf | Extracted 360 windows | label distribution: {0: 360}
2026-02-11 14:27:55,561 - INFO - Preprocessing parameters : 
 resample_rate=256 | bandpass=False | l_freq=0.5 | h_freq=75.0 | notch=60.0 | max_amp=300.0 | trim=0.0 | min_len_sec=0.0 | use_iir=True | normalize=True | window_size_sec=10.0 | overlap_sec=0.0 
2026-02-11 14:27:57,437 - INFO - Window shape: (23, 2560)
2026-02-11 14:27:58,379 - INFO - Finished processing file: /projects/EEG-foundation-model/CHB-MIT/chb08/chb08_29.edf | Extracted 362 windows | label distribution: {0: 362}
2026-02-11 14:27:58,381 - INFO - Preprocessing parameters : 
 resample_rate=256 | bandpass=False | l_freq=0.5 | h_freq=75.0 | notch=60.0 | max_amp=300.0 | trim=0.0 | min_len_sec=0.0 | use_iir=True | normalize=True | window_size_sec=10.0 | overlap_sec=0.0 
2026-02-11 14:28:00,246 - INFO - Window shape: (23, 2560)
2026-02-11 14:28:01,183 - INFO - Finished processing file: /projects/EEG-foundation-model/CHB-MIT/chb08/chb08_15.edf | Extracted 360 windows | label distribution: {0: 360}
2026-02-11 14:28:01,184 - INFO - Preprocessing parameters : 
 resample_rate=256 | bandpass=False | l_freq=0.5 | h_freq=75.0 | notch=60.0 | max_amp=300.0 | trim=0.0 | min_len_sec=0.0 | use_iir=True | normalize=True | window_size_sec=10.0 | overlap_sec=0.0 
2026-02-11 14:28:03,081 - INFO - Window shape: (23, 2560)
2026-02-11 14:28:04,051 - INFO - Finished processing file: /projects/EEG-foundation-model/CHB-MIT/chb08/chb08_12.edf | Extracted 360 windows | label distribution: {0: 360}
2026-02-11 14:28:04,053 - INFO - Preprocessing parameters : 
 resample_rate=256 | bandpass=False | l_freq=0.5 | h_freq=75.0 | notch=60.0 | max_amp=300.0 | trim=0.0 | min_len_sec=0.0 | use_iir=True | normalize=True | window_size_sec=10.0 | overlap_sec=0.0 
2026-02-11 14:28:06,031 - INFO - Window shape: (23, 2560)
2026-02-11 14:28:06,967 - INFO - Finished processing file: /projects/EEG-foundation-model/CHB-MIT/chb08/chb08_05.edf | Extracted 360 windows | label distribution: {0: 341, 1: 19}
2026-02-11 14:28:06,969 - INFO - Preprocessing parameters : 
 resample_rate=256 | bandpass=False | l_freq=0.5 | h_freq=75.0 | notch=60.0 | max_amp=300.0 | trim=0.0 | min_len_sec=0.0 | use_iir=True | normalize=True | window_size_sec=10.0 | overlap_sec=0.0 
2026-02-11 14:28:08,935 - INFO - Window shape: (23, 2560)
2026-02-11 14:28:09,871 - INFO - Finished processing file: /projects/EEG-foundation-model/CHB-MIT/chb08/chb08_02.edf | Extracted 360 windows | label distribution: {0: 343, 1: 17}
2026-02-11 14:28:09,873 - INFO - Preprocessing parameters : 
 resample_rate=256 | bandpass=False | l_freq=0.5 | h_freq=75.0 | notch=60.0 | max_amp=300.0 | trim=0.0 | min_len_sec=0.0 | use_iir=True | normalize=True | window_size_sec=10.0 | overlap_sec=0.0 
2026-02-11 14:28:11,857 - INFO - Window shape: (23, 2560)
2026-02-11 14:28:12,794 - INFO - Finished processing file: /projects/EEG-foundation-model/CHB-MIT/chb08/chb08_13.edf | Extracted 360 windows | label distribution: {0: 344, 1: 16}
2026-02-11 14:28:12,795 - INFO - Preprocessing parameters : 
 resample_rate=256 | bandpass=False | l_freq=0.5 | h_freq=75.0 | notch=60.0 | max_amp=300.0 | trim=0.0 | min_len_sec=0.0 | use_iir=True | normalize=True | window_size_sec=10.0 | overlap_sec=0.0 
2026-02-11 14:28:14,891 - INFO - Window shape: (23, 2560)
2026-02-11 14:28:15,829 - INFO - Finished processing file: /projects/EEG-foundation-model/CHB-MIT/chb08/chb08_14.edf | Extracted 360 windows | label distribution: {0: 360}
2026-02-11 14:28:15,831 - INFO - Preprocessing parameters : 
 resample_rate=256 | bandpass=False | l_freq=0.5 | h_freq=75.0 | notch=60.0 | max_amp=300.0 | trim=0.0 | min_len_sec=0.0 | use_iir=True | normalize=True | window_size_sec=10.0 | overlap_sec=0.0 
2026-02-11 14:28:17,702 - INFO - Window shape: (23, 2560)
2026-02-11 14:28:18,636 - INFO - Finished processing file: /projects/EEG-foundation-model/CHB-MIT/chb08/chb08_21.edf | Extracted 359 windows | label distribution: {0: 333, 1: 26}
2026-02-11 14:28:18,637 - INFO - Preprocessing parameters : 
 resample_rate=256 | bandpass=False | l_freq=0.5 | h_freq=75.0 | notch=60.0 | max_amp=300.0 | trim=0.0 | min_len_sec=0.0 | use_iir=True | normalize=True | window_size_sec=10.0 | overlap_sec=0.0 
2026-02-11 14:28:20,553 - INFO - Window shape: (23, 2560)
2026-02-11 14:28:21,488 - INFO - Finished processing file: /projects/EEG-foundation-model/CHB-MIT/chb05/chb05_07.edf | Extracted 360 windows | label distribution: {0: 360}
2026-02-11 14:28:21,490 - INFO - File 101: /projects/EEG-foundation-model/CHB-MIT/chb05/chb05_07.edf | Subject ID: chb05 | Extracted 360 windows. Total windows so far: 42344
2026-02-11 14:28:21,491 - INFO - Preprocessing parameters : 
 resample_rate=256 | bandpass=False | l_freq=0.5 | h_freq=75.0 | notch=60.0 | max_amp=300.0 | trim=0.0 | min_len_sec=0.0 | use_iir=True | normalize=True | window_size_sec=10.0 | overlap_sec=0.0 
2026-02-11 14:28:23,463 - INFO - Window shape: (23, 2560)
2026-02-11 14:28:24,398 - INFO - Finished processing file: /projects/EEG-foundation-model/CHB-MIT/chb05/chb05_09.edf | Extracted 360 windows | label distribution: {0: 360}
2026-02-11 14:28:24,400 - INFO - Preprocessing parameters : 
 resample_rate=256 | bandpass=False | l_freq=0.5 | h_freq=75.0 | notch=60.0 | max_amp=300.0 | trim=0.0 | min_len_sec=0.0 | use_iir=True | normalize=True | window_size_sec=10.0 | overlap_sec=0.0 
2026-02-11 14:28:26,256 - INFO - Window shape: (23, 2560)
2026-02-11 14:28:27,194 - INFO - Finished processing file: /projects/EEG-foundation-model/CHB-MIT/chb05/chb05_32.edf | Extracted 360 windows | label distribution: {0: 360}
2026-02-11 14:28:27,195 - INFO - Preprocessing parameters : 
 resample_rate=256 | bandpass=False | l_freq=0.5 | h_freq=75.0 | notch=60.0 | max_amp=300.0 | trim=0.0 | min_len_sec=0.0 | use_iir=True | normalize=True | window_size_sec=10.0 | overlap_sec=0.0 
2026-02-11 14:28:29,065 - INFO - Window shape: (23, 2560)
2026-02-11 14:28:30,000 - INFO - Finished processing file: /projects/EEG-foundation-model/CHB-MIT/chb05/chb05_35.edf | Extracted 360 windows | label distribution: {0: 360}
2026-02-11 14:28:30,002 - INFO - Preprocessing parameters : 
 resample_rate=256 | bandpass=False | l_freq=0.5 | h_freq=75.0 | notch=60.0 | max_amp=300.0 | trim=0.0 | min_len_sec=0.0 | use_iir=True | normalize=True | window_size_sec=10.0 | overlap_sec=0.0 
2026-02-11 14:28:32,010 - INFO - Window shape: (23, 2560)
2026-02-11 14:28:32,947 - INFO - Finished processing file: /projects/EEG-foundation-model/CHB-MIT/chb05/chb05_24.edf | Extracted 360 windows | label distribution: {0: 360}
2026-02-11 14:28:32,949 - INFO - Preprocessing parameters : 
 resample_rate=256 | bandpass=False | l_freq=0.5 | h_freq=75.0 | notch=60.0 | max_amp=300.0 | trim=0.0 | min_len_sec=0.0 | use_iir=True | normalize=True | window_size_sec=10.0 | overlap_sec=0.0 
2026-02-11 14:28:34,803 - INFO - Window shape: (23, 2560)
2026-02-11 14:28:35,739 - INFO - Finished processing file: /projects/EEG-foundation-model/CHB-MIT/chb05/chb05_23.edf | Extracted 360 windows | label distribution: {0: 360}
2026-02-11 14:28:35,741 - INFO - Preprocessing parameters : 
 resample_rate=256 | bandpass=False | l_freq=0.5 | h_freq=75.0 | notch=60.0 | max_amp=300.0 | trim=0.0 | min_len_sec=0.0 | use_iir=True | normalize=True | window_size_sec=10.0 | overlap_sec=0.0 
2026-02-11 14:28:37,638 - INFO - Window shape: (23, 2560)
2026-02-11 14:28:38,575 - INFO - Finished processing file: /projects/EEG-foundation-model/CHB-MIT/chb05/chb05_18.edf | Extracted 360 windows | label distribution: {0: 360}
2026-02-11 14:28:38,576 - INFO - Preprocessing parameters : 
 resample_rate=256 | bandpass=False | l_freq=0.5 | h_freq=75.0 | notch=60.0 | max_amp=300.0 | trim=0.0 | min_len_sec=0.0 | use_iir=True | normalize=True | window_size_sec=10.0 | overlap_sec=0.0 
2026-02-11 14:28:40,566 - INFO - Window shape: (23, 2560)
2026-02-11 14:28:41,499 - INFO - Finished processing file: /projects/EEG-foundation-model/CHB-MIT/chb05/chb05_16.edf | Extracted 361 windows | label distribution: {0: 351, 1: 10}
2026-02-11 14:28:41,501 - INFO - Preprocessing parameters : 
 resample_rate=256 | bandpass=False | l_freq=0.5 | h_freq=75.0 | notch=60.0 | max_amp=300.0 | trim=0.0 | min_len_sec=0.0 | use_iir=True | normalize=True | window_size_sec=10.0 | overlap_sec=0.0 
2026-02-11 14:28:43,483 - INFO - Window shape: (23, 2560)
2026-02-11 14:28:44,418 - INFO - Finished processing file: /projects/EEG-foundation-model/CHB-MIT/chb05/chb05_11.edf | Extracted 360 windows | label distribution: {0: 360}
2026-02-11 14:28:44,420 - INFO - Preprocessing parameters : 
 resample_rate=256 | bandpass=False | l_freq=0.5 | h_freq=75.0 | notch=60.0 | max_amp=300.0 | trim=0.0 | min_len_sec=0.0 | use_iir=True | normalize=True | window_size_sec=10.0 | overlap_sec=0.0 
2026-02-11 14:28:46,330 - INFO - Window shape: (23, 2560)
2026-02-11 14:28:47,267 - INFO - Finished processing file: /projects/EEG-foundation-model/CHB-MIT/chb05/chb05_34.edf | Extracted 360 windows | label distribution: {0: 360}
2026-02-11 14:28:47,269 - INFO - Preprocessing parameters : 
 resample_rate=256 | bandpass=False | l_freq=0.5 | h_freq=75.0 | notch=60.0 | max_amp=300.0 | trim=0.0 | min_len_sec=0.0 | use_iir=True | normalize=True | window_size_sec=10.0 | overlap_sec=0.0 
2026-02-11 14:28:49,108 - INFO - Window shape: (23, 2560)
2026-02-11 14:28:50,040 - INFO - Finished processing file: /projects/EEG-foundation-model/CHB-MIT/chb05/chb05_33.edf | Extracted 360 windows | label distribution: {0: 360}
2026-02-11 14:28:50,041 - INFO - File 111: /projects/EEG-foundation-model/CHB-MIT/chb05/chb05_33.edf | Subject ID: chb05 | Extracted 360 windows. Total windows so far: 45945
2026-02-11 14:28:50,042 - INFO - Preprocessing parameters : 
 resample_rate=256 | bandpass=False | l_freq=0.5 | h_freq=75.0 | notch=60.0 | max_amp=300.0 | trim=0.0 | min_len_sec=0.0 | use_iir=True | normalize=True | window_size_sec=10.0 | overlap_sec=0.0 
2026-02-11 14:28:52,158 - INFO - Window shape: (23, 2560)
2026-02-11 14:28:53,116 - INFO - Finished processing file: /projects/EEG-foundation-model/CHB-MIT/chb05/chb05_08.edf | Extracted 360 windows | label distribution: {0: 360}
2026-02-11 14:28:53,118 - INFO - Preprocessing parameters : 
 resample_rate=256 | bandpass=False | l_freq=0.5 | h_freq=75.0 | notch=60.0 | max_amp=300.0 | trim=0.0 | min_len_sec=0.0 | use_iir=True | normalize=True | window_size_sec=10.0 | overlap_sec=0.0 
2026-02-11 14:28:55,042 - INFO - Window shape: (23, 2560)
2026-02-11 14:28:55,981 - INFO - Finished processing file: /projects/EEG-foundation-model/CHB-MIT/chb05/chb05_06.edf | Extracted 361 windows | label distribution: {0: 349, 1: 12}
2026-02-11 14:28:55,983 - INFO - Preprocessing parameters : 
 resample_rate=256 | bandpass=False | l_freq=0.5 | h_freq=75.0 | notch=60.0 | max_amp=300.0 | trim=0.0 | min_len_sec=0.0 | use_iir=True | normalize=True | window_size_sec=10.0 | overlap_sec=0.0 
2026-02-11 14:28:57,846 - INFO - Window shape: (23, 2560)
2026-02-11 14:28:58,785 - INFO - Finished processing file: /projects/EEG-foundation-model/CHB-MIT/chb05/chb05_01.edf | Extracted 361 windows | label distribution: {0: 361}
2026-02-11 14:28:58,786 - INFO - Preprocessing parameters : 
 resample_rate=256 | bandpass=False | l_freq=0.5 | h_freq=75.0 | notch=60.0 | max_amp=300.0 | trim=0.0 | min_len_sec=0.0 | use_iir=True | normalize=True | window_size_sec=10.0 | overlap_sec=0.0 
2026-02-11 14:29:00,633 - INFO - Window shape: (23, 2560)
2026-02-11 14:29:01,569 - INFO - Finished processing file: /projects/EEG-foundation-model/CHB-MIT/chb05/chb05_10.edf | Extracted 360 windows | label distribution: {0: 360}
2026-02-11 14:29:01,570 - INFO - Preprocessing parameters : 
 resample_rate=256 | bandpass=False | l_freq=0.5 | h_freq=75.0 | notch=60.0 | max_amp=300.0 | trim=0.0 | min_len_sec=0.0 | use_iir=True | normalize=True | window_size_sec=10.0 | overlap_sec=0.0 
2026-02-11 14:29:03,430 - INFO - Window shape: (23, 2560)
2026-02-11 14:29:04,366 - INFO - Finished processing file: /projects/EEG-foundation-model/CHB-MIT/chb05/chb05_17.edf | Extracted 360 windows | label distribution: {0: 348, 1: 12}
2026-02-11 14:29:04,368 - INFO - Preprocessing parameters : 
 resample_rate=256 | bandpass=False | l_freq=0.5 | h_freq=75.0 | notch=60.0 | max_amp=300.0 | trim=0.0 | min_len_sec=0.0 | use_iir=True | normalize=True | window_size_sec=10.0 | overlap_sec=0.0 
2026-02-11 14:29:06,235 - INFO - Window shape: (23, 2560)
2026-02-11 14:29:07,172 - INFO - Finished processing file: /projects/EEG-foundation-model/CHB-MIT/chb05/chb05_19.edf | Extracted 360 windows | label distribution: {0: 360}
2026-02-11 14:29:07,173 - INFO - Preprocessing parameters : 
 resample_rate=256 | bandpass=False | l_freq=0.5 | h_freq=75.0 | notch=60.0 | max_amp=300.0 | trim=0.0 | min_len_sec=0.0 | use_iir=True | normalize=True | window_size_sec=10.0 | overlap_sec=0.0 
2026-02-11 14:29:09,325 - INFO - Window shape: (23, 2560)
2026-02-11 14:29:10,262 - INFO - Finished processing file: /projects/EEG-foundation-model/CHB-MIT/chb05/chb05_22.edf | Extracted 360 windows | label distribution: {0: 348, 1: 12}
2026-02-11 14:29:10,264 - INFO - Preprocessing parameters : 
 resample_rate=256 | bandpass=False | l_freq=0.5 | h_freq=75.0 | notch=60.0 | max_amp=300.0 | trim=0.0 | min_len_sec=0.0 | use_iir=True | normalize=True | window_size_sec=10.0 | overlap_sec=0.0 
2026-02-11 14:29:12,275 - INFO - Window shape: (23, 2560)
2026-02-11 14:29:13,225 - INFO - Finished processing file: /projects/EEG-foundation-model/CHB-MIT/chb05/chb05_25.edf | Extracted 360 windows | label distribution: {0: 360}
2026-02-11 14:29:13,228 - INFO - Preprocessing parameters : 
 resample_rate=256 | bandpass=False | l_freq=0.5 | h_freq=75.0 | notch=60.0 | max_amp=300.0 | trim=0.0 | min_len_sec=0.0 | use_iir=True | normalize=True | window_size_sec=10.0 | overlap_sec=0.0 
2026-02-11 14:29:15,098 - INFO - Window shape: (23, 2560)
2026-02-11 14:29:16,036 - INFO - Finished processing file: /projects/EEG-foundation-model/CHB-MIT/chb05/chb05_14.edf | Extracted 360 windows | label distribution: {0: 360}
2026-02-11 14:29:16,038 - INFO - Preprocessing parameters : 
 resample_rate=256 | bandpass=False | l_freq=0.5 | h_freq=75.0 | notch=60.0 | max_amp=300.0 | trim=0.0 | min_len_sec=0.0 | use_iir=True | normalize=True | window_size_sec=10.0 | overlap_sec=0.0 
2026-02-11 14:29:17,919 - INFO - Window shape: (23, 2560)
2026-02-11 14:29:18,855 - INFO - Finished processing file: /projects/EEG-foundation-model/CHB-MIT/chb05/chb05_13.edf | Extracted 360 windows | label distribution: {0: 349, 1: 11}
2026-02-11 14:29:18,857 - INFO - File 121: /projects/EEG-foundation-model/CHB-MIT/chb05/chb05_13.edf | Subject ID: chb05 | Extracted 360 windows. Total windows so far: 49547
2026-02-11 14:29:18,857 - INFO - Preprocessing parameters : 
 resample_rate=256 | bandpass=False | l_freq=0.5 | h_freq=75.0 | notch=60.0 | max_amp=300.0 | trim=0.0 | min_len_sec=0.0 | use_iir=True | normalize=True | window_size_sec=10.0 | overlap_sec=0.0 
2026-02-11 14:29:20,729 - INFO - Window shape: (23, 2560)
2026-02-11 14:29:21,665 - INFO - Finished processing file: /projects/EEG-foundation-model/CHB-MIT/chb05/chb05_28.edf | Extracted 360 windows | label distribution: {0: 360}
2026-02-11 14:29:21,666 - INFO - Preprocessing parameters : 
 resample_rate=256 | bandpass=False | l_freq=0.5 | h_freq=75.0 | notch=60.0 | max_amp=300.0 | trim=0.0 | min_len_sec=0.0 | use_iir=True | normalize=True | window_size_sec=10.0 | overlap_sec=0.0 
2026-02-11 14:29:23,791 - INFO - Window shape: (23, 2560)
2026-02-11 14:29:24,735 - INFO - Finished processing file: /projects/EEG-foundation-model/CHB-MIT/chb05/chb05_26.edf | Extracted 360 windows | label distribution: {0: 360}
2026-02-11 14:29:24,737 - INFO - Preprocessing parameters : 
 resample_rate=256 | bandpass=False | l_freq=0.5 | h_freq=75.0 | notch=60.0 | max_amp=300.0 | trim=0.0 | min_len_sec=0.0 | use_iir=True | normalize=True | window_size_sec=10.0 | overlap_sec=0.0 
2026-02-11 14:29:26,598 - INFO - Window shape: (23, 2560)
2026-02-11 14:29:27,535 - INFO - Finished processing file: /projects/EEG-foundation-model/CHB-MIT/chb05/chb05_21.edf | Extracted 360 windows | label distribution: {0: 360}
2026-02-11 14:29:27,537 - INFO - Preprocessing parameters : 
 resample_rate=256 | bandpass=False | l_freq=0.5 | h_freq=75.0 | notch=60.0 | max_amp=300.0 | trim=0.0 | min_len_sec=0.0 | use_iir=True | normalize=True | window_size_sec=10.0 | overlap_sec=0.0 
2026-02-11 14:29:29,405 - INFO - Window shape: (23, 2560)
2026-02-11 14:29:30,341 - INFO - Finished processing file: /projects/EEG-foundation-model/CHB-MIT/chb05/chb05_30.edf | Extracted 360 windows | label distribution: {0: 360}
2026-02-11 14:29:30,343 - INFO - Preprocessing parameters : 
 resample_rate=256 | bandpass=False | l_freq=0.5 | h_freq=75.0 | notch=60.0 | max_amp=300.0 | trim=0.0 | min_len_sec=0.0 | use_iir=True | normalize=True | window_size_sec=10.0 | overlap_sec=0.0 
2026-02-11 14:29:32,200 - INFO - Window shape: (23, 2560)
2026-02-11 14:29:33,149 - INFO - Finished processing file: /projects/EEG-foundation-model/CHB-MIT/chb05/chb05_37.edf | Extracted 360 windows | label distribution: {0: 360}
2026-02-11 14:29:33,151 - INFO - Preprocessing parameters : 
 resample_rate=256 | bandpass=False | l_freq=0.5 | h_freq=75.0 | notch=60.0 | max_amp=300.0 | trim=0.0 | min_len_sec=0.0 | use_iir=True | normalize=True | window_size_sec=10.0 | overlap_sec=0.0 
2026-02-11 14:29:35,040 - INFO - Window shape: (23, 2560)
2026-02-11 14:29:35,973 - INFO - Finished processing file: /projects/EEG-foundation-model/CHB-MIT/chb05/chb05_39.edf | Extracted 360 windows | label distribution: {0: 360}
2026-02-11 14:29:35,975 - INFO - Preprocessing parameters : 
 resample_rate=256 | bandpass=False | l_freq=0.5 | h_freq=75.0 | notch=60.0 | max_amp=300.0 | trim=0.0 | min_len_sec=0.0 | use_iir=True | normalize=True | window_size_sec=10.0 | overlap_sec=0.0 
2026-02-11 14:29:37,856 - INFO - Window shape: (23, 2560)
2026-02-11 14:29:38,794 - INFO - Finished processing file: /projects/EEG-foundation-model/CHB-MIT/chb05/chb05_02.edf | Extracted 360 windows | label distribution: {0: 360}
2026-02-11 14:29:38,796 - INFO - Preprocessing parameters : 
 resample_rate=256 | bandpass=False | l_freq=0.5 | h_freq=75.0 | notch=60.0 | max_amp=300.0 | trim=0.0 | min_len_sec=0.0 | use_iir=True | normalize=True | window_size_sec=10.0 | overlap_sec=0.0 
2026-02-11 14:29:40,625 - INFO - Window shape: (23, 2560)
2026-02-11 14:29:41,561 - INFO - Finished processing file: /projects/EEG-foundation-model/CHB-MIT/chb05/chb05_05.edf | Extracted 360 windows | label distribution: {0: 360}
2026-02-11 14:29:41,563 - INFO - Preprocessing parameters : 
 resample_rate=256 | bandpass=False | l_freq=0.5 | h_freq=75.0 | notch=60.0 | max_amp=300.0 | trim=0.0 | min_len_sec=0.0 | use_iir=True | normalize=True | window_size_sec=10.0 | overlap_sec=0.0 
2026-02-11 14:29:43,467 - INFO - Window shape: (23, 2560)
2026-02-11 14:29:44,402 - INFO - Finished processing file: /projects/EEG-foundation-model/CHB-MIT/chb05/chb05_20.edf | Extracted 360 windows | label distribution: {0: 360}
2026-02-11 14:29:44,404 - INFO - Preprocessing parameters : 
 resample_rate=256 | bandpass=False | l_freq=0.5 | h_freq=75.0 | notch=60.0 | max_amp=300.0 | trim=0.0 | min_len_sec=0.0 | use_iir=True | normalize=True | window_size_sec=10.0 | overlap_sec=0.0 
2026-02-11 14:29:46,270 - INFO - Window shape: (23, 2560)
2026-02-11 14:29:47,207 - INFO - Finished processing file: /projects/EEG-foundation-model/CHB-MIT/chb05/chb05_27.edf | Extracted 360 windows | label distribution: {0: 360}
2026-02-11 14:29:47,208 - INFO - File 131: /projects/EEG-foundation-model/CHB-MIT/chb05/chb05_27.edf | Subject ID: chb05 | Extracted 360 windows. Total windows so far: 53147
2026-02-11 14:29:47,208 - INFO - Preprocessing parameters : 
 resample_rate=256 | bandpass=False | l_freq=0.5 | h_freq=75.0 | notch=60.0 | max_amp=300.0 | trim=0.0 | min_len_sec=0.0 | use_iir=True | normalize=True | window_size_sec=10.0 | overlap_sec=0.0 
2026-02-11 14:29:49,133 - INFO - Window shape: (23, 2560)
2026-02-11 14:29:50,070 - INFO - Finished processing file: /projects/EEG-foundation-model/CHB-MIT/chb05/chb05_29.edf | Extracted 360 windows | label distribution: {0: 360}
2026-02-11 14:29:50,071 - INFO - Preprocessing parameters : 
 resample_rate=256 | bandpass=False | l_freq=0.5 | h_freq=75.0 | notch=60.0 | max_amp=300.0 | trim=0.0 | min_len_sec=0.0 | use_iir=True | normalize=True | window_size_sec=10.0 | overlap_sec=0.0 
2026-02-11 14:29:52,028 - INFO - Window shape: (23, 2560)
2026-02-11 14:29:52,966 - INFO - Finished processing file: /projects/EEG-foundation-model/CHB-MIT/chb05/chb05_12.edf | Extracted 360 windows | label distribution: {0: 360}
2026-02-11 14:29:52,968 - INFO - Preprocessing parameters : 
 resample_rate=256 | bandpass=False | l_freq=0.5 | h_freq=75.0 | notch=60.0 | max_amp=300.0 | trim=0.0 | min_len_sec=0.0 | use_iir=True | normalize=True | window_size_sec=10.0 | overlap_sec=0.0 
2026-02-11 14:29:54,932 - INFO - Window shape: (23, 2560)
2026-02-11 14:29:55,867 - INFO - Finished processing file: /projects/EEG-foundation-model/CHB-MIT/chb05/chb05_15.edf | Extracted 360 windows | label distribution: {0: 360}
2026-02-11 14:29:55,869 - INFO - Preprocessing parameters : 
 resample_rate=256 | bandpass=False | l_freq=0.5 | h_freq=75.0 | notch=60.0 | max_amp=300.0 | trim=0.0 | min_len_sec=0.0 | use_iir=True | normalize=True | window_size_sec=10.0 | overlap_sec=0.0 
2026-02-11 14:29:57,738 - INFO - Window shape: (23, 2560)
2026-02-11 14:29:58,675 - INFO - Finished processing file: /projects/EEG-foundation-model/CHB-MIT/chb05/chb05_04.edf | Extracted 360 windows | label distribution: {0: 360}
2026-02-11 14:29:58,676 - INFO - Preprocessing parameters : 
 resample_rate=256 | bandpass=False | l_freq=0.5 | h_freq=75.0 | notch=60.0 | max_amp=300.0 | trim=0.0 | min_len_sec=0.0 | use_iir=True | normalize=True | window_size_sec=10.0 | overlap_sec=0.0 
2026-02-11 14:30:00,535 - INFO - Window shape: (23, 2560)
2026-02-11 14:30:01,474 - INFO - Finished processing file: /projects/EEG-foundation-model/CHB-MIT/chb05/chb05_03.edf | Extracted 360 windows | label distribution: {0: 360}
2026-02-11 14:30:01,476 - INFO - Preprocessing parameters : 
 resample_rate=256 | bandpass=False | l_freq=0.5 | h_freq=75.0 | notch=60.0 | max_amp=300.0 | trim=0.0 | min_len_sec=0.0 | use_iir=True | normalize=True | window_size_sec=10.0 | overlap_sec=0.0 
2026-02-11 14:30:03,476 - INFO - Window shape: (23, 2560)
2026-02-11 14:30:04,412 - INFO - Finished processing file: /projects/EEG-foundation-model/CHB-MIT/chb05/chb05_38.edf | Extracted 360 windows | label distribution: {0: 360}
2026-02-11 14:30:04,414 - INFO - Preprocessing parameters : 
 resample_rate=256 | bandpass=False | l_freq=0.5 | h_freq=75.0 | notch=60.0 | max_amp=300.0 | trim=0.0 | min_len_sec=0.0 | use_iir=True | normalize=True | window_size_sec=10.0 | overlap_sec=0.0 
2026-02-11 14:30:06,288 - INFO - Window shape: (23, 2560)
2026-02-11 14:30:07,228 - INFO - Finished processing file: /projects/EEG-foundation-model/CHB-MIT/chb05/chb05_36.edf | Extracted 360 windows | label distribution: {0: 360}
2026-02-11 14:30:07,230 - INFO - Preprocessing parameters : 
 resample_rate=256 | bandpass=False | l_freq=0.5 | h_freq=75.0 | notch=60.0 | max_amp=300.0 | trim=0.0 | min_len_sec=0.0 | use_iir=True | normalize=True | window_size_sec=10.0 | overlap_sec=0.0 
2026-02-11 14:30:09,098 - INFO - Window shape: (23, 2560)
2026-02-11 14:30:10,033 - INFO - Finished processing file: /projects/EEG-foundation-model/CHB-MIT/chb05/chb05_31.edf | Extracted 360 windows | label distribution: {0: 360}
2026-02-11 14:30:10,034 - INFO - Preprocessing parameters : 
 resample_rate=256 | bandpass=False | l_freq=0.5 | h_freq=75.0 | notch=60.0 | max_amp=300.0 | trim=0.0 | min_len_sec=0.0 | use_iir=True | normalize=True | window_size_sec=10.0 | overlap_sec=0.0 
2026-02-11 14:30:11,905 - INFO - Window shape: (23, 2560)
2026-02-11 14:30:12,840 - INFO - Finished processing file: /projects/EEG-foundation-model/CHB-MIT/chb24/chb24_20.edf | Extracted 360 windows | label distribution: {0: 360}
2026-02-11 14:30:12,842 - INFO - Preprocessing parameters : 
 resample_rate=256 | bandpass=False | l_freq=0.5 | h_freq=75.0 | notch=60.0 | max_amp=300.0 | trim=0.0 | min_len_sec=0.0 | use_iir=True | normalize=True | window_size_sec=10.0 | overlap_sec=0.0 
2026-02-11 14:30:14,946 - INFO - Window shape: (23, 2560)
2026-02-11 14:30:15,882 - INFO - Finished processing file: /projects/EEG-foundation-model/CHB-MIT/chb24/chb24_15.edf | Extracted 360 windows | label distribution: {0: 358, 1: 2}
2026-02-11 14:30:15,883 - INFO - File 141: /projects/EEG-foundation-model/CHB-MIT/chb24/chb24_15.edf | Subject ID: chb24 | Extracted 360 windows. Total windows so far: 56747
2026-02-11 14:30:15,884 - INFO - Preprocessing parameters : 
 resample_rate=256 | bandpass=False | l_freq=0.5 | h_freq=75.0 | notch=60.0 | max_amp=300.0 | trim=0.0 | min_len_sec=0.0 | use_iir=True | normalize=True | window_size_sec=10.0 | overlap_sec=0.0 
2026-02-11 14:30:17,797 - INFO - Window shape: (23, 2560)
2026-02-11 14:30:18,734 - INFO - Finished processing file: /projects/EEG-foundation-model/CHB-MIT/chb24/chb24_12.edf | Extracted 360 windows | label distribution: {0: 360}
2026-02-11 14:30:18,735 - INFO - Preprocessing parameters : 
 resample_rate=256 | bandpass=False | l_freq=0.5 | h_freq=75.0 | notch=60.0 | max_amp=300.0 | trim=0.0 | min_len_sec=0.0 | use_iir=True | normalize=True | window_size_sec=10.0 | overlap_sec=0.0 
2026-02-11 14:30:20,585 - INFO - Window shape: (23, 2560)
2026-02-11 14:30:21,522 - INFO - Finished processing file: /projects/EEG-foundation-model/CHB-MIT/chb24/chb24_03.edf | Extracted 360 windows | label distribution: {0: 354, 1: 6}
2026-02-11 14:30:21,523 - INFO - Preprocessing parameters : 
 resample_rate=256 | bandpass=False | l_freq=0.5 | h_freq=75.0 | notch=60.0 | max_amp=300.0 | trim=0.0 | min_len_sec=0.0 | use_iir=True | normalize=True | window_size_sec=10.0 | overlap_sec=0.0 
2026-02-11 14:30:23,404 - INFO - Window shape: (23, 2560)
2026-02-11 14:30:24,343 - INFO - Finished processing file: /projects/EEG-foundation-model/CHB-MIT/chb24/chb24_04.edf | Extracted 361 windows | label distribution: {0: 353, 1: 8}
2026-02-11 14:30:24,345 - INFO - Preprocessing parameters : 
 resample_rate=256 | bandpass=False | l_freq=0.5 | h_freq=75.0 | notch=60.0 | max_amp=300.0 | trim=0.0 | min_len_sec=0.0 | use_iir=True | normalize=True | window_size_sec=10.0 | overlap_sec=0.0 
2026-02-11 14:30:26,239 - INFO - Window shape: (23, 2560)
2026-02-11 14:30:27,180 - INFO - Finished processing file: /projects/EEG-foundation-model/CHB-MIT/chb24/chb24_13.edf | Extracted 361 windows | label distribution: {0: 359, 1: 2}
2026-02-11 14:30:27,181 - INFO - Preprocessing parameters : 
 resample_rate=256 | bandpass=False | l_freq=0.5 | h_freq=75.0 | notch=60.0 | max_amp=300.0 | trim=0.0 | min_len_sec=0.0 | use_iir=True | normalize=True | window_size_sec=10.0 | overlap_sec=0.0 
2026-02-11 14:30:29,355 - INFO - Window shape: (23, 2560)
2026-02-11 14:30:30,291 - INFO - Finished processing file: /projects/EEG-foundation-model/CHB-MIT/chb24/chb24_14.edf | Extracted 360 windows | label distribution: {0: 357, 1: 3}
2026-02-11 14:30:30,292 - INFO - Preprocessing parameters : 
 resample_rate=256 | bandpass=False | l_freq=0.5 | h_freq=75.0 | notch=60.0 | max_amp=300.0 | trim=0.0 | min_len_sec=0.0 | use_iir=True | normalize=True | window_size_sec=10.0 | overlap_sec=0.0 
2026-02-11 14:30:32,183 - INFO - Window shape: (23, 2560)
2026-02-11 14:30:33,121 - INFO - Finished processing file: /projects/EEG-foundation-model/CHB-MIT/chb24/chb24_21.edf | Extracted 360 windows | label distribution: {0: 353, 1: 7}
2026-02-11 14:30:33,122 - INFO - Preprocessing parameters : 
 resample_rate=256 | bandpass=False | l_freq=0.5 | h_freq=75.0 | notch=60.0 | max_amp=300.0 | trim=0.0 | min_len_sec=0.0 | use_iir=True | normalize=True | window_size_sec=10.0 | overlap_sec=0.0 
2026-02-11 14:30:35,021 - INFO - Window shape: (23, 2560)
2026-02-11 14:30:35,956 - INFO - Finished processing file: /projects/EEG-foundation-model/CHB-MIT/chb24/chb24_05.edf | Extracted 360 windows | label distribution: {0: 360}
2026-02-11 14:30:35,958 - INFO - Preprocessing parameters : 
 resample_rate=256 | bandpass=False | l_freq=0.5 | h_freq=75.0 | notch=60.0 | max_amp=300.0 | trim=0.0 | min_len_sec=0.0 | use_iir=True | normalize=True | window_size_sec=10.0 | overlap_sec=0.0 
2026-02-11 14:30:37,847 - INFO - Window shape: (23, 2560)
2026-02-11 14:30:38,779 - INFO - Finished processing file: /projects/EEG-foundation-model/CHB-MIT/chb24/chb24_02.edf | Extracted 360 windows | label distribution: {0: 360}
2026-02-11 14:30:38,781 - INFO - Preprocessing parameters : 
 resample_rate=256 | bandpass=False | l_freq=0.5 | h_freq=75.0 | notch=60.0 | max_amp=300.0 | trim=0.0 | min_len_sec=0.0 | use_iir=True | normalize=True | window_size_sec=10.0 | overlap_sec=0.0 
2026-02-11 14:30:40,622 - INFO - Window shape: (23, 2560)
2026-02-11 14:30:41,562 - INFO - Finished processing file: /projects/EEG-foundation-model/CHB-MIT/chb24/chb24_01.edf | Extracted 361 windows | label distribution: {0: 355, 1: 6}
2026-02-11 14:30:41,563 - INFO - Preprocessing parameters : 
 resample_rate=256 | bandpass=False | l_freq=0.5 | h_freq=75.0 | notch=60.0 | max_amp=300.0 | trim=0.0 | min_len_sec=0.0 | use_iir=True | normalize=True | window_size_sec=10.0 | overlap_sec=0.0 
2026-02-11 14:30:43,476 - INFO - Window shape: (23, 2560)
2026-02-11 14:30:44,412 - INFO - Finished processing file: /projects/EEG-foundation-model/CHB-MIT/chb24/chb24_06.edf | Extracted 360 windows | label distribution: {0: 358, 1: 2}
2026-02-11 14:30:44,414 - INFO - File 151: /projects/EEG-foundation-model/CHB-MIT/chb24/chb24_06.edf | Subject ID: chb24 | Extracted 360 windows. Total windows so far: 60350
2026-02-11 14:30:44,415 - INFO - Preprocessing parameters : 
 resample_rate=256 | bandpass=False | l_freq=0.5 | h_freq=75.0 | notch=60.0 | max_amp=300.0 | trim=0.0 | min_len_sec=0.0 | use_iir=True | normalize=True | window_size_sec=10.0 | overlap_sec=0.0 
2026-02-11 14:30:46,292 - INFO - Window shape: (23, 2560)
2026-02-11 14:30:47,228 - INFO - Finished processing file: /projects/EEG-foundation-model/CHB-MIT/chb24/chb24_08.edf | Extracted 360 windows | label distribution: {0: 360}
2026-02-11 14:30:47,229 - INFO - Preprocessing parameters : 
 resample_rate=256 | bandpass=False | l_freq=0.5 | h_freq=75.0 | notch=60.0 | max_amp=300.0 | trim=0.0 | min_len_sec=0.0 | use_iir=True | normalize=True | window_size_sec=10.0 | overlap_sec=0.0 
2026-02-11 14:30:49,086 - INFO - Window shape: (23, 2560)
2026-02-11 14:30:50,028 - INFO - Finished processing file: /projects/EEG-foundation-model/CHB-MIT/chb24/chb24_19.edf | Extracted 360 windows | label distribution: {0: 360}
2026-02-11 14:30:50,029 - INFO - Preprocessing parameters : 
 resample_rate=256 | bandpass=False | l_freq=0.5 | h_freq=75.0 | notch=60.0 | max_amp=300.0 | trim=0.0 | min_len_sec=0.0 | use_iir=True | normalize=True | window_size_sec=10.0 | overlap_sec=0.0 
2026-02-11 14:30:51,995 - INFO - Window shape: (23, 2560)
2026-02-11 14:30:52,933 - INFO - Finished processing file: /projects/EEG-foundation-model/CHB-MIT/chb24/chb24_17.edf | Extracted 361 windows | label distribution: {0: 354, 1: 7}
2026-02-11 14:30:52,935 - INFO - Preprocessing parameters : 
 resample_rate=256 | bandpass=False | l_freq=0.5 | h_freq=75.0 | notch=60.0 | max_amp=300.0 | trim=0.0 | min_len_sec=0.0 | use_iir=True | normalize=True | window_size_sec=10.0 | overlap_sec=0.0 
2026-02-11 14:30:54,798 - INFO - Window shape: (23, 2560)
2026-02-11 14:30:55,734 - INFO - Finished processing file: /projects/EEG-foundation-model/CHB-MIT/chb24/chb24_10.edf | Extracted 360 windows | label distribution: {0: 360}
2026-02-11 14:30:55,736 - INFO - Preprocessing parameters : 
 resample_rate=256 | bandpass=False | l_freq=0.5 | h_freq=75.0 | notch=60.0 | max_amp=300.0 | trim=0.0 | min_len_sec=0.0 | use_iir=True | normalize=True | window_size_sec=10.0 | overlap_sec=0.0 
2026-02-11 14:30:56,422 - INFO - Window shape: (23, 2560)
2026-02-11 14:30:56,690 - INFO - Finished processing file: /projects/EEG-foundation-model/CHB-MIT/chb24/chb24_22.edf | Extracted 107 windows | label distribution: {0: 107}
2026-02-11 14:30:56,692 - INFO - Preprocessing parameters : 
 resample_rate=256 | bandpass=False | l_freq=0.5 | h_freq=75.0 | notch=60.0 | max_amp=300.0 | trim=0.0 | min_len_sec=0.0 | use_iir=True | normalize=True | window_size_sec=10.0 | overlap_sec=0.0 
2026-02-11 14:30:58,606 - INFO - Window shape: (23, 2560)
2026-02-11 14:30:59,545 - INFO - Finished processing file: /projects/EEG-foundation-model/CHB-MIT/chb24/chb24_09.edf | Extracted 361 windows | label distribution: {0: 359, 1: 2}
2026-02-11 14:30:59,547 - INFO - Preprocessing parameters : 
 resample_rate=256 | bandpass=False | l_freq=0.5 | h_freq=75.0 | notch=60.0 | max_amp=300.0 | trim=0.0 | min_len_sec=0.0 | use_iir=True | normalize=True | window_size_sec=10.0 | overlap_sec=0.0 
2026-02-11 14:31:01,509 - INFO - Window shape: (23, 2560)
2026-02-11 14:31:02,449 - INFO - Finished processing file: /projects/EEG-foundation-model/CHB-MIT/chb24/chb24_07.edf | Extracted 360 windows | label distribution: {0: 358, 1: 2}
2026-02-11 14:31:02,451 - INFO - Preprocessing parameters : 
 resample_rate=256 | bandpass=False | l_freq=0.5 | h_freq=75.0 | notch=60.0 | max_amp=300.0 | trim=0.0 | min_len_sec=0.0 | use_iir=True | normalize=True | window_size_sec=10.0 | overlap_sec=0.0 
2026-02-11 14:31:04,736 - INFO - Window shape: (23, 2560)
2026-02-11 14:31:05,668 - INFO - Finished processing file: /projects/EEG-foundation-model/CHB-MIT/chb24/chb24_11.edf | Extracted 361 windows | label distribution: {0: 354, 1: 7}
2026-02-11 14:31:05,679 - INFO - Preprocessing parameters : 
 resample_rate=256 | bandpass=False | l_freq=0.5 | h_freq=75.0 | notch=60.0 | max_amp=300.0 | trim=0.0 | min_len_sec=0.0 | use_iir=True | normalize=True | window_size_sec=10.0 | overlap_sec=0.0 
2026-02-11 14:31:07,901 - INFO - Window shape: (23, 2560)
2026-02-11 14:31:08,837 - INFO - Finished processing file: /projects/EEG-foundation-model/CHB-MIT/chb24/chb24_16.edf | Extracted 360 windows | label distribution: {0: 360}
2026-02-11 14:31:08,839 - INFO - Preprocessing parameters : 
 resample_rate=256 | bandpass=False | l_freq=0.5 | h_freq=75.0 | notch=60.0 | max_amp=300.0 | trim=0.0 | min_len_sec=0.0 | use_iir=True | normalize=True | window_size_sec=10.0 | overlap_sec=0.0 
2026-02-11 14:31:10,747 - INFO - Window shape: (23, 2560)
2026-02-11 14:31:11,683 - INFO - Finished processing file: /projects/EEG-foundation-model/CHB-MIT/chb24/chb24_18.edf | Extracted 360 windows | label distribution: {0: 360}
2026-02-11 14:31:11,685 - INFO - File 161: /projects/EEG-foundation-model/CHB-MIT/chb24/chb24_18.edf | Subject ID: chb24 | Extracted 360 windows. Total windows so far: 63700
2026-02-11 14:31:11,685 - INFO - Preprocessing parameters : 
 resample_rate=256 | bandpass=False | l_freq=0.5 | h_freq=75.0 | notch=60.0 | max_amp=300.0 | trim=0.0 | min_len_sec=0.0 | use_iir=True | normalize=True | window_size_sec=10.0 | overlap_sec=0.0 
2026-02-11 14:31:13,884 - INFO - Window shape: (28, 2560)
2026-02-11 14:31:15,003 - INFO - Finished processing file: /projects/EEG-foundation-model/CHB-MIT/chb16/chb16_11.edf | Extracted 360 windows | label distribution: {0: 359, 1: 1}
2026-02-11 14:31:15,005 - INFO - Preprocessing parameters : 
 resample_rate=256 | bandpass=False | l_freq=0.5 | h_freq=75.0 | notch=60.0 | max_amp=300.0 | trim=0.0 | min_len_sec=0.0 | use_iir=True | normalize=True | window_size_sec=10.0 | overlap_sec=0.0 
2026-02-11 14:31:17,250 - INFO - Window shape: (28, 2560)
2026-02-11 14:31:18,398 - INFO - Finished processing file: /projects/EEG-foundation-model/CHB-MIT/chb16/chb16_16.edf | Extracted 360 windows | label distribution: {0: 359, 1: 1}
2026-02-11 14:31:18,400 - INFO - Preprocessing parameters : 
 resample_rate=256 | bandpass=False | l_freq=0.5 | h_freq=75.0 | notch=60.0 | max_amp=300.0 | trim=0.0 | min_len_sec=0.0 | use_iir=True | normalize=True | window_size_sec=10.0 | overlap_sec=0.0 
2026-02-11 14:31:20,384 - INFO - Window shape: (22, 2560)
2026-02-11 14:31:21,284 - INFO - Finished processing file: /projects/EEG-foundation-model/CHB-MIT/chb16/chb16_18.edf | Extracted 360 windows | label distribution: {0: 358, 1: 2}
2026-02-11 14:31:21,285 - INFO - Preprocessing parameters : 
 resample_rate=256 | bandpass=False | l_freq=0.5 | h_freq=75.0 | notch=60.0 | max_amp=300.0 | trim=0.0 | min_len_sec=0.0 | use_iir=True | normalize=True | window_size_sec=10.0 | overlap_sec=0.0 
2026-02-11 14:31:23,532 - INFO - Window shape: (28, 2560)
2026-02-11 14:31:24,679 - INFO - Finished processing file: /projects/EEG-foundation-model/CHB-MIT/chb16/chb16_09.edf | Extracted 360 windows | label distribution: {0: 360}
2026-02-11 14:31:24,681 - INFO - Preprocessing parameters : 
 resample_rate=256 | bandpass=False | l_freq=0.5 | h_freq=75.0 | notch=60.0 | max_amp=300.0 | trim=0.0 | min_len_sec=0.0 | use_iir=True | normalize=True | window_size_sec=10.0 | overlap_sec=0.0 
2026-02-11 14:31:26,915 - INFO - Window shape: (28, 2560)
2026-02-11 14:31:28,062 - INFO - Finished processing file: /projects/EEG-foundation-model/CHB-MIT/chb16/chb16_07.edf | Extracted 360 windows | label distribution: {0: 360}
2026-02-11 14:31:28,064 - INFO - Preprocessing parameters : 
 resample_rate=256 | bandpass=False | l_freq=0.5 | h_freq=75.0 | notch=60.0 | max_amp=300.0 | trim=0.0 | min_len_sec=0.0 | use_iir=True | normalize=True | window_size_sec=10.0 | overlap_sec=0.0 
2026-02-11 14:31:29,894 - INFO - Window shape: (22, 2560)
2026-02-11 14:31:30,794 - INFO - Finished processing file: /projects/EEG-foundation-model/CHB-MIT/chb16/chb16_19.edf | Extracted 360 windows | label distribution: {0: 360}
2026-02-11 14:31:30,795 - INFO - Preprocessing parameters : 
 resample_rate=256 | bandpass=False | l_freq=0.5 | h_freq=75.0 | notch=60.0 | max_amp=300.0 | trim=0.0 | min_len_sec=0.0 | use_iir=True | normalize=True | window_size_sec=10.0 | overlap_sec=0.0 
2026-02-11 14:31:33,018 - INFO - Window shape: (28, 2560)
2026-02-11 14:31:34,147 - INFO - Finished processing file: /projects/EEG-foundation-model/CHB-MIT/chb16/chb16_17.edf | Extracted 361 windows | label distribution: {0: 357, 1: 4}
2026-02-11 14:31:34,149 - INFO - Preprocessing parameters : 
 resample_rate=256 | bandpass=False | l_freq=0.5 | h_freq=75.0 | notch=60.0 | max_amp=300.0 | trim=0.0 | min_len_sec=0.0 | use_iir=True | normalize=True | window_size_sec=10.0 | overlap_sec=0.0 
2026-02-11 14:31:36,339 - INFO - Window shape: (28, 2560)
2026-02-11 14:31:37,486 - INFO - Finished processing file: /projects/EEG-foundation-model/CHB-MIT/chb16/chb16_10.edf | Extracted 360 windows | label distribution: {0: 359, 1: 1}
2026-02-11 14:31:37,488 - INFO - Preprocessing parameters : 
 resample_rate=256 | bandpass=False | l_freq=0.5 | h_freq=75.0 | notch=60.0 | max_amp=300.0 | trim=0.0 | min_len_sec=0.0 | use_iir=True | normalize=True | window_size_sec=10.0 | overlap_sec=0.0 
2026-02-11 14:31:39,752 - INFO - Window shape: (28, 2560)
2026-02-11 14:31:40,904 - INFO - Finished processing file: /projects/EEG-foundation-model/CHB-MIT/chb16/chb16_01.edf | Extracted 360 windows | label distribution: {0: 360}
2026-02-11 14:31:40,906 - INFO - Preprocessing parameters : 
 resample_rate=256 | bandpass=False | l_freq=0.5 | h_freq=75.0 | notch=60.0 | max_amp=300.0 | trim=0.0 | min_len_sec=0.0 | use_iir=True | normalize=True | window_size_sec=10.0 | overlap_sec=0.0 
2026-02-11 14:31:43,205 - INFO - Window shape: (28, 2560)
2026-02-11 14:31:44,351 - INFO - Finished processing file: /projects/EEG-foundation-model/CHB-MIT/chb16/chb16_06.edf | Extracted 360 windows | label distribution: {0: 360}
2026-02-11 14:31:44,352 - INFO - File 171: /projects/EEG-foundation-model/CHB-MIT/chb16/chb16_06.edf | Subject ID: chb16 | Extracted 360 windows. Total windows so far: 67301
2026-02-11 14:31:44,353 - INFO - Preprocessing parameters : 
 resample_rate=256 | bandpass=False | l_freq=0.5 | h_freq=75.0 | notch=60.0 | max_amp=300.0 | trim=0.0 | min_len_sec=0.0 | use_iir=True | normalize=True | window_size_sec=10.0 | overlap_sec=0.0 
2026-02-11 14:31:46,713 - INFO - Window shape: (28, 2560)
2026-02-11 14:31:47,875 - INFO - Finished processing file: /projects/EEG-foundation-model/CHB-MIT/chb16/chb16_08.edf | Extracted 360 windows | label distribution: {0: 360}
2026-02-11 14:31:47,876 - INFO - Preprocessing parameters : 
 resample_rate=256 | bandpass=False | l_freq=0.5 | h_freq=75.0 | notch=60.0 | max_amp=300.0 | trim=0.0 | min_len_sec=0.0 | use_iir=True | normalize=True | window_size_sec=10.0 | overlap_sec=0.0 
2026-02-11 14:31:50,188 - INFO - Window shape: (28, 2560)
2026-02-11 14:31:51,336 - INFO - Finished processing file: /projects/EEG-foundation-model/CHB-MIT/chb16/chb16_05.edf | Extracted 360 windows | label distribution: {0: 360}
2026-02-11 14:31:51,338 - INFO - Preprocessing parameters : 
 resample_rate=256 | bandpass=False | l_freq=0.5 | h_freq=75.0 | notch=60.0 | max_amp=300.0 | trim=0.0 | min_len_sec=0.0 | use_iir=True | normalize=True | window_size_sec=10.0 | overlap_sec=0.0 
2026-02-11 14:31:53,655 - INFO - Window shape: (28, 2560)
2026-02-11 14:31:54,803 - INFO - Finished processing file: /projects/EEG-foundation-model/CHB-MIT/chb16/chb16_02.edf | Extracted 360 windows | label distribution: {0: 360}
2026-02-11 14:31:54,804 - INFO - Preprocessing parameters : 
 resample_rate=256 | bandpass=False | l_freq=0.5 | h_freq=75.0 | notch=60.0 | max_amp=300.0 | trim=0.0 | min_len_sec=0.0 | use_iir=True | normalize=True | window_size_sec=10.0 | overlap_sec=0.0 
2026-02-11 14:31:57,236 - INFO - Window shape: (28, 2560)
2026-02-11 14:31:58,383 - INFO - Finished processing file: /projects/EEG-foundation-model/CHB-MIT/chb16/chb16_13.edf | Extracted 360 windows | label distribution: {0: 360}
2026-02-11 14:31:58,385 - INFO - Preprocessing parameters : 
 resample_rate=256 | bandpass=False | l_freq=0.5 | h_freq=75.0 | notch=60.0 | max_amp=300.0 | trim=0.0 | min_len_sec=0.0 | use_iir=True | normalize=True | window_size_sec=10.0 | overlap_sec=0.0 
2026-02-11 14:32:00,791 - INFO - Window shape: (28, 2560)
2026-02-11 14:32:01,935 - INFO - Finished processing file: /projects/EEG-foundation-model/CHB-MIT/chb16/chb16_14.edf | Extracted 359 windows | label distribution: {0: 358, 1: 1}
2026-02-11 14:32:01,937 - INFO - Preprocessing parameters : 
 resample_rate=256 | bandpass=False | l_freq=0.5 | h_freq=75.0 | notch=60.0 | max_amp=300.0 | trim=0.0 | min_len_sec=0.0 | use_iir=True | normalize=True | window_size_sec=10.0 | overlap_sec=0.0 
2026-02-11 14:32:04,153 - INFO - Window shape: (28, 2560)
2026-02-11 14:32:05,295 - INFO - Finished processing file: /projects/EEG-foundation-model/CHB-MIT/chb16/chb16_03.edf | Extracted 360 windows | label distribution: {0: 360}
2026-02-11 14:32:05,297 - INFO - Preprocessing parameters : 
 resample_rate=256 | bandpass=False | l_freq=0.5 | h_freq=75.0 | notch=60.0 | max_amp=300.0 | trim=0.0 | min_len_sec=0.0 | use_iir=True | normalize=True | window_size_sec=10.0 | overlap_sec=0.0 
2026-02-11 14:32:07,509 - INFO - Window shape: (28, 2560)
2026-02-11 14:32:08,656 - INFO - Finished processing file: /projects/EEG-foundation-model/CHB-MIT/chb16/chb16_04.edf | Extracted 360 windows | label distribution: {0: 360}
2026-02-11 14:32:08,658 - INFO - Preprocessing parameters : 
 resample_rate=256 | bandpass=False | l_freq=0.5 | h_freq=75.0 | notch=60.0 | max_amp=300.0 | trim=0.0 | min_len_sec=0.0 | use_iir=True | normalize=True | window_size_sec=10.0 | overlap_sec=0.0 
2026-02-11 14:32:10,873 - INFO - Window shape: (28, 2560)
2026-02-11 14:32:12,020 - INFO - Finished processing file: /projects/EEG-foundation-model/CHB-MIT/chb16/chb16_15.edf | Extracted 360 windows | label distribution: {0: 360}
2026-02-11 14:32:12,022 - INFO - Preprocessing parameters : 
 resample_rate=256 | bandpass=False | l_freq=0.5 | h_freq=75.0 | notch=60.0 | max_amp=300.0 | trim=0.0 | min_len_sec=0.0 | use_iir=True | normalize=True | window_size_sec=10.0 | overlap_sec=0.0 
2026-02-11 14:32:14,281 - INFO - Window shape: (28, 2560)
2026-02-11 14:32:15,428 - INFO - Finished processing file: /projects/EEG-foundation-model/CHB-MIT/chb16/chb16_12.edf | Extracted 360 windows | label distribution: {0: 360}
2026-02-11 14:32:15,430 - INFO - Preprocessing parameters : 
 resample_rate=256 | bandpass=False | l_freq=0.5 | h_freq=75.0 | notch=60.0 | max_amp=300.0 | trim=0.0 | min_len_sec=0.0 | use_iir=True | normalize=True | window_size_sec=10.0 | overlap_sec=0.0 
2026-02-11 14:32:17,771 - INFO - Window shape: (29, 2560)
2026-02-11 14:32:18,958 - INFO - Finished processing file: /projects/EEG-foundation-model/CHB-MIT/chb12/chb12_37.edf | Extracted 362 windows | label distribution: {0: 362}
2026-02-11 14:32:18,960 - INFO - File 181: /projects/EEG-foundation-model/CHB-MIT/chb12/chb12_37.edf | Subject ID: chb12 | Extracted 362 windows. Total windows so far: 70902
2026-02-11 14:32:18,960 - INFO - Preprocessing parameters : 
 resample_rate=256 | bandpass=False | l_freq=0.5 | h_freq=75.0 | notch=60.0 | max_amp=300.0 | trim=0.0 | min_len_sec=0.0 | use_iir=True | normalize=True | window_size_sec=10.0 | overlap_sec=0.0 
2026-02-11 14:32:21,341 - INFO - Window shape: (29, 2560)
2026-02-11 14:32:22,525 - INFO - Finished processing file: /projects/EEG-foundation-model/CHB-MIT/chb12/chb12_42.edf | Extracted 361 windows | label distribution: {0: 345, 1: 16}
2026-02-11 14:32:22,527 - INFO - Preprocessing parameters : 
 resample_rate=256 | bandpass=False | l_freq=0.5 | h_freq=75.0 | notch=60.0 | max_amp=300.0 | trim=0.0 | min_len_sec=0.0 | use_iir=True | normalize=True | window_size_sec=10.0 | overlap_sec=0.0 
2026-02-11 14:32:24,905 - INFO - Window shape: (29, 2560)
2026-02-11 14:32:26,086 - INFO - Finished processing file: /projects/EEG-foundation-model/CHB-MIT/chb12/chb12_39.edf | Extracted 360 windows | label distribution: {0: 360}
2026-02-11 14:32:26,088 - INFO - Preprocessing parameters : 
 resample_rate=256 | bandpass=False | l_freq=0.5 | h_freq=75.0 | notch=60.0 | max_amp=300.0 | trim=0.0 | min_len_sec=0.0 | use_iir=True | normalize=True | window_size_sec=10.0 | overlap_sec=0.0 
2026-02-11 14:32:28,457 - INFO - Window shape: (29, 2560)
2026-02-11 14:32:29,629 - INFO - Finished processing file: /projects/EEG-foundation-model/CHB-MIT/chb12/chb12_28.edf | Extracted 359 windows | label distribution: {0: 356, 1: 3}
2026-02-11 14:32:29,630 - INFO - Preprocessing parameters : 
 resample_rate=256 | bandpass=False | l_freq=0.5 | h_freq=75.0 | notch=60.0 | max_amp=300.0 | trim=0.0 | min_len_sec=0.0 | use_iir=True | normalize=True | window_size_sec=10.0 | overlap_sec=0.0 
2026-02-11 14:32:31,841 - INFO - Window shape: (28, 2560)
2026-02-11 14:32:32,989 - INFO - Finished processing file: /projects/EEG-foundation-model/CHB-MIT/chb12/chb12_21.edf | Extracted 360 windows | label distribution: {0: 360}
2026-02-11 14:32:32,991 - INFO - Preprocessing parameters : 
 resample_rate=256 | bandpass=False | l_freq=0.5 | h_freq=75.0 | notch=60.0 | max_amp=300.0 | trim=0.0 | min_len_sec=0.0 | use_iir=True | normalize=True | window_size_sec=10.0 | overlap_sec=0.0 
2026-02-11 14:32:35,317 - INFO - Window shape: (29, 2560)
2026-02-11 14:32:36,507 - INFO - Finished processing file: /projects/EEG-foundation-model/CHB-MIT/chb12/chb12_38.edf | Extracted 362 windows | label distribution: {0: 342, 1: 20}
2026-02-11 14:32:36,509 - INFO - Preprocessing parameters : 
 resample_rate=256 | bandpass=False | l_freq=0.5 | h_freq=75.0 | notch=60.0 | max_amp=300.0 | trim=0.0 | min_len_sec=0.0 | use_iir=True | normalize=True | window_size_sec=10.0 | overlap_sec=0.0 
2026-02-11 14:32:38,815 - INFO - Window shape: (29, 2560)
2026-02-11 14:32:39,996 - INFO - Finished processing file: /projects/EEG-foundation-model/CHB-MIT/chb12/chb12_36.edf | Extracted 360 windows | label distribution: {0: 357, 1: 3}
2026-02-11 14:32:39,998 - INFO - Preprocessing parameters : 
 resample_rate=256 | bandpass=False | l_freq=0.5 | h_freq=75.0 | notch=60.0 | max_amp=300.0 | trim=0.0 | min_len_sec=0.0 | use_iir=True | normalize=True | window_size_sec=10.0 | overlap_sec=0.0 
2026-02-11 14:32:42,305 - INFO - Window shape: (29, 2560)
2026-02-11 14:32:43,494 - INFO - Finished processing file: /projects/EEG-foundation-model/CHB-MIT/chb12/chb12_27.edf | Extracted 362 windows | label distribution: {0: 338, 1: 24}
2026-02-11 14:32:43,496 - INFO - Preprocessing parameters : 
 resample_rate=256 | bandpass=False | l_freq=0.5 | h_freq=75.0 | notch=60.0 | max_amp=300.0 | trim=0.0 | min_len_sec=0.0 | use_iir=True | normalize=True | window_size_sec=10.0 | overlap_sec=0.0 
2026-02-11 14:32:45,832 - INFO - Window shape: (28, 2560)
2026-02-11 14:32:46,979 - INFO - Finished processing file: /projects/EEG-foundation-model/CHB-MIT/chb12/chb12_20.edf | Extracted 360 windows | label distribution: {0: 360}
2026-02-11 14:32:46,981 - INFO - Preprocessing parameters : 
 resample_rate=256 | bandpass=False | l_freq=0.5 | h_freq=75.0 | notch=60.0 | max_amp=300.0 | trim=0.0 | min_len_sec=0.0 | use_iir=True | normalize=True | window_size_sec=10.0 | overlap_sec=0.0 
2026-02-11 14:32:49,309 - INFO - Window shape: (29, 2560)
2026-02-11 14:32:50,507 - INFO - Finished processing file: /projects/EEG-foundation-model/CHB-MIT/chb12/chb12_29.edf | Extracted 365 windows | label distribution: {0: 341, 1: 24}
2026-02-11 14:32:50,509 - INFO - Preprocessing parameters : 
 resample_rate=256 | bandpass=False | l_freq=0.5 | h_freq=75.0 | notch=60.0 | max_amp=300.0 | trim=0.0 | min_len_sec=0.0 | use_iir=True | normalize=True | window_size_sec=10.0 | overlap_sec=0.0 
2026-02-11 14:32:52,762 - INFO - Window shape: (28, 2560)
2026-02-11 14:32:53,909 - INFO - Finished processing file: /projects/EEG-foundation-model/CHB-MIT/chb12/chb12_23.edf | Extracted 360 windows | label distribution: {0: 338, 1: 22}
2026-02-11 14:32:53,910 - INFO - File 191: /projects/EEG-foundation-model/CHB-MIT/chb12/chb12_23.edf | Subject ID: chb12 | Extracted 360 windows. Total windows so far: 74511
2026-02-11 14:32:53,911 - INFO - Preprocessing parameters : 
 resample_rate=256 | bandpass=False | l_freq=0.5 | h_freq=75.0 | notch=60.0 | max_amp=300.0 | trim=0.0 | min_len_sec=0.0 | use_iir=True | normalize=True | window_size_sec=10.0 | overlap_sec=0.0 
2026-02-11 14:32:56,216 - INFO - Window shape: (28, 2560)
2026-02-11 14:32:57,373 - INFO - Finished processing file: /projects/EEG-foundation-model/CHB-MIT/chb12/chb12_24.edf | Extracted 360 windows | label distribution: {0: 360}
2026-02-11 14:32:57,377 - INFO - Preprocessing parameters : 
 resample_rate=256 | bandpass=False | l_freq=0.5 | h_freq=75.0 | notch=60.0 | max_amp=300.0 | trim=0.0 | min_len_sec=0.0 | use_iir=True | normalize=True | window_size_sec=10.0 | overlap_sec=0.0 
2026-02-11 14:32:58,982 - INFO - Window shape: (28, 2560)
2026-02-11 14:32:59,757 - INFO - Finished processing file: /projects/EEG-foundation-model/CHB-MIT/chb12/chb12_11.edf | Extracted 244 windows | label distribution: {0: 240, 1: 4}
2026-02-11 14:32:59,758 - INFO - Preprocessing parameters : 
 resample_rate=256 | bandpass=False | l_freq=0.5 | h_freq=75.0 | notch=60.0 | max_amp=300.0 | trim=0.0 | min_len_sec=0.0 | use_iir=True | normalize=True | window_size_sec=10.0 | overlap_sec=0.0 
2026-02-11 14:33:02,064 - INFO - Window shape: (28, 2560)
2026-02-11 14:33:03,216 - INFO - Finished processing file: /projects/EEG-foundation-model/CHB-MIT/chb12/chb12_09.edf | Extracted 361 windows | label distribution: {0: 355, 1: 6}
2026-02-11 14:33:03,217 - INFO - Preprocessing parameters : 
 resample_rate=256 | bandpass=False | l_freq=0.5 | h_freq=75.0 | notch=60.0 | max_amp=300.0 | trim=0.0 | min_len_sec=0.0 | use_iir=True | normalize=True | window_size_sec=10.0 | overlap_sec=0.0 
2026-02-11 14:33:05,527 - INFO - Window shape: (29, 2560)
2026-02-11 14:33:06,736 - INFO - Finished processing file: /projects/EEG-foundation-model/CHB-MIT/chb12/chb12_40.edf | Extracted 360 windows | label distribution: {0: 360}
2026-02-11 14:33:06,737 - INFO - Preprocessing parameters : 
 resample_rate=256 | bandpass=False | l_freq=0.5 | h_freq=75.0 | notch=60.0 | max_amp=300.0 | trim=0.0 | min_len_sec=0.0 | use_iir=True | normalize=True | window_size_sec=10.0 | overlap_sec=0.0 
2026-02-11 14:33:09,012 - INFO - Window shape: (29, 2560)
2026-02-11 14:33:10,193 - INFO - Finished processing file: /projects/EEG-foundation-model/CHB-MIT/chb12/chb12_35.edf | Extracted 360 windows | label distribution: {0: 360}
2026-02-11 14:33:10,195 - INFO - Preprocessing parameters : 
 resample_rate=256 | bandpass=False | l_freq=0.5 | h_freq=75.0 | notch=60.0 | max_amp=300.0 | trim=0.0 | min_len_sec=0.0 | use_iir=True | normalize=True | window_size_sec=10.0 | overlap_sec=0.0 
2026-02-11 14:33:12,490 - INFO - Window shape: (29, 2560)
2026-02-11 14:33:13,684 - INFO - Finished processing file: /projects/EEG-foundation-model/CHB-MIT/chb12/chb12_32.edf | Extracted 360 windows | label distribution: {0: 360}
2026-02-11 14:33:13,686 - INFO - Preprocessing parameters : 
 resample_rate=256 | bandpass=False | l_freq=0.5 | h_freq=75.0 | notch=60.0 | max_amp=300.0 | trim=0.0 | min_len_sec=0.0 | use_iir=True | normalize=True | window_size_sec=10.0 | overlap_sec=0.0 
2026-02-11 14:33:15,910 - INFO - Window shape: (28, 2560)
2026-02-11 14:33:17,061 - INFO - Finished processing file: /projects/EEG-foundation-model/CHB-MIT/chb12/chb12_10.edf | Extracted 361 windows | label distribution: {0: 353, 1: 8}
2026-02-11 14:33:17,062 - INFO - Preprocessing parameters : 
 resample_rate=256 | bandpass=False | l_freq=0.5 | h_freq=75.0 | notch=60.0 | max_amp=300.0 | trim=0.0 | min_len_sec=0.0 | use_iir=True | normalize=True | window_size_sec=10.0 | overlap_sec=0.0 
2026-02-11 14:33:19,299 - INFO - Window shape: (28, 2560)
2026-02-11 14:33:20,447 - INFO - Finished processing file: /projects/EEG-foundation-model/CHB-MIT/chb12/chb12_19.edf | Extracted 360 windows | label distribution: {0: 360}
2026-02-11 14:33:20,449 - INFO - Preprocessing parameters : 
 resample_rate=256 | bandpass=False | l_freq=0.5 | h_freq=75.0 | notch=60.0 | max_amp=300.0 | trim=0.0 | min_len_sec=0.0 | use_iir=True | normalize=True | window_size_sec=10.0 | overlap_sec=0.0 
2026-02-11 14:33:22,814 - INFO - Window shape: (29, 2560)
2026-02-11 14:33:23,996 - INFO - Finished processing file: /projects/EEG-foundation-model/CHB-MIT/chb12/chb12_33.edf | Extracted 360 windows | label distribution: {0: 356, 1: 4}
2026-02-11 14:33:23,998 - INFO - Preprocessing parameters : 
 resample_rate=256 | bandpass=False | l_freq=0.5 | h_freq=75.0 | notch=60.0 | max_amp=300.0 | trim=0.0 | min_len_sec=0.0 | use_iir=True | normalize=True | window_size_sec=10.0 | overlap_sec=0.0 
2026-02-11 14:33:26,315 - INFO - Window shape: (29, 2560)
2026-02-11 14:33:27,490 - INFO - Finished processing file: /projects/EEG-foundation-model/CHB-MIT/chb12/chb12_34.edf | Extracted 360 windows | label distribution: {0: 360}
2026-02-11 14:33:27,491 - INFO - File 201: /projects/EEG-foundation-model/CHB-MIT/chb12/chb12_34.edf | Subject ID: chb12 | Extracted 360 windows. Total windows so far: 77997
2026-02-11 14:33:27,492 - INFO - Preprocessing parameters : 
 resample_rate=256 | bandpass=False | l_freq=0.5 | h_freq=75.0 | notch=60.0 | max_amp=300.0 | trim=0.0 | min_len_sec=0.0 | use_iir=True | normalize=True | window_size_sec=10.0 | overlap_sec=0.0 
2026-02-11 14:33:29,895 - INFO - Window shape: (29, 2560)
2026-02-11 14:33:31,075 - INFO - Finished processing file: /projects/EEG-foundation-model/CHB-MIT/chb12/chb12_41.edf | Extracted 360 windows | label distribution: {0: 360}
2026-02-11 14:33:31,077 - INFO - Preprocessing parameters : 
 resample_rate=256 | bandpass=False | l_freq=0.5 | h_freq=75.0 | notch=60.0 | max_amp=300.0 | trim=0.0 | min_len_sec=0.0 | use_iir=True | normalize=True | window_size_sec=10.0 | overlap_sec=0.0 
2026-02-11 14:33:33,691 - INFO - Window shape: (28, 2560)
2026-02-11 14:33:34,840 - INFO - Finished processing file: /projects/EEG-foundation-model/CHB-MIT/chb12/chb12_08.edf | Extracted 360 windows | label distribution: {0: 352, 1: 8}
2026-02-11 14:33:34,842 - INFO - Preprocessing parameters : 
 resample_rate=256 | bandpass=False | l_freq=0.5 | h_freq=75.0 | notch=60.0 | max_amp=300.0 | trim=0.0 | min_len_sec=0.0 | use_iir=True | normalize=True | window_size_sec=10.0 | overlap_sec=0.0 
2026-02-11 14:33:37,145 - INFO - Window shape: (28, 2560)
2026-02-11 14:33:38,296 - INFO - Finished processing file: /projects/EEG-foundation-model/CHB-MIT/chb12/chb12_06.edf | Extracted 361 windows | label distribution: {0: 352, 1: 9}
2026-02-11 14:33:38,298 - INFO - Preprocessing parameters : 
 resample_rate=256 | bandpass=False | l_freq=0.5 | h_freq=75.0 | notch=60.0 | max_amp=300.0 | trim=0.0 | min_len_sec=0.0 | use_iir=True | normalize=True | window_size_sec=10.0 | overlap_sec=0.0 
2026-02-11 14:33:40,512 - INFO - Window shape: (28, 2560)
2026-02-11 14:33:41,659 - INFO - Finished processing file: /projects/EEG-foundation-model/CHB-MIT/chb18/chb18_30.edf | Extracted 360 windows | label distribution: {0: 357, 1: 3}
2026-02-11 14:33:41,661 - INFO - Preprocessing parameters : 
 resample_rate=256 | bandpass=False | l_freq=0.5 | h_freq=75.0 | notch=60.0 | max_amp=300.0 | trim=0.0 | min_len_sec=0.0 | use_iir=True | normalize=True | window_size_sec=10.0 | overlap_sec=0.0 
2026-02-11 14:33:43,945 - INFO - Window shape: (28, 2560)
2026-02-11 14:33:45,094 - INFO - Finished processing file: /projects/EEG-foundation-model/CHB-MIT/chb18/chb18_02.edf | Extracted 360 windows | label distribution: {0: 360}
2026-02-11 14:33:45,097 - INFO - Preprocessing parameters : 
 resample_rate=256 | bandpass=False | l_freq=0.5 | h_freq=75.0 | notch=60.0 | max_amp=300.0 | trim=0.0 | min_len_sec=0.0 | use_iir=True | normalize=True | window_size_sec=10.0 | overlap_sec=0.0 
2026-02-11 14:33:47,319 - INFO - Window shape: (28, 2560)
2026-02-11 14:33:48,467 - INFO - Finished processing file: /projects/EEG-foundation-model/CHB-MIT/chb18/chb18_05.edf | Extracted 360 windows | label distribution: {0: 360}
2026-02-11 14:33:48,469 - INFO - Preprocessing parameters : 
 resample_rate=256 | bandpass=False | l_freq=0.5 | h_freq=75.0 | notch=60.0 | max_amp=300.0 | trim=0.0 | min_len_sec=0.0 | use_iir=True | normalize=True | window_size_sec=10.0 | overlap_sec=0.0 
2026-02-11 14:33:50,818 - INFO - Window shape: (28, 2560)
2026-02-11 14:33:51,966 - INFO - Finished processing file: /projects/EEG-foundation-model/CHB-MIT/chb18/chb18_14.edf | Extracted 360 windows | label distribution: {0: 360}
2026-02-11 14:33:51,968 - INFO - Preprocessing parameters : 
 resample_rate=256 | bandpass=False | l_freq=0.5 | h_freq=75.0 | notch=60.0 | max_amp=300.0 | trim=0.0 | min_len_sec=0.0 | use_iir=True | normalize=True | window_size_sec=10.0 | overlap_sec=0.0 
2026-02-11 14:33:54,266 - INFO - Window shape: (28, 2560)
2026-02-11 14:33:55,414 - INFO - Finished processing file: /projects/EEG-foundation-model/CHB-MIT/chb18/chb18_13.edf | Extracted 360 windows | label distribution: {0: 360}
2026-02-11 14:33:55,416 - INFO - Preprocessing parameters : 
 resample_rate=256 | bandpass=False | l_freq=0.5 | h_freq=75.0 | notch=60.0 | max_amp=300.0 | trim=0.0 | min_len_sec=0.0 | use_iir=True | normalize=True | window_size_sec=10.0 | overlap_sec=0.0 
2026-02-11 14:33:57,741 - INFO - Window shape: (28, 2560)
2026-02-11 14:33:58,888 - INFO - Finished processing file: /projects/EEG-foundation-model/CHB-MIT/chb18/chb18_26.edf | Extracted 360 windows | label distribution: {0: 360}
2026-02-11 14:33:58,890 - INFO - Preprocessing parameters : 
 resample_rate=256 | bandpass=False | l_freq=0.5 | h_freq=75.0 | notch=60.0 | max_amp=300.0 | trim=0.0 | min_len_sec=0.0 | use_iir=True | normalize=True | window_size_sec=10.0 | overlap_sec=0.0 
2026-02-11 14:34:01,145 - INFO - Window shape: (28, 2560)
2026-02-11 14:34:02,274 - INFO - Finished processing file: /projects/EEG-foundation-model/CHB-MIT/chb18/chb18_21.edf | Extracted 360 windows | label distribution: {0: 360}
2026-02-11 14:34:02,275 - INFO - File 211: /projects/EEG-foundation-model/CHB-MIT/chb18/chb18_21.edf | Subject ID: chb18 | Extracted 360 windows. Total windows so far: 81598
2026-02-11 14:34:02,275 - INFO - Preprocessing parameters : 
 resample_rate=256 | bandpass=False | l_freq=0.5 | h_freq=75.0 | notch=60.0 | max_amp=300.0 | trim=0.0 | min_len_sec=0.0 | use_iir=True | normalize=True | window_size_sec=10.0 | overlap_sec=0.0 
2026-02-11 14:34:04,481 - INFO - Window shape: (28, 2560)
2026-02-11 14:34:05,628 - INFO - Finished processing file: /projects/EEG-foundation-model/CHB-MIT/chb18/chb18_28.edf | Extracted 360 windows | label distribution: {0: 360}
2026-02-11 14:34:05,630 - INFO - Preprocessing parameters : 
 resample_rate=256 | bandpass=False | l_freq=0.5 | h_freq=75.0 | notch=60.0 | max_amp=300.0 | trim=0.0 | min_len_sec=0.0 | use_iir=True | normalize=True | window_size_sec=10.0 | overlap_sec=0.0 
2026-02-11 14:34:07,868 - INFO - Window shape: (28, 2560)
2026-02-11 14:34:09,015 - INFO - Finished processing file: /projects/EEG-foundation-model/CHB-MIT/chb18/chb18_04.edf | Extracted 360 windows | label distribution: {0: 360}
2026-02-11 14:34:09,017 - INFO - Preprocessing parameters : 
 resample_rate=256 | bandpass=False | l_freq=0.5 | h_freq=75.0 | notch=60.0 | max_amp=300.0 | trim=0.0 | min_len_sec=0.0 | use_iir=True | normalize=True | window_size_sec=10.0 | overlap_sec=0.0 
2026-02-11 14:34:11,267 - INFO - Window shape: (28, 2560)
2026-02-11 14:34:12,408 - INFO - Finished processing file: /projects/EEG-foundation-model/CHB-MIT/chb18/chb18_03.edf | Extracted 360 windows | label distribution: {0: 360}
2026-02-11 14:34:12,410 - INFO - Preprocessing parameters : 
 resample_rate=256 | bandpass=False | l_freq=0.5 | h_freq=75.0 | notch=60.0 | max_amp=300.0 | trim=0.0 | min_len_sec=0.0 | use_iir=True | normalize=True | window_size_sec=10.0 | overlap_sec=0.0 
2026-02-11 14:34:14,727 - INFO - Window shape: (28, 2560)
2026-02-11 14:34:15,858 - INFO - Finished processing file: /projects/EEG-foundation-model/CHB-MIT/chb18/chb18_36.edf | Extracted 360 windows | label distribution: {0: 355, 1: 5}
2026-02-11 14:34:15,860 - INFO - Preprocessing parameters : 
 resample_rate=256 | bandpass=False | l_freq=0.5 | h_freq=75.0 | notch=60.0 | max_amp=300.0 | trim=0.0 | min_len_sec=0.0 | use_iir=True | normalize=True | window_size_sec=10.0 | overlap_sec=0.0 
2026-02-11 14:34:17,383 - INFO - Window shape: (28, 2560)
2026-02-11 14:34:18,105 - INFO - Finished processing file: /projects/EEG-foundation-model/CHB-MIT/chb18/chb18_31.edf | Extracted 228 windows | label distribution: {0: 221, 1: 7}
2026-02-11 14:34:18,107 - INFO - Preprocessing parameters : 
 resample_rate=256 | bandpass=False | l_freq=0.5 | h_freq=75.0 | notch=60.0 | max_amp=300.0 | trim=0.0 | min_len_sec=0.0 | use_iir=True | normalize=True | window_size_sec=10.0 | overlap_sec=0.0 
2026-02-11 14:34:20,574 - INFO - Window shape: (28, 2560)
2026-02-11 14:34:21,724 - INFO - Finished processing file: /projects/EEG-foundation-model/CHB-MIT/chb18/chb18_29.edf | Extracted 360 windows | label distribution: {0: 355, 1: 5}
2026-02-11 14:34:21,725 - INFO - Preprocessing parameters : 
 resample_rate=256 | bandpass=False | l_freq=0.5 | h_freq=75.0 | notch=60.0 | max_amp=300.0 | trim=0.0 | min_len_sec=0.0 | use_iir=True | normalize=True | window_size_sec=10.0 | overlap_sec=0.0 
2026-02-11 14:34:23,959 - INFO - Window shape: (28, 2560)
2026-02-11 14:34:25,080 - INFO - Finished processing file: /projects/EEG-foundation-model/CHB-MIT/chb18/chb18_20.edf | Extracted 360 windows | label distribution: {0: 360}
2026-02-11 14:34:25,082 - INFO - Preprocessing parameters : 
 resample_rate=256 | bandpass=False | l_freq=0.5 | h_freq=75.0 | notch=60.0 | max_amp=300.0 | trim=0.0 | min_len_sec=0.0 | use_iir=True | normalize=True | window_size_sec=10.0 | overlap_sec=0.0 
2026-02-11 14:34:27,422 - INFO - Window shape: (28, 2560)
2026-02-11 14:34:28,569 - INFO - Finished processing file: /projects/EEG-foundation-model/CHB-MIT/chb18/chb18_27.edf | Extracted 360 windows | label distribution: {0: 360}
2026-02-11 14:34:28,571 - INFO - Preprocessing parameters : 
 resample_rate=256 | bandpass=False | l_freq=0.5 | h_freq=75.0 | notch=60.0 | max_amp=300.0 | trim=0.0 | min_len_sec=0.0 | use_iir=True | normalize=True | window_size_sec=10.0 | overlap_sec=0.0 
2026-02-11 14:34:30,893 - INFO - Window shape: (28, 2560)
2026-02-11 14:34:32,040 - INFO - Finished processing file: /projects/EEG-foundation-model/CHB-MIT/chb18/chb18_12.edf | Extracted 360 windows | label distribution: {0: 360}
2026-02-11 14:34:32,042 - INFO - Preprocessing parameters : 
 resample_rate=256 | bandpass=False | l_freq=0.5 | h_freq=75.0 | notch=60.0 | max_amp=300.0 | trim=0.0 | min_len_sec=0.0 | use_iir=True | normalize=True | window_size_sec=10.0 | overlap_sec=0.0 
2026-02-11 14:34:34,296 - INFO - Window shape: (28, 2560)
2026-02-11 14:34:35,444 - INFO - Finished processing file: /projects/EEG-foundation-model/CHB-MIT/chb18/chb18_15.edf | Extracted 360 windows | label distribution: {0: 360}
2026-02-11 14:34:35,446 - INFO - File 221: /projects/EEG-foundation-model/CHB-MIT/chb18/chb18_15.edf | Subject ID: chb18 | Extracted 360 windows. Total windows so far: 85066
2026-02-11 14:34:35,446 - INFO - Preprocessing parameters : 
 resample_rate=256 | bandpass=False | l_freq=0.5 | h_freq=75.0 | notch=60.0 | max_amp=300.0 | trim=0.0 | min_len_sec=0.0 | use_iir=True | normalize=True | window_size_sec=10.0 | overlap_sec=0.0 
2026-02-11 14:34:37,739 - INFO - Window shape: (28, 2560)
2026-02-11 14:34:38,887 - INFO - Finished processing file: /projects/EEG-foundation-model/CHB-MIT/chb18/chb18_24.edf | Extracted 360 windows | label distribution: {0: 360}
2026-02-11 14:34:38,889 - INFO - Preprocessing parameters : 
 resample_rate=256 | bandpass=False | l_freq=0.5 | h_freq=75.0 | notch=60.0 | max_amp=300.0 | trim=0.0 | min_len_sec=0.0 | use_iir=True | normalize=True | window_size_sec=10.0 | overlap_sec=0.0 
2026-02-11 14:34:41,171 - INFO - Window shape: (28, 2560)
2026-02-11 14:34:42,317 - INFO - Finished processing file: /projects/EEG-foundation-model/CHB-MIT/chb18/chb18_23.edf | Extracted 360 windows | label distribution: {0: 360}
2026-02-11 14:34:42,319 - INFO - Preprocessing parameters : 
 resample_rate=256 | bandpass=False | l_freq=0.5 | h_freq=75.0 | notch=60.0 | max_amp=300.0 | trim=0.0 | min_len_sec=0.0 | use_iir=True | normalize=True | window_size_sec=10.0 | overlap_sec=0.0 
2026-02-11 14:34:44,622 - INFO - Window shape: (28, 2560)
2026-02-11 14:34:45,763 - INFO - Finished processing file: /projects/EEG-foundation-model/CHB-MIT/chb18/chb18_16.edf | Extracted 360 windows | label distribution: {0: 360}
2026-02-11 14:34:45,765 - INFO - Preprocessing parameters : 
 resample_rate=256 | bandpass=False | l_freq=0.5 | h_freq=75.0 | notch=60.0 | max_amp=300.0 | trim=0.0 | min_len_sec=0.0 | use_iir=True | normalize=True | window_size_sec=10.0 | overlap_sec=0.0 
2026-02-11 14:34:48,061 - INFO - Window shape: (28, 2560)
2026-02-11 14:34:49,209 - INFO - Finished processing file: /projects/EEG-foundation-model/CHB-MIT/chb18/chb18_11.edf | Extracted 360 windows | label distribution: {0: 360}
2026-02-11 14:34:49,210 - INFO - Preprocessing parameters : 
 resample_rate=256 | bandpass=False | l_freq=0.5 | h_freq=75.0 | notch=60.0 | max_amp=300.0 | trim=0.0 | min_len_sec=0.0 | use_iir=True | normalize=True | window_size_sec=10.0 | overlap_sec=0.0 
2026-02-11 14:34:51,458 - INFO - Window shape: (28, 2560)
2026-02-11 14:34:52,604 - INFO - Finished processing file: /projects/EEG-foundation-model/CHB-MIT/chb18/chb18_18.edf | Extracted 360 windows | label distribution: {0: 360}
2026-02-11 14:34:52,606 - INFO - Preprocessing parameters : 
 resample_rate=256 | bandpass=False | l_freq=0.5 | h_freq=75.0 | notch=60.0 | max_amp=300.0 | trim=0.0 | min_len_sec=0.0 | use_iir=True | normalize=True | window_size_sec=10.0 | overlap_sec=0.0 
2026-02-11 14:34:54,820 - INFO - Window shape: (28, 2560)
2026-02-11 14:34:55,967 - INFO - Finished processing file: /projects/EEG-foundation-model/CHB-MIT/chb18/chb18_09.edf | Extracted 360 windows | label distribution: {0: 360}
2026-02-11 14:34:55,969 - INFO - Preprocessing parameters : 
 resample_rate=256 | bandpass=False | l_freq=0.5 | h_freq=75.0 | notch=60.0 | max_amp=300.0 | trim=0.0 | min_len_sec=0.0 | use_iir=True | normalize=True | window_size_sec=10.0 | overlap_sec=0.0 
2026-02-11 14:34:58,307 - INFO - Window shape: (28, 2560)
2026-02-11 14:34:59,456 - INFO - Finished processing file: /projects/EEG-foundation-model/CHB-MIT/chb18/chb18_07.edf | Extracted 360 windows | label distribution: {0: 360}
2026-02-11 14:34:59,458 - INFO - Preprocessing parameters : 
 resample_rate=256 | bandpass=False | l_freq=0.5 | h_freq=75.0 | notch=60.0 | max_amp=300.0 | trim=0.0 | min_len_sec=0.0 | use_iir=True | normalize=True | window_size_sec=10.0 | overlap_sec=0.0 
2026-02-11 14:35:01,853 - INFO - Window shape: (28, 2560)
2026-02-11 14:35:02,976 - INFO - Finished processing file: /projects/EEG-foundation-model/CHB-MIT/chb18/chb18_32.edf | Extracted 361 windows | label distribution: {0: 355, 1: 6}
2026-02-11 14:35:02,978 - INFO - Preprocessing parameters : 
 resample_rate=256 | bandpass=False | l_freq=0.5 | h_freq=75.0 | notch=60.0 | max_amp=300.0 | trim=0.0 | min_len_sec=0.0 | use_iir=True | normalize=True | window_size_sec=10.0 | overlap_sec=0.0 
2026-02-11 14:35:05,425 - INFO - Window shape: (28, 2560)
2026-02-11 14:35:06,545 - INFO - Finished processing file: /projects/EEG-foundation-model/CHB-MIT/chb18/chb18_35.edf | Extracted 361 windows | label distribution: {0: 354, 1: 7}
2026-02-11 14:35:06,547 - INFO - Preprocessing parameters : 
 resample_rate=256 | bandpass=False | l_freq=0.5 | h_freq=75.0 | notch=60.0 | max_amp=300.0 | trim=0.0 | min_len_sec=0.0 | use_iir=True | normalize=True | window_size_sec=10.0 | overlap_sec=0.0 
2026-02-11 14:35:09,034 - INFO - Window shape: (28, 2560)
2026-02-11 14:35:10,183 - INFO - Finished processing file: /projects/EEG-foundation-model/CHB-MIT/chb18/chb18_19.edf | Extracted 360 windows | label distribution: {0: 360}
2026-02-11 14:35:10,184 - INFO - File 231: /projects/EEG-foundation-model/CHB-MIT/chb18/chb18_19.edf | Subject ID: chb18 | Extracted 360 windows. Total windows so far: 88668
2026-02-11 14:35:10,185 - INFO - Preprocessing parameters : 
 resample_rate=256 | bandpass=False | l_freq=0.5 | h_freq=75.0 | notch=60.0 | max_amp=300.0 | trim=0.0 | min_len_sec=0.0 | use_iir=True | normalize=True | window_size_sec=10.0 | overlap_sec=0.0 
2026-02-11 14:35:12,496 - INFO - Window shape: (28, 2560)
2026-02-11 14:35:13,644 - INFO - Finished processing file: /projects/EEG-foundation-model/CHB-MIT/chb18/chb18_10.edf | Extracted 360 windows | label distribution: {0: 360}
2026-02-11 14:35:13,646 - INFO - Preprocessing parameters : 
 resample_rate=256 | bandpass=False | l_freq=0.5 | h_freq=75.0 | notch=60.0 | max_amp=300.0 | trim=0.0 | min_len_sec=0.0 | use_iir=True | normalize=True | window_size_sec=10.0 | overlap_sec=0.0 
2026-02-11 14:35:15,831 - INFO - Window shape: (28, 2560)
2026-02-11 14:35:16,972 - INFO - Finished processing file: /projects/EEG-foundation-model/CHB-MIT/chb18/chb18_17.edf | Extracted 360 windows | label distribution: {0: 360}
2026-02-11 14:35:16,974 - INFO - Preprocessing parameters : 
 resample_rate=256 | bandpass=False | l_freq=0.5 | h_freq=75.0 | notch=60.0 | max_amp=300.0 | trim=0.0 | min_len_sec=0.0 | use_iir=True | normalize=True | window_size_sec=10.0 | overlap_sec=0.0 
2026-02-11 14:35:19,230 - INFO - Window shape: (28, 2560)
2026-02-11 14:35:20,356 - INFO - Finished processing file: /projects/EEG-foundation-model/CHB-MIT/chb18/chb18_22.edf | Extracted 360 windows | label distribution: {0: 360}
2026-02-11 14:35:20,358 - INFO - Preprocessing parameters : 
 resample_rate=256 | bandpass=False | l_freq=0.5 | h_freq=75.0 | notch=60.0 | max_amp=300.0 | trim=0.0 | min_len_sec=0.0 | use_iir=True | normalize=True | window_size_sec=10.0 | overlap_sec=0.0 
2026-02-11 14:35:22,729 - INFO - Window shape: (28, 2560)
2026-02-11 14:35:23,877 - INFO - Finished processing file: /projects/EEG-foundation-model/CHB-MIT/chb18/chb18_25.edf | Extracted 360 windows | label distribution: {0: 360}
2026-02-11 14:35:23,879 - INFO - Preprocessing parameters : 
 resample_rate=256 | bandpass=False | l_freq=0.5 | h_freq=75.0 | notch=60.0 | max_amp=300.0 | trim=0.0 | min_len_sec=0.0 | use_iir=True | normalize=True | window_size_sec=10.0 | overlap_sec=0.0 
2026-02-11 14:35:26,184 - INFO - Window shape: (28, 2560)
2026-02-11 14:35:27,318 - INFO - Finished processing file: /projects/EEG-foundation-model/CHB-MIT/chb18/chb18_34.edf | Extracted 360 windows | label distribution: {0: 360}
2026-02-11 14:35:27,320 - INFO - Preprocessing parameters : 
 resample_rate=256 | bandpass=False | l_freq=0.5 | h_freq=75.0 | notch=60.0 | max_amp=300.0 | trim=0.0 | min_len_sec=0.0 | use_iir=True | normalize=True | window_size_sec=10.0 | overlap_sec=0.0 
2026-02-11 14:35:29,744 - INFO - Window shape: (28, 2560)
2026-02-11 14:35:30,889 - INFO - Finished processing file: /projects/EEG-foundation-model/CHB-MIT/chb18/chb18_33.edf | Extracted 360 windows | label distribution: {0: 360}
2026-02-11 14:35:30,891 - INFO - Preprocessing parameters : 
 resample_rate=256 | bandpass=False | l_freq=0.5 | h_freq=75.0 | notch=60.0 | max_amp=300.0 | trim=0.0 | min_len_sec=0.0 | use_iir=True | normalize=True | window_size_sec=10.0 | overlap_sec=0.0 
2026-02-11 14:35:33,175 - INFO - Window shape: (28, 2560)
2026-02-11 14:35:34,323 - INFO - Finished processing file: /projects/EEG-foundation-model/CHB-MIT/chb18/chb18_06.edf | Extracted 360 windows | label distribution: {0: 360}
2026-02-11 14:35:34,324 - INFO - Preprocessing parameters : 
 resample_rate=256 | bandpass=False | l_freq=0.5 | h_freq=75.0 | notch=60.0 | max_amp=300.0 | trim=0.0 | min_len_sec=0.0 | use_iir=True | normalize=True | window_size_sec=10.0 | overlap_sec=0.0 
2026-02-11 14:35:36,173 - INFO - Window shape: (22, 2560)
2026-02-11 14:35:37,077 - INFO - Finished processing file: /projects/EEG-foundation-model/CHB-MIT/chb18/chb18_01.edf | Extracted 361 windows | label distribution: {0: 361}
2026-02-11 14:35:37,079 - INFO - Preprocessing parameters : 
 resample_rate=256 | bandpass=False | l_freq=0.5 | h_freq=75.0 | notch=60.0 | max_amp=300.0 | trim=0.0 | min_len_sec=0.0 | use_iir=True | normalize=True | window_size_sec=10.0 | overlap_sec=0.0 
2026-02-11 14:35:39,303 - INFO - Window shape: (28, 2560)
2026-02-11 14:35:40,449 - INFO - Finished processing file: /projects/EEG-foundation-model/CHB-MIT/chb18/chb18_08.edf | Extracted 360 windows | label distribution: {0: 360}
2026-02-11 14:35:40,451 - INFO - Preprocessing parameters : 
 resample_rate=256 | bandpass=False | l_freq=0.5 | h_freq=75.0 | notch=60.0 | max_amp=300.0 | trim=0.0 | min_len_sec=0.0 | use_iir=True | normalize=True | window_size_sec=10.0 | overlap_sec=0.0 
2026-02-11 14:35:42,357 - INFO - Window shape: (28, 2560)
2026-02-11 14:35:43,299 - INFO - Finished processing file: /projects/EEG-foundation-model/CHB-MIT/chb20/chb20_23.edf | Extracted 296 windows | label distribution: {0: 296}
2026-02-11 14:35:43,300 - INFO - File 241: /projects/EEG-foundation-model/CHB-MIT/chb20/chb20_23.edf | Subject ID: chb20 | Extracted 296 windows. Total windows so far: 92205
2026-02-11 14:35:43,300 - INFO - Preprocessing parameters : 
 resample_rate=256 | bandpass=False | l_freq=0.5 | h_freq=75.0 | notch=60.0 | max_amp=300.0 | trim=0.0 | min_len_sec=0.0 | use_iir=True | normalize=True | window_size_sec=10.0 | overlap_sec=0.0 
2026-02-11 14:35:45,490 - INFO - Window shape: (28, 2560)
2026-02-11 14:35:46,600 - INFO - Finished processing file: /projects/EEG-foundation-model/CHB-MIT/chb20/chb20_16.edf | Extracted 348 windows | label distribution: {0: 344, 1: 4}
2026-02-11 14:35:46,602 - INFO - Preprocessing parameters : 
 resample_rate=256 | bandpass=False | l_freq=0.5 | h_freq=75.0 | notch=60.0 | max_amp=300.0 | trim=0.0 | min_len_sec=0.0 | use_iir=True | normalize=True | window_size_sec=10.0 | overlap_sec=0.0 
2026-02-11 14:35:48,812 - INFO - Window shape: (28, 2560)
2026-02-11 14:35:49,954 - INFO - Finished processing file: /projects/EEG-foundation-model/CHB-MIT/chb20/chb20_11.edf | Extracted 360 windows | label distribution: {0: 360}
2026-02-11 14:35:49,956 - INFO - Preprocessing parameters : 
 resample_rate=256 | bandpass=False | l_freq=0.5 | h_freq=75.0 | notch=60.0 | max_amp=300.0 | trim=0.0 | min_len_sec=0.0 | use_iir=True | normalize=True | window_size_sec=10.0 | overlap_sec=0.0 
2026-02-11 14:35:52,285 - INFO - Window shape: (28, 2560)
2026-02-11 14:35:53,442 - INFO - Finished processing file: /projects/EEG-foundation-model/CHB-MIT/chb20/chb20_07.edf | Extracted 360 windows | label distribution: {0: 360}
2026-02-11 14:35:53,444 - INFO - Preprocessing parameters : 
 resample_rate=256 | bandpass=False | l_freq=0.5 | h_freq=75.0 | notch=60.0 | max_amp=300.0 | trim=0.0 | min_len_sec=0.0 | use_iir=True | normalize=True | window_size_sec=10.0 | overlap_sec=0.0 
2026-02-11 14:35:55,723 - INFO - Window shape: (28, 2560)
2026-02-11 14:35:56,870 - INFO - Finished processing file: /projects/EEG-foundation-model/CHB-MIT/chb20/chb20_17.edf | Extracted 360 windows | label distribution: {0: 360}
2026-02-11 14:35:56,872 - INFO - Preprocessing parameters : 
 resample_rate=256 | bandpass=False | l_freq=0.5 | h_freq=75.0 | notch=60.0 | max_amp=300.0 | trim=0.0 | min_len_sec=0.0 | use_iir=True | normalize=True | window_size_sec=10.0 | overlap_sec=0.0 
2026-02-11 14:35:57,480 - INFO - Window shape: (28, 2560)
2026-02-11 14:35:57,719 - INFO - Finished processing file: /projects/EEG-foundation-model/CHB-MIT/chb20/chb20_22.edf | Extracted 74 windows | label distribution: {0: 74}
2026-02-11 14:35:57,721 - INFO - Preprocessing parameters : 
 resample_rate=256 | bandpass=False | l_freq=0.5 | h_freq=75.0 | notch=60.0 | max_amp=300.0 | trim=0.0 | min_len_sec=0.0 | use_iir=True | normalize=True | window_size_sec=10.0 | overlap_sec=0.0 
2026-02-11 14:35:59,941 - INFO - Window shape: (28, 2560)
2026-02-11 14:36:01,089 - INFO - Finished processing file: /projects/EEG-foundation-model/CHB-MIT/chb20/chb20_59.edf | Extracted 360 windows | label distribution: {0: 360}
2026-02-11 14:36:01,091 - INFO - Preprocessing parameters : 
 resample_rate=256 | bandpass=False | l_freq=0.5 | h_freq=75.0 | notch=60.0 | max_amp=300.0 | trim=0.0 | min_len_sec=0.0 | use_iir=True | normalize=True | window_size_sec=10.0 | overlap_sec=0.0 
2026-02-11 14:36:03,495 - INFO - Window shape: (28, 2560)
2026-02-11 14:36:04,643 - INFO - Finished processing file: /projects/EEG-foundation-model/CHB-MIT/chb20/chb20_25.edf | Extracted 360 windows | label distribution: {0: 360}
2026-02-11 14:36:04,645 - INFO - Preprocessing parameters : 
 resample_rate=256 | bandpass=False | l_freq=0.5 | h_freq=75.0 | notch=60.0 | max_amp=300.0 | trim=0.0 | min_len_sec=0.0 | use_iir=True | normalize=True | window_size_sec=10.0 | overlap_sec=0.0 
2026-02-11 14:36:06,842 - INFO - Window shape: (28, 2560)
2026-02-11 14:36:07,990 - INFO - Finished processing file: /projects/EEG-foundation-model/CHB-MIT/chb20/chb20_34.edf | Extracted 360 windows | label distribution: {0: 360}
2026-02-11 14:36:07,992 - INFO - Preprocessing parameters : 
 resample_rate=256 | bandpass=False | l_freq=0.5 | h_freq=75.0 | notch=60.0 | max_amp=300.0 | trim=0.0 | min_len_sec=0.0 | use_iir=True | normalize=True | window_size_sec=10.0 | overlap_sec=0.0 
2026-02-11 14:36:10,258 - INFO - Window shape: (28, 2560)
2026-02-11 14:36:11,407 - INFO - Finished processing file: /projects/EEG-foundation-model/CHB-MIT/chb20/chb20_08.edf | Extracted 360 windows | label distribution: {0: 360}
2026-02-11 14:36:11,409 - INFO - Preprocessing parameters : 
 resample_rate=256 | bandpass=False | l_freq=0.5 | h_freq=75.0 | notch=60.0 | max_amp=300.0 | trim=0.0 | min_len_sec=0.0 | use_iir=True | normalize=True | window_size_sec=10.0 | overlap_sec=0.0 
2026-02-11 14:36:13,726 - INFO - Window shape: (28, 2560)
2026-02-11 14:36:14,874 - INFO - Finished processing file: /projects/EEG-foundation-model/CHB-MIT/chb20/chb20_06.edf | Extracted 360 windows | label distribution: {0: 360}
2026-02-11 14:36:14,875 - INFO - File 251: /projects/EEG-foundation-model/CHB-MIT/chb20/chb20_06.edf | Subject ID: chb20 | Extracted 360 windows. Total windows so far: 95507
2026-02-11 14:36:14,876 - INFO - Preprocessing parameters : 
 resample_rate=256 | bandpass=False | l_freq=0.5 | h_freq=75.0 | notch=60.0 | max_amp=300.0 | trim=0.0 | min_len_sec=0.0 | use_iir=True | normalize=True | window_size_sec=10.0 | overlap_sec=0.0 
2026-02-11 14:36:17,255 - INFO - Window shape: (28, 2560)
2026-02-11 14:36:18,406 - INFO - Finished processing file: /projects/EEG-foundation-model/CHB-MIT/chb20/chb20_01.edf | Extracted 361 windows | label distribution: {0: 361}
2026-02-11 14:36:18,408 - INFO - Preprocessing parameters : 
 resample_rate=256 | bandpass=False | l_freq=0.5 | h_freq=75.0 | notch=60.0 | max_amp=300.0 | trim=0.0 | min_len_sec=0.0 | use_iir=True | normalize=True | window_size_sec=10.0 | overlap_sec=0.0 
2026-02-11 14:36:20,658 - INFO - Window shape: (28, 2560)
2026-02-11 14:36:21,796 - INFO - Finished processing file: /projects/EEG-foundation-model/CHB-MIT/chb20/chb20_30.edf | Extracted 360 windows | label distribution: {0: 360}
2026-02-11 14:36:21,797 - INFO - Preprocessing parameters : 
 resample_rate=256 | bandpass=False | l_freq=0.5 | h_freq=75.0 | notch=60.0 | max_amp=300.0 | trim=0.0 | min_len_sec=0.0 | use_iir=True | normalize=True | window_size_sec=10.0 | overlap_sec=0.0 
2026-02-11 14:36:23,995 - INFO - Window shape: (28, 2560)
2026-02-11 14:36:25,143 - INFO - Finished processing file: /projects/EEG-foundation-model/CHB-MIT/chb20/chb20_02.edf | Extracted 360 windows | label distribution: {0: 360}
2026-02-11 14:36:25,145 - INFO - Preprocessing parameters : 
 resample_rate=256 | bandpass=False | l_freq=0.5 | h_freq=75.0 | notch=60.0 | max_amp=300.0 | trim=0.0 | min_len_sec=0.0 | use_iir=True | normalize=True | window_size_sec=10.0 | overlap_sec=0.0 
2026-02-11 14:36:27,340 - INFO - Window shape: (28, 2560)
2026-02-11 14:36:28,458 - INFO - Finished processing file: /projects/EEG-foundation-model/CHB-MIT/chb20/chb20_05.edf | Extracted 360 windows | label distribution: {0: 360}
2026-02-11 14:36:28,460 - INFO - Preprocessing parameters : 
 resample_rate=256 | bandpass=False | l_freq=0.5 | h_freq=75.0 | notch=60.0 | max_amp=300.0 | trim=0.0 | min_len_sec=0.0 | use_iir=True | normalize=True | window_size_sec=10.0 | overlap_sec=0.0 
2026-02-11 14:36:30,744 - INFO - Window shape: (28, 2560)
2026-02-11 14:36:31,891 - INFO - Finished processing file: /projects/EEG-foundation-model/CHB-MIT/chb20/chb20_14.edf | Extracted 360 windows | label distribution: {0: 356, 1: 4}
2026-02-11 14:36:31,893 - INFO - Preprocessing parameters : 
 resample_rate=256 | bandpass=False | l_freq=0.5 | h_freq=75.0 | notch=60.0 | max_amp=300.0 | trim=0.0 | min_len_sec=0.0 | use_iir=True | normalize=True | window_size_sec=10.0 | overlap_sec=0.0 
2026-02-11 14:36:33,413 - INFO - Window shape: (28, 2560)
2026-02-11 14:36:34,097 - INFO - Finished processing file: /projects/EEG-foundation-model/CHB-MIT/chb20/chb20_68.edf | Extracted 216 windows | label distribution: {0: 212, 1: 4}
2026-02-11 14:36:34,098 - INFO - Preprocessing parameters : 
 resample_rate=256 | bandpass=False | l_freq=0.5 | h_freq=75.0 | notch=60.0 | max_amp=300.0 | trim=0.0 | min_len_sec=0.0 | use_iir=True | normalize=True | window_size_sec=10.0 | overlap_sec=0.0 
2026-02-11 14:36:36,307 - INFO - Window shape: (28, 2560)
2026-02-11 14:36:37,455 - INFO - Finished processing file: /projects/EEG-foundation-model/CHB-MIT/chb20/chb20_13.edf | Extracted 360 windows | label distribution: {0: 353, 1: 7}
2026-02-11 14:36:37,457 - INFO - Preprocessing parameters : 
 resample_rate=256 | bandpass=False | l_freq=0.5 | h_freq=75.0 | notch=60.0 | max_amp=300.0 | trim=0.0 | min_len_sec=0.0 | use_iir=True | normalize=True | window_size_sec=10.0 | overlap_sec=0.0 
2026-02-11 14:36:39,733 - INFO - Window shape: (28, 2560)
2026-02-11 14:36:40,881 - INFO - Finished processing file: /projects/EEG-foundation-model/CHB-MIT/chb20/chb20_28.edf | Extracted 360 windows | label distribution: {0: 360}
2026-02-11 14:36:40,883 - INFO - Preprocessing parameters : 
 resample_rate=256 | bandpass=False | l_freq=0.5 | h_freq=75.0 | notch=60.0 | max_amp=300.0 | trim=0.0 | min_len_sec=0.0 | use_iir=True | normalize=True | window_size_sec=10.0 | overlap_sec=0.0 
2026-02-11 14:36:43,380 - INFO - Window shape: (28, 2560)
2026-02-11 14:36:44,528 - INFO - Finished processing file: /projects/EEG-foundation-model/CHB-MIT/chb20/chb20_26.edf | Extracted 360 windows | label distribution: {0: 360}
2026-02-11 14:36:44,530 - INFO - Preprocessing parameters : 
 resample_rate=256 | bandpass=False | l_freq=0.5 | h_freq=75.0 | notch=60.0 | max_amp=300.0 | trim=0.0 | min_len_sec=0.0 | use_iir=True | normalize=True | window_size_sec=10.0 | overlap_sec=0.0 
2026-02-11 14:36:46,877 - INFO - Window shape: (28, 2560)
2026-02-11 14:36:48,004 - INFO - Finished processing file: /projects/EEG-foundation-model/CHB-MIT/chb20/chb20_21.edf | Extracted 362 windows | label distribution: {0: 362}
2026-02-11 14:36:48,006 - INFO - File 261: /projects/EEG-foundation-model/CHB-MIT/chb20/chb20_21.edf | Subject ID: chb20 | Extracted 362 windows. Total windows so far: 98966
2026-02-11 14:36:48,006 - INFO - Preprocessing parameters : 
 resample_rate=256 | bandpass=False | l_freq=0.5 | h_freq=75.0 | notch=60.0 | max_amp=300.0 | trim=0.0 | min_len_sec=0.0 | use_iir=True | normalize=True | window_size_sec=10.0 | overlap_sec=0.0 
2026-02-11 14:36:50,318 - INFO - Window shape: (28, 2560)
2026-02-11 14:36:51,465 - INFO - Finished processing file: /projects/EEG-foundation-model/CHB-MIT/chb20/chb20_04.edf | Extracted 360 windows | label distribution: {0: 360}
2026-02-11 14:36:51,467 - INFO - Preprocessing parameters : 
 resample_rate=256 | bandpass=False | l_freq=0.5 | h_freq=75.0 | notch=60.0 | max_amp=300.0 | trim=0.0 | min_len_sec=0.0 | use_iir=True | normalize=True | window_size_sec=10.0 | overlap_sec=0.0 
2026-02-11 14:36:53,763 - INFO - Window shape: (28, 2560)
2026-02-11 14:36:54,910 - INFO - Finished processing file: /projects/EEG-foundation-model/CHB-MIT/chb20/chb20_03.edf | Extracted 360 windows | label distribution: {0: 360}
2026-02-11 14:36:54,912 - INFO - Preprocessing parameters : 
 resample_rate=256 | bandpass=False | l_freq=0.5 | h_freq=75.0 | notch=60.0 | max_amp=300.0 | trim=0.0 | min_len_sec=0.0 | use_iir=True | normalize=True | window_size_sec=10.0 | overlap_sec=0.0 
2026-02-11 14:36:57,214 - INFO - Window shape: (28, 2560)
2026-02-11 14:36:58,362 - INFO - Finished processing file: /projects/EEG-foundation-model/CHB-MIT/chb20/chb20_31.edf | Extracted 360 windows | label distribution: {0: 360}
2026-02-11 14:36:58,364 - INFO - Preprocessing parameters : 
 resample_rate=256 | bandpass=False | l_freq=0.5 | h_freq=75.0 | notch=60.0 | max_amp=300.0 | trim=0.0 | min_len_sec=0.0 | use_iir=True | normalize=True | window_size_sec=10.0 | overlap_sec=0.0 
2026-02-11 14:37:00,726 - INFO - Window shape: (28, 2560)
2026-02-11 14:37:01,862 - INFO - Finished processing file: /projects/EEG-foundation-model/CHB-MIT/chb20/chb20_27.edf | Extracted 360 windows | label distribution: {0: 360}
2026-02-11 14:37:01,864 - INFO - Preprocessing parameters : 
 resample_rate=256 | bandpass=False | l_freq=0.5 | h_freq=75.0 | notch=60.0 | max_amp=300.0 | trim=0.0 | min_len_sec=0.0 | use_iir=True | normalize=True | window_size_sec=10.0 | overlap_sec=0.0 
2026-02-11 14:37:04,155 - INFO - Window shape: (28, 2560)
2026-02-11 14:37:05,304 - INFO - Finished processing file: /projects/EEG-foundation-model/CHB-MIT/chb20/chb20_29.edf | Extracted 360 windows | label distribution: {0: 360}
2026-02-11 14:37:05,305 - INFO - Preprocessing parameters : 
 resample_rate=256 | bandpass=False | l_freq=0.5 | h_freq=75.0 | notch=60.0 | max_amp=300.0 | trim=0.0 | min_len_sec=0.0 | use_iir=True | normalize=True | window_size_sec=10.0 | overlap_sec=0.0 
2026-02-11 14:37:07,516 - INFO - Window shape: (28, 2560)
2026-02-11 14:37:08,663 - INFO - Finished processing file: /projects/EEG-foundation-model/CHB-MIT/chb20/chb20_60.edf | Extracted 360 windows | label distribution: {0: 360}
2026-02-11 14:37:08,665 - INFO - Preprocessing parameters : 
 resample_rate=256 | bandpass=False | l_freq=0.5 | h_freq=75.0 | notch=60.0 | max_amp=300.0 | trim=0.0 | min_len_sec=0.0 | use_iir=True | normalize=True | window_size_sec=10.0 | overlap_sec=0.0 
2026-02-11 14:37:10,884 - INFO - Window shape: (28, 2560)
2026-02-11 14:37:12,032 - INFO - Finished processing file: /projects/EEG-foundation-model/CHB-MIT/chb20/chb20_12.edf | Extracted 360 windows | label distribution: {0: 357, 1: 3}
2026-02-11 14:37:12,034 - INFO - Preprocessing parameters : 
 resample_rate=256 | bandpass=False | l_freq=0.5 | h_freq=75.0 | notch=60.0 | max_amp=300.0 | trim=0.0 | min_len_sec=0.0 | use_iir=True | normalize=True | window_size_sec=10.0 | overlap_sec=0.0 
2026-02-11 14:37:14,275 - INFO - Window shape: (28, 2560)
2026-02-11 14:37:15,424 - INFO - Finished processing file: /projects/EEG-foundation-model/CHB-MIT/chb20/chb20_15.edf | Extracted 360 windows | label distribution: {0: 351, 1: 9}
2026-02-11 14:37:15,426 - INFO - Preprocessing parameters : 
 resample_rate=256 | bandpass=False | l_freq=0.5 | h_freq=75.0 | notch=60.0 | max_amp=300.0 | trim=0.0 | min_len_sec=0.0 | use_iir=True | normalize=True | window_size_sec=10.0 | overlap_sec=0.0 
2026-02-11 14:37:17,267 - INFO - Window shape: (23, 2560)
2026-02-11 14:37:18,204 - INFO - Finished processing file: /projects/EEG-foundation-model/CHB-MIT/chb01/chb01_41.edf | Extracted 360 windows | label distribution: {0: 360}
2026-02-11 14:37:18,205 - INFO - Preprocessing parameters : 
 resample_rate=256 | bandpass=False | l_freq=0.5 | h_freq=75.0 | notch=60.0 | max_amp=300.0 | trim=0.0 | min_len_sec=0.0 | use_iir=True | normalize=True | window_size_sec=10.0 | overlap_sec=0.0 
2026-02-11 14:37:20,112 - INFO - Window shape: (23, 2560)
2026-02-11 14:37:21,049 - INFO - Finished processing file: /projects/EEG-foundation-model/CHB-MIT/chb01/chb01_46.edf | Extracted 360 windows | label distribution: {0: 360}
2026-02-11 14:37:21,050 - INFO - File 271: /projects/EEG-foundation-model/CHB-MIT/chb01/chb01_46.edf | Subject ID: chb01 | Extracted 360 windows. Total windows so far: 102566
2026-02-11 14:37:21,051 - INFO - Preprocessing parameters : 
 resample_rate=256 | bandpass=False | l_freq=0.5 | h_freq=75.0 | notch=60.0 | max_amp=300.0 | trim=0.0 | min_len_sec=0.0 | use_iir=True | normalize=True | window_size_sec=10.0 | overlap_sec=0.0 
2026-02-11 14:37:22,998 - INFO - Window shape: (23, 2560)
2026-02-11 14:37:23,936 - INFO - Finished processing file: /projects/EEG-foundation-model/CHB-MIT/chb01/chb01_34.edf | Extracted 360 windows | label distribution: {0: 360}
2026-02-11 14:37:23,938 - INFO - Preprocessing parameters : 
 resample_rate=256 | bandpass=False | l_freq=0.5 | h_freq=75.0 | notch=60.0 | max_amp=300.0 | trim=0.0 | min_len_sec=0.0 | use_iir=True | normalize=True | window_size_sec=10.0 | overlap_sec=0.0 
2026-02-11 14:37:25,810 - INFO - Window shape: (23, 2560)
2026-02-11 14:37:26,746 - INFO - Finished processing file: /projects/EEG-foundation-model/CHB-MIT/chb01/chb01_33.edf | Extracted 360 windows | label distribution: {0: 360}
2026-02-11 14:37:26,747 - INFO - Preprocessing parameters : 
 resample_rate=256 | bandpass=False | l_freq=0.5 | h_freq=75.0 | notch=60.0 | max_amp=300.0 | trim=0.0 | min_len_sec=0.0 | use_iir=True | normalize=True | window_size_sec=10.0 | overlap_sec=0.0 
2026-02-11 14:37:28,660 - INFO - Window shape: (23, 2560)
2026-02-11 14:37:29,627 - INFO - Finished processing file: /projects/EEG-foundation-model/CHB-MIT/chb01/chb01_06.edf | Extracted 360 windows | label distribution: {0: 360}
2026-02-11 14:37:29,629 - INFO - Preprocessing parameters : 
 resample_rate=256 | bandpass=False | l_freq=0.5 | h_freq=75.0 | notch=60.0 | max_amp=300.0 | trim=0.0 | min_len_sec=0.0 | use_iir=True | normalize=True | window_size_sec=10.0 | overlap_sec=0.0 
2026-02-11 14:37:31,580 - INFO - Window shape: (23, 2560)
2026-02-11 14:37:32,516 - INFO - Finished processing file: /projects/EEG-foundation-model/CHB-MIT/chb01/chb01_01.edf | Extracted 360 windows | label distribution: {0: 360}
2026-02-11 14:37:32,518 - INFO - Preprocessing parameters : 
 resample_rate=256 | bandpass=False | l_freq=0.5 | h_freq=75.0 | notch=60.0 | max_amp=300.0 | trim=0.0 | min_len_sec=0.0 | use_iir=True | normalize=True | window_size_sec=10.0 | overlap_sec=0.0 
2026-02-11 14:37:34,636 - INFO - Window shape: (23, 2560)
2026-02-11 14:37:35,589 - INFO - Finished processing file: /projects/EEG-foundation-model/CHB-MIT/chb01/chb01_08.edf | Extracted 360 windows | label distribution: {0: 360}
2026-02-11 14:37:35,591 - INFO - Preprocessing parameters : 
 resample_rate=256 | bandpass=False | l_freq=0.5 | h_freq=75.0 | notch=60.0 | max_amp=300.0 | trim=0.0 | min_len_sec=0.0 | use_iir=True | normalize=True | window_size_sec=10.0 | overlap_sec=0.0 
2026-02-11 14:37:37,547 - INFO - Window shape: (23, 2560)
2026-02-11 14:37:38,504 - INFO - Finished processing file: /projects/EEG-foundation-model/CHB-MIT/chb01/chb01_19.edf | Extracted 360 windows | label distribution: {0: 360}
2026-02-11 14:37:38,506 - INFO - Preprocessing parameters : 
 resample_rate=256 | bandpass=False | l_freq=0.5 | h_freq=75.0 | notch=60.0 | max_amp=300.0 | trim=0.0 | min_len_sec=0.0 | use_iir=True | normalize=True | window_size_sec=10.0 | overlap_sec=0.0 
2026-02-11 14:37:40,466 - INFO - Window shape: (23, 2560)
2026-02-11 14:37:41,402 - INFO - Finished processing file: /projects/EEG-foundation-model/CHB-MIT/chb01/chb01_10.edf | Extracted 360 windows | label distribution: {0: 360}
2026-02-11 14:37:41,404 - INFO - Preprocessing parameters : 
 resample_rate=256 | bandpass=False | l_freq=0.5 | h_freq=75.0 | notch=60.0 | max_amp=300.0 | trim=0.0 | min_len_sec=0.0 | use_iir=True | normalize=True | window_size_sec=10.0 | overlap_sec=0.0 
2026-02-11 14:37:43,411 - INFO - Window shape: (23, 2560)
2026-02-11 14:37:44,347 - INFO - Finished processing file: /projects/EEG-foundation-model/CHB-MIT/chb01/chb01_17.edf | Extracted 360 windows | label distribution: {0: 360}
2026-02-11 14:37:44,349 - INFO - Preprocessing parameters : 
 resample_rate=256 | bandpass=False | l_freq=0.5 | h_freq=75.0 | notch=60.0 | max_amp=300.0 | trim=0.0 | min_len_sec=0.0 | use_iir=True | normalize=True | window_size_sec=10.0 | overlap_sec=0.0 
2026-02-11 14:37:46,290 - INFO - Window shape: (23, 2560)
2026-02-11 14:37:47,228 - INFO - Finished processing file: /projects/EEG-foundation-model/CHB-MIT/chb01/chb01_22.edf | Extracted 360 windows | label distribution: {0: 360}
2026-02-11 14:37:47,230 - INFO - Preprocessing parameters : 
 resample_rate=256 | bandpass=False | l_freq=0.5 | h_freq=75.0 | notch=60.0 | max_amp=300.0 | trim=0.0 | min_len_sec=0.0 | use_iir=True | normalize=True | window_size_sec=10.0 | overlap_sec=0.0 
2026-02-11 14:37:49,349 - INFO - Window shape: (23, 2560)
2026-02-11 14:37:50,285 - INFO - Finished processing file: /projects/EEG-foundation-model/CHB-MIT/chb01/chb01_25.edf | Extracted 360 windows | label distribution: {0: 360}
2026-02-11 14:37:50,287 - INFO - File 281: /projects/EEG-foundation-model/CHB-MIT/chb01/chb01_25.edf | Subject ID: chb01 | Extracted 360 windows. Total windows so far: 106166
2026-02-11 14:37:50,287 - INFO - Preprocessing parameters : 
 resample_rate=256 | bandpass=False | l_freq=0.5 | h_freq=75.0 | notch=60.0 | max_amp=300.0 | trim=0.0 | min_len_sec=0.0 | use_iir=True | normalize=True | window_size_sec=10.0 | overlap_sec=0.0 
2026-02-11 14:37:52,381 - INFO - Window shape: (23, 2560)
2026-02-11 14:37:53,317 - INFO - Finished processing file: /projects/EEG-foundation-model/CHB-MIT/chb01/chb01_09.edf | Extracted 360 windows | label distribution: {0: 360}
2026-02-11 14:37:53,319 - INFO - Preprocessing parameters : 
 resample_rate=256 | bandpass=False | l_freq=0.5 | h_freq=75.0 | notch=60.0 | max_amp=300.0 | trim=0.0 | min_len_sec=0.0 | use_iir=True | normalize=True | window_size_sec=10.0 | overlap_sec=0.0 
2026-02-11 14:37:55,203 - INFO - Window shape: (23, 2560)
2026-02-11 14:37:56,140 - INFO - Finished processing file: /projects/EEG-foundation-model/CHB-MIT/chb01/chb01_07.edf | Extracted 360 windows | label distribution: {0: 360}
2026-02-11 14:37:56,141 - INFO - Preprocessing parameters : 
 resample_rate=256 | bandpass=False | l_freq=0.5 | h_freq=75.0 | notch=60.0 | max_amp=300.0 | trim=0.0 | min_len_sec=0.0 | use_iir=True | normalize=True | window_size_sec=10.0 | overlap_sec=0.0 
2026-02-11 14:37:58,070 - INFO - Window shape: (23, 2560)
2026-02-11 14:37:59,005 - INFO - Finished processing file: /projects/EEG-foundation-model/CHB-MIT/chb01/chb01_32.edf | Extracted 360 windows | label distribution: {0: 360}
2026-02-11 14:37:59,007 - INFO - Preprocessing parameters : 
 resample_rate=256 | bandpass=False | l_freq=0.5 | h_freq=75.0 | notch=60.0 | max_amp=300.0 | trim=0.0 | min_len_sec=0.0 | use_iir=True | normalize=True | window_size_sec=10.0 | overlap_sec=0.0 
2026-02-11 14:38:00,944 - INFO - Window shape: (23, 2560)
2026-02-11 14:38:01,886 - INFO - Finished processing file: /projects/EEG-foundation-model/CHB-MIT/chb01/chb01_40.edf | Extracted 360 windows | label distribution: {0: 360}
2026-02-11 14:38:01,887 - INFO - Preprocessing parameters : 
 resample_rate=256 | bandpass=False | l_freq=0.5 | h_freq=75.0 | notch=60.0 | max_amp=300.0 | trim=0.0 | min_len_sec=0.0 | use_iir=True | normalize=True | window_size_sec=10.0 | overlap_sec=0.0 
2026-02-11 14:38:03,786 - INFO - Window shape: (23, 2560)
2026-02-11 14:38:04,701 - INFO - Finished processing file: /projects/EEG-foundation-model/CHB-MIT/chb01/chb01_24.edf | Extracted 360 windows | label distribution: {0: 360}
2026-02-11 14:38:04,703 - INFO - Preprocessing parameters : 
 resample_rate=256 | bandpass=False | l_freq=0.5 | h_freq=75.0 | notch=60.0 | max_amp=300.0 | trim=0.0 | min_len_sec=0.0 | use_iir=True | normalize=True | window_size_sec=10.0 | overlap_sec=0.0 
2026-02-11 14:38:06,577 - INFO - Window shape: (23, 2560)
2026-02-11 14:38:07,512 - INFO - Finished processing file: /projects/EEG-foundation-model/CHB-MIT/chb01/chb01_23.edf | Extracted 360 windows | label distribution: {0: 360}
2026-02-11 14:38:07,514 - INFO - Preprocessing parameters : 
 resample_rate=256 | bandpass=False | l_freq=0.5 | h_freq=75.0 | notch=60.0 | max_amp=300.0 | trim=0.0 | min_len_sec=0.0 | use_iir=True | normalize=True | window_size_sec=10.0 | overlap_sec=0.0 
2026-02-11 14:38:09,476 - INFO - Window shape: (23, 2560)
2026-02-11 14:38:10,412 - INFO - Finished processing file: /projects/EEG-foundation-model/CHB-MIT/chb01/chb01_16.edf | Extracted 360 windows | label distribution: {0: 355, 1: 5}
2026-02-11 14:38:10,414 - INFO - Preprocessing parameters : 
 resample_rate=256 | bandpass=False | l_freq=0.5 | h_freq=75.0 | notch=60.0 | max_amp=300.0 | trim=0.0 | min_len_sec=0.0 | use_iir=True | normalize=True | window_size_sec=10.0 | overlap_sec=0.0 
2026-02-11 14:38:12,260 - INFO - Window shape: (23, 2560)
2026-02-11 14:38:13,197 - INFO - Finished processing file: /projects/EEG-foundation-model/CHB-MIT/chb01/chb01_11.edf | Extracted 360 windows | label distribution: {0: 360}
2026-02-11 14:38:13,198 - INFO - Preprocessing parameters : 
 resample_rate=256 | bandpass=False | l_freq=0.5 | h_freq=75.0 | notch=60.0 | max_amp=300.0 | trim=0.0 | min_len_sec=0.0 | use_iir=True | normalize=True | window_size_sec=10.0 | overlap_sec=0.0 
2026-02-11 14:38:15,161 - INFO - Window shape: (23, 2560)
2026-02-11 14:38:16,098 - INFO - Finished processing file: /projects/EEG-foundation-model/CHB-MIT/chb01/chb01_18.edf | Extracted 360 windows | label distribution: {0: 351, 1: 9}
2026-02-11 14:38:16,100 - INFO - Preprocessing parameters : 
 resample_rate=256 | bandpass=False | l_freq=0.5 | h_freq=75.0 | notch=60.0 | max_amp=300.0 | trim=0.0 | min_len_sec=0.0 | use_iir=True | normalize=True | window_size_sec=10.0 | overlap_sec=0.0 
2026-02-11 14:38:18,000 - INFO - Window shape: (23, 2560)
2026-02-11 14:38:18,936 - INFO - Finished processing file: /projects/EEG-foundation-model/CHB-MIT/chb01/chb01_29.edf | Extracted 360 windows | label distribution: {0: 360}
2026-02-11 14:38:18,938 - INFO - File 291: /projects/EEG-foundation-model/CHB-MIT/chb01/chb01_29.edf | Subject ID: chb01 | Extracted 360 windows. Total windows so far: 109766
2026-02-11 14:38:18,939 - INFO - Preprocessing parameters : 
 resample_rate=256 | bandpass=False | l_freq=0.5 | h_freq=75.0 | notch=60.0 | max_amp=300.0 | trim=0.0 | min_len_sec=0.0 | use_iir=True | normalize=True | window_size_sec=10.0 | overlap_sec=0.0 
2026-02-11 14:38:20,431 - INFO - Window shape: (23, 2560)
2026-02-11 14:38:21,121 - INFO - Finished processing file: /projects/EEG-foundation-model/CHB-MIT/chb01/chb01_20.edf | Extracted 266 windows | label distribution: {0: 266}
2026-02-11 14:38:21,122 - INFO - Preprocessing parameters : 
 resample_rate=256 | bandpass=False | l_freq=0.5 | h_freq=75.0 | notch=60.0 | max_amp=300.0 | trim=0.0 | min_len_sec=0.0 | use_iir=True | normalize=True | window_size_sec=10.0 | overlap_sec=0.0 
2026-02-11 14:38:21,485 - INFO - Window shape: (23, 2560)
2026-02-11 14:38:21,654 - INFO - Finished processing file: /projects/EEG-foundation-model/CHB-MIT/chb01/chb01_27.edf | Extracted 60 windows | label distribution: {0: 60}
2026-02-11 14:38:21,657 - INFO - Preprocessing parameters : 
 resample_rate=256 | bandpass=False | l_freq=0.5 | h_freq=75.0 | notch=60.0 | max_amp=300.0 | trim=0.0 | min_len_sec=0.0 | use_iir=True | normalize=True | window_size_sec=10.0 | overlap_sec=0.0 
2026-02-11 14:38:23,565 - INFO - Window shape: (23, 2560)
2026-02-11 14:38:24,500 - INFO - Finished processing file: /projects/EEG-foundation-model/CHB-MIT/chb01/chb01_12.edf | Extracted 360 windows | label distribution: {0: 360}
2026-02-11 14:38:24,502 - INFO - Preprocessing parameters : 
 resample_rate=256 | bandpass=False | l_freq=0.5 | h_freq=75.0 | notch=60.0 | max_amp=300.0 | trim=0.0 | min_len_sec=0.0 | use_iir=True | normalize=True | window_size_sec=10.0 | overlap_sec=0.0 
2026-02-11 14:38:26,418 - INFO - Window shape: (23, 2560)
2026-02-11 14:38:27,355 - INFO - Finished processing file: /projects/EEG-foundation-model/CHB-MIT/chb01/chb01_15.edf | Extracted 360 windows | label distribution: {0: 356, 1: 4}
2026-02-11 14:38:27,356 - INFO - Preprocessing parameters : 
 resample_rate=256 | bandpass=False | l_freq=0.5 | h_freq=75.0 | notch=60.0 | max_amp=300.0 | trim=0.0 | min_len_sec=0.0 | use_iir=True | normalize=True | window_size_sec=10.0 | overlap_sec=0.0 
2026-02-11 14:38:29,344 - INFO - Window shape: (23, 2560)
2026-02-11 14:38:30,283 - INFO - Finished processing file: /projects/EEG-foundation-model/CHB-MIT/chb01/chb01_04.edf | Extracted 361 windows | label distribution: {0: 358, 1: 3}
2026-02-11 14:38:30,285 - INFO - Preprocessing parameters : 
 resample_rate=256 | bandpass=False | l_freq=0.5 | h_freq=75.0 | notch=60.0 | max_amp=300.0 | trim=0.0 | min_len_sec=0.0 | use_iir=True | normalize=True | window_size_sec=10.0 | overlap_sec=0.0 
2026-02-11 14:38:32,245 - INFO - Window shape: (23, 2560)
2026-02-11 14:38:33,182 - INFO - Finished processing file: /projects/EEG-foundation-model/CHB-MIT/chb01/chb01_03.edf | Extracted 360 windows | label distribution: {0: 356, 1: 4}
2026-02-11 14:38:33,183 - INFO - Preprocessing parameters : 
 resample_rate=256 | bandpass=False | l_freq=0.5 | h_freq=75.0 | notch=60.0 | max_amp=300.0 | trim=0.0 | min_len_sec=0.0 | use_iir=True | normalize=True | window_size_sec=10.0 | overlap_sec=0.0 
2026-02-11 14:38:35,070 - INFO - Window shape: (23, 2560)
2026-02-11 14:38:36,005 - INFO - Finished processing file: /projects/EEG-foundation-model/CHB-MIT/chb01/chb01_36.edf | Extracted 360 windows | label distribution: {0: 360}
2026-02-11 14:38:36,007 - INFO - Preprocessing parameters : 
 resample_rate=256 | bandpass=False | l_freq=0.5 | h_freq=75.0 | notch=60.0 | max_amp=300.0 | trim=0.0 | min_len_sec=0.0 | use_iir=True | normalize=True | window_size_sec=10.0 | overlap_sec=0.0 
2026-02-11 14:38:37,919 - INFO - Window shape: (23, 2560)
2026-02-11 14:38:38,855 - INFO - Finished processing file: /projects/EEG-foundation-model/CHB-MIT/chb01/chb01_31.edf | Extracted 360 windows | label distribution: {0: 360}
2026-02-11 14:38:38,857 - INFO - Preprocessing parameters : 
 resample_rate=256 | bandpass=False | l_freq=0.5 | h_freq=75.0 | notch=60.0 | max_amp=300.0 | trim=0.0 | min_len_sec=0.0 | use_iir=True | normalize=True | window_size_sec=10.0 | overlap_sec=0.0 
2026-02-11 14:38:40,734 - INFO - Window shape: (23, 2560)
2026-02-11 14:38:41,670 - INFO - Finished processing file: /projects/EEG-foundation-model/CHB-MIT/chb01/chb01_43.edf | Extracted 360 windows | label distribution: {0: 360}
2026-02-11 14:38:41,671 - INFO - Preprocessing parameters : 
 resample_rate=256 | bandpass=False | l_freq=0.5 | h_freq=75.0 | notch=60.0 | max_amp=300.0 | trim=0.0 | min_len_sec=0.0 | use_iir=True | normalize=True | window_size_sec=10.0 | overlap_sec=0.0 
2026-02-11 14:38:43,555 - INFO - Window shape: (23, 2560)
2026-02-11 14:38:44,491 - INFO - Finished processing file: /projects/EEG-foundation-model/CHB-MIT/chb01/chb01_38.edf | Extracted 360 windows | label distribution: {0: 360}
2026-02-11 14:38:44,493 - INFO - File 301: /projects/EEG-foundation-model/CHB-MIT/chb01/chb01_38.edf | Subject ID: chb01 | Extracted 360 windows. Total windows so far: 112973
2026-02-11 14:38:44,493 - INFO - Preprocessing parameters : 
 resample_rate=256 | bandpass=False | l_freq=0.5 | h_freq=75.0 | notch=60.0 | max_amp=300.0 | trim=0.0 | min_len_sec=0.0 | use_iir=True | normalize=True | window_size_sec=10.0 | overlap_sec=0.0 
2026-02-11 14:38:46,412 - INFO - Window shape: (23, 2560)
2026-02-11 14:38:47,348 - INFO - Finished processing file: /projects/EEG-foundation-model/CHB-MIT/chb01/chb01_14.edf | Extracted 360 windows | label distribution: {0: 360}
2026-02-11 14:38:47,350 - INFO - Preprocessing parameters : 
 resample_rate=256 | bandpass=False | l_freq=0.5 | h_freq=75.0 | notch=60.0 | max_amp=300.0 | trim=0.0 | min_len_sec=0.0 | use_iir=True | normalize=True | window_size_sec=10.0 | overlap_sec=0.0 
2026-02-11 14:38:49,225 - INFO - Window shape: (23, 2560)
2026-02-11 14:38:50,165 - INFO - Finished processing file: /projects/EEG-foundation-model/CHB-MIT/chb01/chb01_13.edf | Extracted 360 windows | label distribution: {0: 360}
2026-02-11 14:38:50,166 - INFO - Preprocessing parameters : 
 resample_rate=256 | bandpass=False | l_freq=0.5 | h_freq=75.0 | notch=60.0 | max_amp=300.0 | trim=0.0 | min_len_sec=0.0 | use_iir=True | normalize=True | window_size_sec=10.0 | overlap_sec=0.0 
2026-02-11 14:38:51,490 - INFO - Window shape: (23, 2560)
2026-02-11 14:38:52,097 - INFO - Finished processing file: /projects/EEG-foundation-model/CHB-MIT/chb01/chb01_26.edf | Extracted 232 windows | label distribution: {0: 222, 1: 10}
2026-02-11 14:38:52,098 - INFO - Preprocessing parameters : 
 resample_rate=256 | bandpass=False | l_freq=0.5 | h_freq=75.0 | notch=60.0 | max_amp=300.0 | trim=0.0 | min_len_sec=0.0 | use_iir=True | normalize=True | window_size_sec=10.0 | overlap_sec=0.0 
2026-02-11 14:38:54,018 - INFO - Window shape: (23, 2560)
2026-02-11 14:38:54,968 - INFO - Finished processing file: /projects/EEG-foundation-model/CHB-MIT/chb01/chb01_21.edf | Extracted 360 windows | label distribution: {0: 351, 1: 9}
2026-02-11 14:38:54,971 - INFO - Preprocessing parameters : 
 resample_rate=256 | bandpass=False | l_freq=0.5 | h_freq=75.0 | notch=60.0 | max_amp=300.0 | trim=0.0 | min_len_sec=0.0 | use_iir=True | normalize=True | window_size_sec=10.0 | overlap_sec=0.0 
2026-02-11 14:38:56,926 - INFO - Window shape: (23, 2560)
2026-02-11 14:38:57,871 - INFO - Finished processing file: /projects/EEG-foundation-model/CHB-MIT/chb01/chb01_39.edf | Extracted 360 windows | label distribution: {0: 360}
2026-02-11 14:38:57,873 - INFO - Preprocessing parameters : 
 resample_rate=256 | bandpass=False | l_freq=0.5 | h_freq=75.0 | notch=60.0 | max_amp=300.0 | trim=0.0 | min_len_sec=0.0 | use_iir=True | normalize=True | window_size_sec=10.0 | overlap_sec=0.0 
2026-02-11 14:38:59,782 - INFO - Window shape: (23, 2560)
2026-02-11 14:39:00,725 - INFO - Finished processing file: /projects/EEG-foundation-model/CHB-MIT/chb01/chb01_42.edf | Extracted 360 windows | label distribution: {0: 360}
2026-02-11 14:39:00,727 - INFO - Preprocessing parameters : 
 resample_rate=256 | bandpass=False | l_freq=0.5 | h_freq=75.0 | notch=60.0 | max_amp=300.0 | trim=0.0 | min_len_sec=0.0 | use_iir=True | normalize=True | window_size_sec=10.0 | overlap_sec=0.0 
2026-02-11 14:39:02,632 - INFO - Window shape: (23, 2560)
2026-02-11 14:39:03,573 - INFO - Finished processing file: /projects/EEG-foundation-model/CHB-MIT/chb01/chb01_30.edf | Extracted 360 windows | label distribution: {0: 360}
2026-02-11 14:39:03,575 - INFO - Preprocessing parameters : 
 resample_rate=256 | bandpass=False | l_freq=0.5 | h_freq=75.0 | notch=60.0 | max_amp=300.0 | trim=0.0 | min_len_sec=0.0 | use_iir=True | normalize=True | window_size_sec=10.0 | overlap_sec=0.0 
2026-02-11 14:39:05,522 - INFO - Window shape: (23, 2560)
2026-02-11 14:39:06,479 - INFO - Finished processing file: /projects/EEG-foundation-model/CHB-MIT/chb01/chb01_37.edf | Extracted 360 windows | label distribution: {0: 360}
2026-02-11 14:39:06,481 - INFO - Preprocessing parameters : 
 resample_rate=256 | bandpass=False | l_freq=0.5 | h_freq=75.0 | notch=60.0 | max_amp=300.0 | trim=0.0 | min_len_sec=0.0 | use_iir=True | normalize=True | window_size_sec=10.0 | overlap_sec=0.0 
2026-02-11 14:39:08,497 - INFO - Window shape: (23, 2560)
2026-02-11 14:39:09,436 - INFO - Finished processing file: /projects/EEG-foundation-model/CHB-MIT/chb01/chb01_02.edf | Extracted 360 windows | label distribution: {0: 360}
2026-02-11 14:39:09,438 - INFO - Preprocessing parameters : 
 resample_rate=256 | bandpass=False | l_freq=0.5 | h_freq=75.0 | notch=60.0 | max_amp=300.0 | trim=0.0 | min_len_sec=0.0 | use_iir=True | normalize=True | window_size_sec=10.0 | overlap_sec=0.0 
2026-02-11 14:39:11,288 - INFO - Window shape: (23, 2560)
2026-02-11 14:39:12,219 - INFO - Finished processing file: /projects/EEG-foundation-model/CHB-MIT/chb01/chb01_05.edf | Extracted 360 windows | label distribution: {0: 360}
2026-02-11 14:39:12,220 - INFO - File 311: /projects/EEG-foundation-model/CHB-MIT/chb01/chb01_05.edf | Subject ID: chb01 | Extracted 360 windows. Total windows so far: 116445
2026-02-11 14:39:12,221 - INFO - Preprocessing parameters : 
 resample_rate=256 | bandpass=False | l_freq=0.5 | h_freq=75.0 | notch=60.0 | max_amp=300.0 | trim=0.0 | min_len_sec=0.0 | use_iir=True | normalize=True | window_size_sec=10.0 | overlap_sec=0.0 
2026-02-11 14:39:19,398 - INFO - Window shape: (23, 2560)
2026-02-11 14:39:23,039 - INFO - Finished processing file: /projects/EEG-foundation-model/CHB-MIT/chb06/chb06_07.edf | Extracted 1440 windows | label distribution: {0: 1440}
2026-02-11 14:39:23,042 - INFO - Preprocessing parameters : 
 resample_rate=256 | bandpass=False | l_freq=0.5 | h_freq=75.0 | notch=60.0 | max_amp=300.0 | trim=0.0 | min_len_sec=0.0 | use_iir=True | normalize=True | window_size_sec=10.0 | overlap_sec=0.0 
2026-02-11 14:39:30,099 - INFO - Window shape: (23, 2560)
2026-02-11 14:39:33,724 - INFO - Finished processing file: /projects/EEG-foundation-model/CHB-MIT/chb06/chb06_09.edf | Extracted 1440 windows | label distribution: {0: 1438, 1: 2}
2026-02-11 14:39:33,726 - INFO - Preprocessing parameters : 
 resample_rate=256 | bandpass=False | l_freq=0.5 | h_freq=75.0 | notch=60.0 | max_amp=300.0 | trim=0.0 | min_len_sec=0.0 | use_iir=True | normalize=True | window_size_sec=10.0 | overlap_sec=0.0 
2026-02-11 14:39:40,638 - INFO - Window shape: (23, 2560)
2026-02-11 14:39:44,338 - INFO - Finished processing file: /projects/EEG-foundation-model/CHB-MIT/chb06/chb06_24.edf | Extracted 1441 windows | label distribution: {0: 1439, 1: 2}
2026-02-11 14:39:44,340 - INFO - Preprocessing parameters : 
 resample_rate=256 | bandpass=False | l_freq=0.5 | h_freq=75.0 | notch=60.0 | max_amp=300.0 | trim=0.0 | min_len_sec=0.0 | use_iir=True | normalize=True | window_size_sec=10.0 | overlap_sec=0.0 
2026-02-11 14:39:48,430 - INFO - Window shape: (23, 2560)
2026-02-11 14:39:50,464 - INFO - Finished processing file: /projects/EEG-foundation-model/CHB-MIT/chb06/chb06_18.edf | Extracted 793 windows | label distribution: {0: 792, 1: 1}
2026-02-11 14:39:50,466 - INFO - Preprocessing parameters : 
 resample_rate=256 | bandpass=False | l_freq=0.5 | h_freq=75.0 | notch=60.0 | max_amp=300.0 | trim=0.0 | min_len_sec=0.0 | use_iir=True | normalize=True | window_size_sec=10.0 | overlap_sec=0.0 
2026-02-11 14:39:52,161 - INFO - Window shape: (23, 2560)
2026-02-11 14:39:52,980 - INFO - Finished processing file: /projects/EEG-foundation-model/CHB-MIT/chb06/chb06_16.edf | Extracted 303 windows | label distribution: {0: 303}
2026-02-11 14:39:52,982 - INFO - Preprocessing parameters : 
 resample_rate=256 | bandpass=False | l_freq=0.5 | h_freq=75.0 | notch=60.0 | max_amp=300.0 | trim=0.0 | min_len_sec=0.0 | use_iir=True | normalize=True | window_size_sec=10.0 | overlap_sec=0.0 
2026-02-11 14:39:59,652 - INFO - Window shape: (23, 2560)
2026-02-11 14:40:03,272 - INFO - Finished processing file: /projects/EEG-foundation-model/CHB-MIT/chb06/chb06_08.edf | Extracted 1440 windows | label distribution: {0: 1440}
2026-02-11 14:40:03,274 - INFO - Preprocessing parameters : 
 resample_rate=256 | bandpass=False | l_freq=0.5 | h_freq=75.0 | notch=60.0 | max_amp=300.0 | trim=0.0 | min_len_sec=0.0 | use_iir=True | normalize=True | window_size_sec=10.0 | overlap_sec=0.0 
2026-02-11 14:40:09,995 - INFO - Window shape: (23, 2560)
2026-02-11 14:40:13,628 - INFO - Finished processing file: /projects/EEG-foundation-model/CHB-MIT/chb06/chb06_01.edf | Extracted 1443 windows | label distribution: {0: 1438, 1: 5}
2026-02-11 14:40:13,631 - INFO - Preprocessing parameters : 
 resample_rate=256 | bandpass=False | l_freq=0.5 | h_freq=75.0 | notch=60.0 | max_amp=300.0 | trim=0.0 | min_len_sec=0.0 | use_iir=True | normalize=True | window_size_sec=10.0 | overlap_sec=0.0 
2026-02-11 14:40:20,414 - INFO - Window shape: (23, 2560)
2026-02-11 14:40:24,030 - INFO - Finished processing file: /projects/EEG-foundation-model/CHB-MIT/chb06/chb06_06.edf | Extracted 1440 windows | label distribution: {0: 1440}
2026-02-11 14:40:24,033 - INFO - Preprocessing parameters : 
 resample_rate=256 | bandpass=False | l_freq=0.5 | h_freq=75.0 | notch=60.0 | max_amp=300.0 | trim=0.0 | min_len_sec=0.0 | use_iir=True | normalize=True | window_size_sec=10.0 | overlap_sec=0.0 
2026-02-11 14:40:30,700 - INFO - Window shape: (23, 2560)
2026-02-11 14:40:34,315 - INFO - Finished processing file: /projects/EEG-foundation-model/CHB-MIT/chb06/chb06_17.edf | Extracted 1440 windows | label distribution: {0: 1440}
2026-02-11 14:40:34,318 - INFO - Preprocessing parameters : 
 resample_rate=256 | bandpass=False | l_freq=0.5 | h_freq=75.0 | notch=60.0 | max_amp=300.0 | trim=0.0 | min_len_sec=0.0 | use_iir=True | normalize=True | window_size_sec=10.0 | overlap_sec=0.0 
2026-02-11 14:40:40,957 - INFO - Window shape: (23, 2560)
2026-02-11 14:40:44,536 - INFO - Finished processing file: /projects/EEG-foundation-model/CHB-MIT/chb06/chb06_10.edf | Extracted 1439 windows | label distribution: {0: 1438, 1: 1}
2026-02-11 14:40:44,538 - INFO - File 321: /projects/EEG-foundation-model/CHB-MIT/chb06/chb06_10.edf | Subject ID: chb06 | Extracted 1439 windows. Total windows so far: 129064
2026-02-11 14:40:44,539 - INFO - Preprocessing parameters : 
 resample_rate=256 | bandpass=False | l_freq=0.5 | h_freq=75.0 | notch=60.0 | max_amp=300.0 | trim=0.0 | min_len_sec=0.0 | use_iir=True | normalize=True | window_size_sec=10.0 | overlap_sec=0.0 
2026-02-11 14:40:51,266 - INFO - Window shape: (23, 2560)
2026-02-11 14:40:54,890 - INFO - Finished processing file: /projects/EEG-foundation-model/CHB-MIT/chb06/chb06_13.edf | Extracted 1440 windows | label distribution: {0: 1439, 1: 1}
2026-02-11 14:40:54,893 - INFO - Preprocessing parameters : 
 resample_rate=256 | bandpass=False | l_freq=0.5 | h_freq=75.0 | notch=60.0 | max_amp=300.0 | trim=0.0 | min_len_sec=0.0 | use_iir=True | normalize=True | window_size_sec=10.0 | overlap_sec=0.0 
2026-02-11 14:41:01,684 - INFO - Window shape: (23, 2560)
2026-02-11 14:41:05,295 - INFO - Finished processing file: /projects/EEG-foundation-model/CHB-MIT/chb06/chb06_14.edf | Extracted 1440 windows | label distribution: {0: 1440}
2026-02-11 14:41:05,297 - INFO - Preprocessing parameters : 
 resample_rate=256 | bandpass=False | l_freq=0.5 | h_freq=75.0 | notch=60.0 | max_amp=300.0 | trim=0.0 | min_len_sec=0.0 | use_iir=True | normalize=True | window_size_sec=10.0 | overlap_sec=0.0 
2026-02-11 14:41:11,956 - INFO - Window shape: (23, 2560)
2026-02-11 14:41:15,516 - INFO - Finished processing file: /projects/EEG-foundation-model/CHB-MIT/chb06/chb06_05.edf | Extracted 1440 windows | label distribution: {0: 1440}
2026-02-11 14:41:15,519 - INFO - Preprocessing parameters : 
 resample_rate=256 | bandpass=False | l_freq=0.5 | h_freq=75.0 | notch=60.0 | max_amp=300.0 | trim=0.0 | min_len_sec=0.0 | use_iir=True | normalize=True | window_size_sec=10.0 | overlap_sec=0.0 
2026-02-11 14:41:22,269 - INFO - Window shape: (23, 2560)
2026-02-11 14:41:25,903 - INFO - Finished processing file: /projects/EEG-foundation-model/CHB-MIT/chb06/chb06_02.edf | Extracted 1440 windows | label distribution: {0: 1440}
2026-02-11 14:41:25,906 - INFO - Preprocessing parameters : 
 resample_rate=256 | bandpass=False | l_freq=0.5 | h_freq=75.0 | notch=60.0 | max_amp=300.0 | trim=0.0 | min_len_sec=0.0 | use_iir=True | normalize=True | window_size_sec=10.0 | overlap_sec=0.0 
2026-02-11 14:41:32,558 - INFO - Window shape: (23, 2560)
2026-02-11 14:41:36,175 - INFO - Finished processing file: /projects/EEG-foundation-model/CHB-MIT/chb06/chb06_15.edf | Extracted 1440 windows | label distribution: {0: 1440}
2026-02-11 14:41:36,178 - INFO - Preprocessing parameters : 
 resample_rate=256 | bandpass=False | l_freq=0.5 | h_freq=75.0 | notch=60.0 | max_amp=300.0 | trim=0.0 | min_len_sec=0.0 | use_iir=True | normalize=True | window_size_sec=10.0 | overlap_sec=0.0 
2026-02-11 14:41:42,972 - INFO - Window shape: (23, 2560)
2026-02-11 14:41:46,593 - INFO - Finished processing file: /projects/EEG-foundation-model/CHB-MIT/chb06/chb06_12.edf | Extracted 1440 windows | label distribution: {0: 1440}
2026-02-11 14:41:46,596 - INFO - Preprocessing parameters : 
 resample_rate=256 | bandpass=False | l_freq=0.5 | h_freq=75.0 | notch=60.0 | max_amp=300.0 | trim=0.0 | min_len_sec=0.0 | use_iir=True | normalize=True | window_size_sec=10.0 | overlap_sec=0.0 
2026-02-11 14:41:53,453 - INFO - Window shape: (23, 2560)
2026-02-11 14:41:57,056 - INFO - Finished processing file: /projects/EEG-foundation-model/CHB-MIT/chb06/chb06_03.edf | Extracted 1440 windows | label distribution: {0: 1440}
2026-02-11 14:41:57,058 - INFO - Preprocessing parameters : 
 resample_rate=256 | bandpass=False | l_freq=0.5 | h_freq=75.0 | notch=60.0 | max_amp=300.0 | trim=0.0 | min_len_sec=0.0 | use_iir=True | normalize=True | window_size_sec=10.0 | overlap_sec=0.0 
2026-02-11 14:42:03,316 - INFO - Window shape: (23, 2560)
2026-02-11 14:42:06,683 - INFO - Finished processing file: /projects/EEG-foundation-model/CHB-MIT/chb06/chb06_04.edf | Extracted 1326 windows | label distribution: {0: 1322, 1: 4}
2026-02-11 14:42:06,686 - INFO - Preprocessing parameters : 
 resample_rate=256 | bandpass=False | l_freq=0.5 | h_freq=75.0 | notch=60.0 | max_amp=300.0 | trim=0.0 | min_len_sec=0.0 | use_iir=True | normalize=True | window_size_sec=10.0 | overlap_sec=0.0 
2026-02-11 14:42:09,693 - INFO - Window shape: (38, 2560)
2026-02-11 14:42:11,213 - INFO - Finished processing file: /projects/EEG-foundation-model/CHB-MIT/chb15/chb15_02.edf | Extracted 360 windows | label distribution: {0: 360}
2026-02-11 14:42:11,215 - INFO - Preprocessing parameters : 
 resample_rate=256 | bandpass=False | l_freq=0.5 | h_freq=75.0 | notch=60.0 | max_amp=300.0 | trim=0.0 | min_len_sec=0.0 | use_iir=True | normalize=True | window_size_sec=10.0 | overlap_sec=0.0 
2026-02-11 14:42:14,161 - INFO - Window shape: (38, 2560)
2026-02-11 14:42:15,683 - INFO - Finished processing file: /projects/EEG-foundation-model/CHB-MIT/chb15/chb15_05.edf | Extracted 360 windows | label distribution: {0: 360}
2026-02-11 14:42:15,684 - INFO - File 331: /projects/EEG-foundation-model/CHB-MIT/chb15/chb15_05.edf | Subject ID: chb15 | Extracted 360 windows. Total windows so far: 141190
2026-02-11 14:42:15,685 - INFO - Preprocessing parameters : 
 resample_rate=256 | bandpass=False | l_freq=0.5 | h_freq=75.0 | notch=60.0 | max_amp=300.0 | trim=0.0 | min_len_sec=0.0 | use_iir=True | normalize=True | window_size_sec=10.0 | overlap_sec=0.0 
2026-02-11 14:42:18,582 - INFO - Window shape: (38, 2560)
2026-02-11 14:42:20,107 - INFO - Finished processing file: /projects/EEG-foundation-model/CHB-MIT/chb15/chb15_45.edf | Extracted 360 windows | label distribution: {0: 360}
2026-02-11 14:42:20,109 - INFO - Preprocessing parameters : 
 resample_rate=256 | bandpass=False | l_freq=0.5 | h_freq=75.0 | notch=60.0 | max_amp=300.0 | trim=0.0 | min_len_sec=0.0 | use_iir=True | normalize=True | window_size_sec=10.0 | overlap_sec=0.0 
2026-02-11 14:42:23,111 - INFO - Window shape: (38, 2560)
2026-02-11 14:42:24,666 - INFO - Finished processing file: /projects/EEG-foundation-model/CHB-MIT/chb15/chb15_30.edf | Extracted 360 windows | label distribution: {0: 360}
2026-02-11 14:42:24,668 - INFO - Preprocessing parameters : 
 resample_rate=256 | bandpass=False | l_freq=0.5 | h_freq=75.0 | notch=60.0 | max_amp=300.0 | trim=0.0 | min_len_sec=0.0 | use_iir=True | normalize=True | window_size_sec=10.0 | overlap_sec=0.0 
2026-02-11 14:42:27,605 - INFO - Window shape: (38, 2560)
2026-02-11 14:42:29,152 - INFO - Finished processing file: /projects/EEG-foundation-model/CHB-MIT/chb15/chb15_37.edf | Extracted 360 windows | label distribution: {0: 360}
2026-02-11 14:42:29,154 - INFO - Preprocessing parameters : 
 resample_rate=256 | bandpass=False | l_freq=0.5 | h_freq=75.0 | notch=60.0 | max_amp=300.0 | trim=0.0 | min_len_sec=0.0 | use_iir=True | normalize=True | window_size_sec=10.0 | overlap_sec=0.0 
2026-02-11 14:42:32,113 - INFO - Window shape: (38, 2560)
2026-02-11 14:42:33,646 - INFO - Finished processing file: /projects/EEG-foundation-model/CHB-MIT/chb15/chb15_26.edf | Extracted 360 windows | label distribution: {0: 360}
2026-02-11 14:42:33,648 - INFO - Preprocessing parameters : 
 resample_rate=256 | bandpass=False | l_freq=0.5 | h_freq=75.0 | notch=60.0 | max_amp=300.0 | trim=0.0 | min_len_sec=0.0 | use_iir=True | normalize=True | window_size_sec=10.0 | overlap_sec=0.0 
2026-02-11 14:42:36,515 - INFO - Window shape: (38, 2560)
2026-02-11 14:42:38,070 - INFO - Finished processing file: /projects/EEG-foundation-model/CHB-MIT/chb15/chb15_54.edf | Extracted 360 windows | label distribution: {0: 319, 1: 41}
2026-02-11 14:42:38,072 - INFO - Preprocessing parameters : 
 resample_rate=256 | bandpass=False | l_freq=0.5 | h_freq=75.0 | notch=60.0 | max_amp=300.0 | trim=0.0 | min_len_sec=0.0 | use_iir=True | normalize=True | window_size_sec=10.0 | overlap_sec=0.0 
2026-02-11 14:42:41,045 - INFO - Window shape: (38, 2560)
2026-02-11 14:42:42,595 - INFO - Finished processing file: /projects/EEG-foundation-model/CHB-MIT/chb15/chb15_28.edf | Extracted 360 windows | label distribution: {0: 341, 1: 19}
2026-02-11 14:42:42,597 - INFO - Preprocessing parameters : 
 resample_rate=256 | bandpass=False | l_freq=0.5 | h_freq=75.0 | notch=60.0 | max_amp=300.0 | trim=0.0 | min_len_sec=0.0 | use_iir=True | normalize=True | window_size_sec=10.0 | overlap_sec=0.0 
2026-02-11 14:42:45,579 - INFO - Window shape: (38, 2560)
2026-02-11 14:42:47,116 - INFO - Finished processing file: /projects/EEG-foundation-model/CHB-MIT/chb15/chb15_61.edf | Extracted 360 windows | label distribution: {0: 360}
2026-02-11 14:42:47,118 - INFO - Preprocessing parameters : 
 resample_rate=256 | bandpass=False | l_freq=0.5 | h_freq=75.0 | notch=60.0 | max_amp=300.0 | trim=0.0 | min_len_sec=0.0 | use_iir=True | normalize=True | window_size_sec=10.0 | overlap_sec=0.0 
2026-02-11 14:42:49,995 - INFO - Window shape: (38, 2560)
2026-02-11 14:42:51,504 - INFO - Finished processing file: /projects/EEG-foundation-model/CHB-MIT/chb15/chb15_14.edf | Extracted 360 windows | label distribution: {0: 360}
2026-02-11 14:42:51,506 - INFO - Preprocessing parameters : 
 resample_rate=256 | bandpass=False | l_freq=0.5 | h_freq=75.0 | notch=60.0 | max_amp=300.0 | trim=0.0 | min_len_sec=0.0 | use_iir=True | normalize=True | window_size_sec=10.0 | overlap_sec=0.0 
2026-02-11 14:42:54,478 - INFO - Window shape: (38, 2560)
2026-02-11 14:42:56,033 - INFO - Finished processing file: /projects/EEG-foundation-model/CHB-MIT/chb15/chb15_13.edf | Extracted 360 windows | label distribution: {0: 360}
2026-02-11 14:42:56,035 - INFO - Preprocessing parameters : 
 resample_rate=256 | bandpass=False | l_freq=0.5 | h_freq=75.0 | notch=60.0 | max_amp=300.0 | trim=0.0 | min_len_sec=0.0 | use_iir=True | normalize=True | window_size_sec=10.0 | overlap_sec=0.0 
2026-02-11 14:42:59,078 - INFO - Window shape: (38, 2560)
2026-02-11 14:43:00,620 - INFO - Finished processing file: /projects/EEG-foundation-model/CHB-MIT/chb15/chb15_31.edf | Extracted 360 windows | label distribution: {0: 348, 1: 12}
2026-02-11 14:43:00,622 - INFO - File 341: /projects/EEG-foundation-model/CHB-MIT/chb15/chb15_31.edf | Subject ID: chb15 | Extracted 360 windows. Total windows so far: 144790
2026-02-11 14:43:00,622 - INFO - Preprocessing parameters : 
 resample_rate=256 | bandpass=False | l_freq=0.5 | h_freq=75.0 | notch=60.0 | max_amp=300.0 | trim=0.0 | min_len_sec=0.0 | use_iir=True | normalize=True | window_size_sec=10.0 | overlap_sec=0.0 
2026-02-11 14:43:03,619 - INFO - Window shape: (38, 2560)
2026-02-11 14:43:05,157 - INFO - Finished processing file: /projects/EEG-foundation-model/CHB-MIT/chb15/chb15_04.edf | Extracted 360 windows | label distribution: {0: 360}
2026-02-11 14:43:05,159 - INFO - Preprocessing parameters : 
 resample_rate=256 | bandpass=False | l_freq=0.5 | h_freq=75.0 | notch=60.0 | max_amp=300.0 | trim=0.0 | min_len_sec=0.0 | use_iir=True | normalize=True | window_size_sec=10.0 | overlap_sec=0.0 
2026-02-11 14:43:08,081 - INFO - Window shape: (38, 2560)
2026-02-11 14:43:09,628 - INFO - Finished processing file: /projects/EEG-foundation-model/CHB-MIT/chb15/chb15_03.edf | Extracted 360 windows | label distribution: {0: 360}
2026-02-11 14:43:09,630 - INFO - Preprocessing parameters : 
 resample_rate=256 | bandpass=False | l_freq=0.5 | h_freq=75.0 | notch=60.0 | max_amp=300.0 | trim=0.0 | min_len_sec=0.0 | use_iir=True | normalize=True | window_size_sec=10.0 | overlap_sec=0.0 
2026-02-11 14:43:12,844 - INFO - Window shape: (38, 2560)
2026-02-11 14:43:14,391 - INFO - Finished processing file: /projects/EEG-foundation-model/CHB-MIT/chb15/chb15_12.edf | Extracted 360 windows | label distribution: {0: 360}
2026-02-11 14:43:14,393 - INFO - Preprocessing parameters : 
 resample_rate=256 | bandpass=False | l_freq=0.5 | h_freq=75.0 | notch=60.0 | max_amp=300.0 | trim=0.0 | min_len_sec=0.0 | use_iir=True | normalize=True | window_size_sec=10.0 | overlap_sec=0.0 
2026-02-11 14:43:17,286 - INFO - Window shape: (38, 2560)
2026-02-11 14:43:18,764 - INFO - Finished processing file: /projects/EEG-foundation-model/CHB-MIT/chb15/chb15_15.edf | Extracted 360 windows | label distribution: {0: 344, 1: 16}
2026-02-11 14:43:18,766 - INFO - Preprocessing parameters : 
 resample_rate=256 | bandpass=False | l_freq=0.5 | h_freq=75.0 | notch=60.0 | max_amp=300.0 | trim=0.0 | min_len_sec=0.0 | use_iir=True | normalize=True | window_size_sec=10.0 | overlap_sec=0.0 
2026-02-11 14:43:21,713 - INFO - Window shape: (38, 2560)
2026-02-11 14:43:23,197 - INFO - Finished processing file: /projects/EEG-foundation-model/CHB-MIT/chb15/chb15_29.edf | Extracted 360 windows | label distribution: {0: 360}
2026-02-11 14:43:23,199 - INFO - Preprocessing parameters : 
 resample_rate=256 | bandpass=False | l_freq=0.5 | h_freq=75.0 | notch=60.0 | max_amp=300.0 | trim=0.0 | min_len_sec=0.0 | use_iir=True | normalize=True | window_size_sec=10.0 | overlap_sec=0.0 
2026-02-11 14:43:26,219 - INFO - Window shape: (38, 2560)
2026-02-11 14:43:27,707 - INFO - Finished processing file: /projects/EEG-foundation-model/CHB-MIT/chb15/chb15_52.edf | Extracted 361 windows | label distribution: {0: 354, 1: 7}
2026-02-11 14:43:27,709 - INFO - Preprocessing parameters : 
 resample_rate=256 | bandpass=False | l_freq=0.5 | h_freq=75.0 | notch=60.0 | max_amp=300.0 | trim=0.0 | min_len_sec=0.0 | use_iir=True | normalize=True | window_size_sec=10.0 | overlap_sec=0.0 
2026-02-11 14:43:30,766 - INFO - Window shape: (38, 2560)
2026-02-11 14:43:32,249 - INFO - Finished processing file: /projects/EEG-foundation-model/CHB-MIT/chb15/chb15_20.edf | Extracted 361 windows | label distribution: {0: 355, 1: 6}
2026-02-11 14:43:32,251 - INFO - Preprocessing parameters : 
 resample_rate=256 | bandpass=False | l_freq=0.5 | h_freq=75.0 | notch=60.0 | max_amp=300.0 | trim=0.0 | min_len_sec=0.0 | use_iir=True | normalize=True | window_size_sec=10.0 | overlap_sec=0.0 
2026-02-11 14:43:35,278 - INFO - Window shape: (38, 2560)
2026-02-11 14:43:36,755 - INFO - Finished processing file: /projects/EEG-foundation-model/CHB-MIT/chb15/chb15_16.edf | Extracted 360 windows | label distribution: {0: 360}
2026-02-11 14:43:36,757 - INFO - Preprocessing parameters : 
 resample_rate=256 | bandpass=False | l_freq=0.5 | h_freq=75.0 | notch=60.0 | max_amp=300.0 | trim=0.0 | min_len_sec=0.0 | use_iir=True | normalize=True | window_size_sec=10.0 | overlap_sec=0.0 
2026-02-11 14:43:39,897 - INFO - Window shape: (38, 2560)
2026-02-11 14:43:41,394 - INFO - Finished processing file: /projects/EEG-foundation-model/CHB-MIT/chb15/chb15_11.edf | Extracted 360 windows | label distribution: {0: 360}
2026-02-11 14:43:41,396 - INFO - Preprocessing parameters : 
 resample_rate=256 | bandpass=False | l_freq=0.5 | h_freq=75.0 | notch=60.0 | max_amp=300.0 | trim=0.0 | min_len_sec=0.0 | use_iir=True | normalize=True | window_size_sec=10.0 | overlap_sec=0.0 
2026-02-11 14:43:44,293 - INFO - Window shape: (38, 2560)
2026-02-11 14:43:45,761 - INFO - Finished processing file: /projects/EEG-foundation-model/CHB-MIT/chb15/chb15_63.edf | Extracted 360 windows | label distribution: {0: 360}
2026-02-11 14:43:45,763 - INFO - File 351: /projects/EEG-foundation-model/CHB-MIT/chb15/chb15_63.edf | Subject ID: chb15 | Extracted 360 windows. Total windows so far: 148392
2026-02-11 14:43:45,763 - INFO - Preprocessing parameters : 
 resample_rate=256 | bandpass=False | l_freq=0.5 | h_freq=75.0 | notch=60.0 | max_amp=300.0 | trim=0.0 | min_len_sec=0.0 | use_iir=True | normalize=True | window_size_sec=10.0 | overlap_sec=0.0 
2026-02-11 14:43:48,731 - INFO - Window shape: (38, 2560)
2026-02-11 14:43:50,207 - INFO - Finished processing file: /projects/EEG-foundation-model/CHB-MIT/chb15/chb15_51.edf | Extracted 360 windows | label distribution: {0: 360}
2026-02-11 14:43:50,209 - INFO - Preprocessing parameters : 
 resample_rate=256 | bandpass=False | l_freq=0.5 | h_freq=75.0 | notch=60.0 | max_amp=300.0 | trim=0.0 | min_len_sec=0.0 | use_iir=True | normalize=True | window_size_sec=10.0 | overlap_sec=0.0 
2026-02-11 14:43:53,356 - INFO - Window shape: (38, 2560)
2026-02-11 14:43:54,855 - INFO - Finished processing file: /projects/EEG-foundation-model/CHB-MIT/chb15/chb15_32.edf | Extracted 360 windows | label distribution: {0: 360}
2026-02-11 14:43:54,857 - INFO - Preprocessing parameters : 
 resample_rate=256 | bandpass=False | l_freq=0.5 | h_freq=75.0 | notch=60.0 | max_amp=300.0 | trim=0.0 | min_len_sec=0.0 | use_iir=True | normalize=True | window_size_sec=10.0 | overlap_sec=0.0 
2026-02-11 14:43:57,798 - INFO - Window shape: (38, 2560)
2026-02-11 14:43:59,284 - INFO - Finished processing file: /projects/EEG-foundation-model/CHB-MIT/chb15/chb15_49.edf | Extracted 363 windows | label distribution: {0: 349, 1: 14}
2026-02-11 14:43:59,286 - INFO - Preprocessing parameters : 
 resample_rate=256 | bandpass=False | l_freq=0.5 | h_freq=75.0 | notch=60.0 | max_amp=300.0 | trim=0.0 | min_len_sec=0.0 | use_iir=True | normalize=True | window_size_sec=10.0 | overlap_sec=0.0 
2026-02-11 14:44:02,231 - INFO - Window shape: (38, 2560)
2026-02-11 14:44:03,720 - INFO - Finished processing file: /projects/EEG-foundation-model/CHB-MIT/chb15/chb15_35.edf | Extracted 360 windows | label distribution: {0: 360}
2026-02-11 14:44:03,721 - INFO - Preprocessing parameters : 
 resample_rate=256 | bandpass=False | l_freq=0.5 | h_freq=75.0 | notch=60.0 | max_amp=300.0 | trim=0.0 | min_len_sec=0.0 | use_iir=True | normalize=True | window_size_sec=10.0 | overlap_sec=0.0 
2026-02-11 14:44:06,859 - INFO - Window shape: (38, 2560)
2026-02-11 14:44:08,325 - INFO - Finished processing file: /projects/EEG-foundation-model/CHB-MIT/chb15/chb15_40.edf | Extracted 359 windows | label distribution: {0: 335, 1: 24}
2026-02-11 14:44:08,326 - INFO - Preprocessing parameters : 
 resample_rate=256 | bandpass=False | l_freq=0.5 | h_freq=75.0 | notch=60.0 | max_amp=300.0 | trim=0.0 | min_len_sec=0.0 | use_iir=True | normalize=True | window_size_sec=10.0 | overlap_sec=0.0 
2026-02-11 14:44:11,325 - INFO - Window shape: (38, 2560)
2026-02-11 14:44:12,797 - INFO - Finished processing file: /projects/EEG-foundation-model/CHB-MIT/chb15/chb15_09.edf | Extracted 360 windows | label distribution: {0: 360}
2026-02-11 14:44:12,798 - INFO - Preprocessing parameters : 
 resample_rate=256 | bandpass=False | l_freq=0.5 | h_freq=75.0 | notch=60.0 | max_amp=300.0 | trim=0.0 | min_len_sec=0.0 | use_iir=True | normalize=True | window_size_sec=10.0 | overlap_sec=0.0 
2026-02-11 14:44:15,759 - INFO - Window shape: (38, 2560)
2026-02-11 14:44:17,239 - INFO - Finished processing file: /projects/EEG-foundation-model/CHB-MIT/chb15/chb15_07.edf | Extracted 360 windows | label distribution: {0: 360}
2026-02-11 14:44:17,240 - INFO - Preprocessing parameters : 
 resample_rate=256 | bandpass=False | l_freq=0.5 | h_freq=75.0 | notch=60.0 | max_amp=300.0 | trim=0.0 | min_len_sec=0.0 | use_iir=True | normalize=True | window_size_sec=10.0 | overlap_sec=0.0 
2026-02-11 14:44:20,196 - INFO - Window shape: (38, 2560)
2026-02-11 14:44:21,682 - INFO - Finished processing file: /projects/EEG-foundation-model/CHB-MIT/chb15/chb15_22.edf | Extracted 360 windows | label distribution: {0: 339, 1: 21}
2026-02-11 14:44:21,684 - INFO - Preprocessing parameters : 
 resample_rate=256 | bandpass=False | l_freq=0.5 | h_freq=75.0 | notch=60.0 | max_amp=300.0 | trim=0.0 | min_len_sec=0.0 | use_iir=True | normalize=True | window_size_sec=10.0 | overlap_sec=0.0 
2026-02-11 14:44:24,863 - INFO - Window shape: (38, 2560)
2026-02-11 14:44:26,361 - INFO - Finished processing file: /projects/EEG-foundation-model/CHB-MIT/chb15/chb15_50.edf | Extracted 360 windows | label distribution: {0: 360}
2026-02-11 14:44:26,363 - INFO - Preprocessing parameters : 
 resample_rate=256 | bandpass=False | l_freq=0.5 | h_freq=75.0 | notch=60.0 | max_amp=300.0 | trim=0.0 | min_len_sec=0.0 | use_iir=True | normalize=True | window_size_sec=10.0 | overlap_sec=0.0 
2026-02-11 14:44:29,392 - INFO - Window shape: (38, 2560)
2026-02-11 14:44:30,858 - INFO - Finished processing file: /projects/EEG-foundation-model/CHB-MIT/chb15/chb15_19.edf | Extracted 360 windows | label distribution: {0: 360}
2026-02-11 14:44:30,859 - INFO - File 361: /projects/EEG-foundation-model/CHB-MIT/chb15/chb15_19.edf | Subject ID: chb15 | Extracted 360 windows. Total windows so far: 151994
2026-02-11 14:44:30,860 - INFO - Preprocessing parameters : 
 resample_rate=256 | bandpass=False | l_freq=0.5 | h_freq=75.0 | notch=60.0 | max_amp=300.0 | trim=0.0 | min_len_sec=0.0 | use_iir=True | normalize=True | window_size_sec=10.0 | overlap_sec=0.0 
2026-02-11 14:44:33,841 - INFO - Window shape: (38, 2560)
2026-02-11 14:44:35,309 - INFO - Finished processing file: /projects/EEG-foundation-model/CHB-MIT/chb15/chb15_62.edf | Extracted 360 windows | label distribution: {0: 349, 1: 11}
2026-02-11 14:44:35,311 - INFO - Preprocessing parameters : 
 resample_rate=256 | bandpass=False | l_freq=0.5 | h_freq=75.0 | notch=60.0 | max_amp=300.0 | trim=0.0 | min_len_sec=0.0 | use_iir=True | normalize=True | window_size_sec=10.0 | overlap_sec=0.0 
2026-02-11 14:44:38,254 - INFO - Window shape: (38, 2560)
2026-02-11 14:44:39,731 - INFO - Finished processing file: /projects/EEG-foundation-model/CHB-MIT/chb15/chb15_10.edf | Extracted 360 windows | label distribution: {0: 357, 1: 3}
2026-02-11 14:44:39,733 - INFO - Preprocessing parameters : 
 resample_rate=256 | bandpass=False | l_freq=0.5 | h_freq=75.0 | notch=60.0 | max_amp=300.0 | trim=0.0 | min_len_sec=0.0 | use_iir=True | normalize=True | window_size_sec=10.0 | overlap_sec=0.0 
2026-02-11 14:44:42,751 - INFO - Window shape: (38, 2560)
2026-02-11 14:44:44,228 - INFO - Finished processing file: /projects/EEG-foundation-model/CHB-MIT/chb15/chb15_17.edf | Extracted 361 windows | label distribution: {0: 357, 1: 4}
2026-02-11 14:44:44,230 - INFO - Preprocessing parameters : 
 resample_rate=256 | bandpass=False | l_freq=0.5 | h_freq=75.0 | notch=60.0 | max_amp=300.0 | trim=0.0 | min_len_sec=0.0 | use_iir=True | normalize=True | window_size_sec=10.0 | overlap_sec=0.0 
2026-02-11 14:44:47,179 - INFO - Window shape: (38, 2560)
2026-02-11 14:44:48,660 - INFO - Finished processing file: /projects/EEG-foundation-model/CHB-MIT/chb15/chb15_06.edf | Extracted 360 windows | label distribution: {0: 347, 1: 13}
2026-02-11 14:44:48,661 - INFO - Preprocessing parameters : 
 resample_rate=256 | bandpass=False | l_freq=0.5 | h_freq=75.0 | notch=60.0 | max_amp=300.0 | trim=0.0 | min_len_sec=0.0 | use_iir=True | normalize=True | window_size_sec=10.0 | overlap_sec=0.0 
2026-02-11 14:44:51,135 - INFO - Window shape: (31, 2560)
2026-02-11 14:44:52,396 - INFO - Finished processing file: /projects/EEG-foundation-model/CHB-MIT/chb15/chb15_01.edf | Extracted 360 windows | label distribution: {0: 360}
2026-02-11 14:44:52,398 - INFO - Preprocessing parameters : 
 resample_rate=256 | bandpass=False | l_freq=0.5 | h_freq=75.0 | notch=60.0 | max_amp=300.0 | trim=0.0 | min_len_sec=0.0 | use_iir=True | normalize=True | window_size_sec=10.0 | overlap_sec=0.0 
2026-02-11 14:44:55,381 - INFO - Window shape: (38, 2560)
2026-02-11 14:44:56,877 - INFO - Finished processing file: /projects/EEG-foundation-model/CHB-MIT/chb15/chb15_08.edf | Extracted 360 windows | label distribution: {0: 360}
2026-02-11 14:44:56,879 - INFO - Preprocessing parameters : 
 resample_rate=256 | bandpass=False | l_freq=0.5 | h_freq=75.0 | notch=60.0 | max_amp=300.0 | trim=0.0 | min_len_sec=0.0 | use_iir=True | normalize=True | window_size_sec=10.0 | overlap_sec=0.0 
2026-02-11 14:44:59,810 - INFO - Window shape: (38, 2560)
2026-02-11 14:45:01,277 - INFO - Finished processing file: /projects/EEG-foundation-model/CHB-MIT/chb15/chb15_46.edf | Extracted 360 windows | label distribution: {0: 349, 1: 11}
2026-02-11 14:45:01,279 - INFO - Preprocessing parameters : 
 resample_rate=256 | bandpass=False | l_freq=0.5 | h_freq=75.0 | notch=60.0 | max_amp=300.0 | trim=0.0 | min_len_sec=0.0 | use_iir=True | normalize=True | window_size_sec=10.0 | overlap_sec=0.0 
2026-02-11 14:45:04,210 - INFO - Window shape: (38, 2560)
2026-02-11 14:45:05,694 - INFO - Finished processing file: /projects/EEG-foundation-model/CHB-MIT/chb15/chb15_33.edf | Extracted 360 windows | label distribution: {0: 360}
2026-02-11 14:45:05,695 - INFO - Preprocessing parameters : 
 resample_rate=256 | bandpass=False | l_freq=0.5 | h_freq=75.0 | notch=60.0 | max_amp=300.0 | trim=0.0 | min_len_sec=0.0 | use_iir=True | normalize=True | window_size_sec=10.0 | overlap_sec=0.0 
2026-02-11 14:45:07,813 - INFO - Window shape: (28, 2560)
2026-02-11 14:45:08,917 - INFO - Finished processing file: /projects/EEG-foundation-model/CHB-MIT/chb17/chb17b_58.edf | Extracted 360 windows | label distribution: {0: 360}
2026-02-11 14:45:08,919 - INFO - Preprocessing parameters : 
 resample_rate=256 | bandpass=False | l_freq=0.5 | h_freq=75.0 | notch=60.0 | max_amp=300.0 | trim=0.0 | min_len_sec=0.0 | use_iir=True | normalize=True | window_size_sec=10.0 | overlap_sec=0.0 
2026-02-11 14:45:11,154 - INFO - Window shape: (28, 2560)
2026-02-11 14:45:12,262 - INFO - Finished processing file: /projects/EEG-foundation-model/CHB-MIT/chb17/chb17c_04.edf | Extracted 360 windows | label distribution: {0: 360}
2026-02-11 14:45:12,263 - INFO - File 371: /projects/EEG-foundation-model/CHB-MIT/chb17/chb17c_04.edf | Subject ID: chb17 | Extracted 360 windows. Total windows so far: 155595
2026-02-11 14:45:12,263 - INFO - Preprocessing parameters : 
 resample_rate=256 | bandpass=False | l_freq=0.5 | h_freq=75.0 | notch=60.0 | max_amp=300.0 | trim=0.0 | min_len_sec=0.0 | use_iir=True | normalize=True | window_size_sec=10.0 | overlap_sec=0.0 
2026-02-11 14:45:14,462 - INFO - Window shape: (28, 2560)
2026-02-11 14:45:15,566 - INFO - Finished processing file: /projects/EEG-foundation-model/CHB-MIT/chb17/chb17c_03.edf | Extracted 360 windows | label distribution: {0: 360}
2026-02-11 14:45:15,568 - INFO - Preprocessing parameters : 
 resample_rate=256 | bandpass=False | l_freq=0.5 | h_freq=75.0 | notch=60.0 | max_amp=300.0 | trim=0.0 | min_len_sec=0.0 | use_iir=True | normalize=True | window_size_sec=10.0 | overlap_sec=0.0 
2026-02-11 14:45:17,794 - INFO - Window shape: (28, 2560)
2026-02-11 14:45:18,908 - INFO - Finished processing file: /projects/EEG-foundation-model/CHB-MIT/chb17/chb17b_63.edf | Extracted 363 windows | label distribution: {0: 354, 1: 9}
2026-02-11 14:45:18,909 - INFO - Preprocessing parameters : 
 resample_rate=256 | bandpass=False | l_freq=0.5 | h_freq=75.0 | notch=60.0 | max_amp=300.0 | trim=0.0 | min_len_sec=0.0 | use_iir=True | normalize=True | window_size_sec=10.0 | overlap_sec=0.0 
2026-02-11 14:45:21,145 - INFO - Window shape: (28, 2560)
2026-02-11 14:45:22,250 - INFO - Finished processing file: /projects/EEG-foundation-model/CHB-MIT/chb17/chb17a_03.edf | Extracted 360 windows | label distribution: {0: 351, 1: 9}
2026-02-11 14:45:22,251 - INFO - Preprocessing parameters : 
 resample_rate=256 | bandpass=False | l_freq=0.5 | h_freq=75.0 | notch=60.0 | max_amp=300.0 | trim=0.0 | min_len_sec=0.0 | use_iir=True | normalize=True | window_size_sec=10.0 | overlap_sec=0.0 
2026-02-11 14:45:24,404 - INFO - Window shape: (28, 2560)
2026-02-11 14:45:25,514 - INFO - Finished processing file: /projects/EEG-foundation-model/CHB-MIT/chb17/chb17a_04.edf | Extracted 361 windows | label distribution: {0: 349, 1: 12}
2026-02-11 14:45:25,516 - INFO - Preprocessing parameters : 
 resample_rate=256 | bandpass=False | l_freq=0.5 | h_freq=75.0 | notch=60.0 | max_amp=300.0 | trim=0.0 | min_len_sec=0.0 | use_iir=True | normalize=True | window_size_sec=10.0 | overlap_sec=0.0 
2026-02-11 14:45:27,769 - INFO - Window shape: (28, 2560)
2026-02-11 14:45:28,876 - INFO - Finished processing file: /projects/EEG-foundation-model/CHB-MIT/chb17/chb17c_02.edf | Extracted 360 windows | label distribution: {0: 360}
2026-02-11 14:45:28,878 - INFO - Preprocessing parameters : 
 resample_rate=256 | bandpass=False | l_freq=0.5 | h_freq=75.0 | notch=60.0 | max_amp=300.0 | trim=0.0 | min_len_sec=0.0 | use_iir=True | normalize=True | window_size_sec=10.0 | overlap_sec=0.0 
2026-02-11 14:45:31,191 - INFO - Window shape: (28, 2560)
2026-02-11 14:45:32,298 - INFO - Finished processing file: /projects/EEG-foundation-model/CHB-MIT/chb17/chb17c_05.edf | Extracted 360 windows | label distribution: {0: 360}
2026-02-11 14:45:32,299 - INFO - Preprocessing parameters : 
 resample_rate=256 | bandpass=False | l_freq=0.5 | h_freq=75.0 | notch=60.0 | max_amp=300.0 | trim=0.0 | min_len_sec=0.0 | use_iir=True | normalize=True | window_size_sec=10.0 | overlap_sec=0.0 
2026-02-11 14:45:34,483 - INFO - Window shape: (28, 2560)
2026-02-11 14:45:35,589 - INFO - Finished processing file: /projects/EEG-foundation-model/CHB-MIT/chb17/chb17b_59.edf | Extracted 360 windows | label distribution: {0: 360}
2026-02-11 14:45:35,591 - INFO - Preprocessing parameters : 
 resample_rate=256 | bandpass=False | l_freq=0.5 | h_freq=75.0 | notch=60.0 | max_amp=300.0 | trim=0.0 | min_len_sec=0.0 | use_iir=True | normalize=True | window_size_sec=10.0 | overlap_sec=0.0 
2026-02-11 14:45:37,746 - INFO - Window shape: (28, 2560)
2026-02-11 14:45:38,853 - INFO - Finished processing file: /projects/EEG-foundation-model/CHB-MIT/chb17/chb17b_57.edf | Extracted 360 windows | label distribution: {0: 360}
2026-02-11 14:45:38,854 - INFO - Preprocessing parameters : 
 resample_rate=256 | bandpass=False | l_freq=0.5 | h_freq=75.0 | notch=60.0 | max_amp=300.0 | trim=0.0 | min_len_sec=0.0 | use_iir=True | normalize=True | window_size_sec=10.0 | overlap_sec=0.0 
2026-02-11 14:45:41,072 - INFO - Window shape: (28, 2560)
2026-02-11 14:45:42,179 - INFO - Finished processing file: /projects/EEG-foundation-model/CHB-MIT/chb17/chb17a_05.edf | Extracted 360 windows | label distribution: {0: 360}
2026-02-11 14:45:42,180 - INFO - Preprocessing parameters : 
 resample_rate=256 | bandpass=False | l_freq=0.5 | h_freq=75.0 | notch=60.0 | max_amp=300.0 | trim=0.0 | min_len_sec=0.0 | use_iir=True | normalize=True | window_size_sec=10.0 | overlap_sec=0.0 
2026-02-11 14:45:44,000 - INFO - Window shape: (22, 2560)
2026-02-11 14:45:44,926 - INFO - Finished processing file: /projects/EEG-foundation-model/CHB-MIT/chb17/chb17c_13.edf | Extracted 360 windows | label distribution: {0: 360}
2026-02-11 14:45:44,927 - INFO - File 381: /projects/EEG-foundation-model/CHB-MIT/chb17/chb17c_13.edf | Subject ID: chb17 | Extracted 360 windows. Total windows so far: 159199
2026-02-11 14:45:44,928 - INFO - Preprocessing parameters : 
 resample_rate=256 | bandpass=False | l_freq=0.5 | h_freq=75.0 | notch=60.0 | max_amp=300.0 | trim=0.0 | min_len_sec=0.0 | use_iir=True | normalize=True | window_size_sec=10.0 | overlap_sec=0.0 
2026-02-11 14:45:47,100 - INFO - Window shape: (28, 2560)
2026-02-11 14:45:48,206 - INFO - Finished processing file: /projects/EEG-foundation-model/CHB-MIT/chb17/chb17a_08.edf | Extracted 360 windows | label distribution: {0: 360}
2026-02-11 14:45:48,207 - INFO - Preprocessing parameters : 
 resample_rate=256 | bandpass=False | l_freq=0.5 | h_freq=75.0 | notch=60.0 | max_amp=300.0 | trim=0.0 | min_len_sec=0.0 | use_iir=True | normalize=True | window_size_sec=10.0 | overlap_sec=0.0 
2026-02-11 14:45:50,341 - INFO - Window shape: (28, 2560)
2026-02-11 14:45:51,449 - INFO - Finished processing file: /projects/EEG-foundation-model/CHB-MIT/chb17/chb17a_06.edf | Extracted 360 windows | label distribution: {0: 360}
2026-02-11 14:45:51,450 - INFO - Preprocessing parameters : 
 resample_rate=256 | bandpass=False | l_freq=0.5 | h_freq=75.0 | notch=60.0 | max_amp=300.0 | trim=0.0 | min_len_sec=0.0 | use_iir=True | normalize=True | window_size_sec=10.0 | overlap_sec=0.0 
2026-02-11 14:45:53,706 - INFO - Window shape: (28, 2560)
2026-02-11 14:45:54,812 - INFO - Finished processing file: /projects/EEG-foundation-model/CHB-MIT/chb17/chb17c_08.edf | Extracted 360 windows | label distribution: {0: 360}
2026-02-11 14:45:54,814 - INFO - Preprocessing parameters : 
 resample_rate=256 | bandpass=False | l_freq=0.5 | h_freq=75.0 | notch=60.0 | max_amp=300.0 | trim=0.0 | min_len_sec=0.0 | use_iir=True | normalize=True | window_size_sec=10.0 | overlap_sec=0.0 
2026-02-11 14:45:57,116 - INFO - Window shape: (28, 2560)
2026-02-11 14:45:58,221 - INFO - Finished processing file: /projects/EEG-foundation-model/CHB-MIT/chb17/chb17b_68.edf | Extracted 360 windows | label distribution: {0: 360}
2026-02-11 14:45:58,222 - INFO - Preprocessing parameters : 
 resample_rate=256 | bandpass=False | l_freq=0.5 | h_freq=75.0 | notch=60.0 | max_amp=300.0 | trim=0.0 | min_len_sec=0.0 | use_iir=True | normalize=True | window_size_sec=10.0 | overlap_sec=0.0 
2026-02-11 14:46:00,375 - INFO - Window shape: (28, 2560)
2026-02-11 14:46:01,479 - INFO - Finished processing file: /projects/EEG-foundation-model/CHB-MIT/chb17/chb17c_06.edf | Extracted 360 windows | label distribution: {0: 360}
2026-02-11 14:46:01,481 - INFO - Preprocessing parameters : 
 resample_rate=256 | bandpass=False | l_freq=0.5 | h_freq=75.0 | notch=60.0 | max_amp=300.0 | trim=0.0 | min_len_sec=0.0 | use_iir=True | normalize=True | window_size_sec=10.0 | overlap_sec=0.0 
2026-02-11 14:46:03,678 - INFO - Window shape: (28, 2560)
2026-02-11 14:46:04,777 - INFO - Finished processing file: /projects/EEG-foundation-model/CHB-MIT/chb17/chb17b_69.edf | Extracted 360 windows | label distribution: {0: 360}
2026-02-11 14:46:04,778 - INFO - Preprocessing parameters : 
 resample_rate=256 | bandpass=False | l_freq=0.5 | h_freq=75.0 | notch=60.0 | max_amp=300.0 | trim=0.0 | min_len_sec=0.0 | use_iir=True | normalize=True | window_size_sec=10.0 | overlap_sec=0.0 
2026-02-11 14:46:06,925 - INFO - Window shape: (28, 2560)
2026-02-11 14:46:08,031 - INFO - Finished processing file: /projects/EEG-foundation-model/CHB-MIT/chb17/chb17c_07.edf | Extracted 360 windows | label distribution: {0: 360}
2026-02-11 14:46:08,033 - INFO - Preprocessing parameters : 
 resample_rate=256 | bandpass=False | l_freq=0.5 | h_freq=75.0 | notch=60.0 | max_amp=300.0 | trim=0.0 | min_len_sec=0.0 | use_iir=True | normalize=True | window_size_sec=10.0 | overlap_sec=0.0 
2026-02-11 14:46:10,217 - INFO - Window shape: (28, 2560)
2026-02-11 14:46:11,323 - INFO - Finished processing file: /projects/EEG-foundation-model/CHB-MIT/chb17/chb17b_67.edf | Extracted 360 windows | label distribution: {0: 360}
2026-02-11 14:46:11,325 - INFO - Preprocessing parameters : 
 resample_rate=256 | bandpass=False | l_freq=0.5 | h_freq=75.0 | notch=60.0 | max_amp=300.0 | trim=0.0 | min_len_sec=0.0 | use_iir=True | normalize=True | window_size_sec=10.0 | overlap_sec=0.0 
2026-02-11 14:46:13,461 - INFO - Window shape: (28, 2560)
2026-02-11 14:46:14,565 - INFO - Finished processing file: /projects/EEG-foundation-model/CHB-MIT/chb17/chb17b_60.edf | Extracted 360 windows | label distribution: {0: 360}
2026-02-11 14:46:14,566 - INFO - Preprocessing parameters : 
 resample_rate=256 | bandpass=False | l_freq=0.5 | h_freq=75.0 | notch=60.0 | max_amp=300.0 | trim=0.0 | min_len_sec=0.0 | use_iir=True | normalize=True | window_size_sec=10.0 | overlap_sec=0.0 
2026-02-11 14:46:21,665 - INFO - Window shape: (24, 2560)
2026-02-11 14:46:25,470 - INFO - Finished processing file: /projects/EEG-foundation-model/CHB-MIT/chb04/chb04_18.edf | Extracted 1442 windows | label distribution: {0: 1442}
2026-02-11 14:46:25,472 - INFO - File 391: /projects/EEG-foundation-model/CHB-MIT/chb04/chb04_18.edf | Subject ID: chb04 | Extracted 1442 windows. Total windows so far: 163881
2026-02-11 14:46:25,473 - INFO - Preprocessing parameters : 
 resample_rate=256 | bandpass=False | l_freq=0.5 | h_freq=75.0 | notch=60.0 | max_amp=300.0 | trim=0.0 | min_len_sec=0.0 | use_iir=True | normalize=True | window_size_sec=10.0 | overlap_sec=0.0 
2026-02-11 14:46:27,929 - INFO - Window shape: (24, 2560)
2026-02-11 14:46:29,244 - INFO - Finished processing file: /projects/EEG-foundation-model/CHB-MIT/chb04/chb04_11.edf | Extracted 483 windows | label distribution: {0: 483}
2026-02-11 14:46:29,246 - INFO - Preprocessing parameters : 
 resample_rate=256 | bandpass=False | l_freq=0.5 | h_freq=75.0 | notch=60.0 | max_amp=300.0 | trim=0.0 | min_len_sec=0.0 | use_iir=True | normalize=True | window_size_sec=10.0 | overlap_sec=0.0 
2026-02-11 14:46:36,396 - INFO - Window shape: (24, 2560)
2026-02-11 14:46:40,194 - INFO - Finished processing file: /projects/EEG-foundation-model/CHB-MIT/chb04/chb04_16.edf | Extracted 1440 windows | label distribution: {0: 1440}
2026-02-11 14:46:40,197 - INFO - Preprocessing parameters : 
 resample_rate=256 | bandpass=False | l_freq=0.5 | h_freq=75.0 | notch=60.0 | max_amp=300.0 | trim=0.0 | min_len_sec=0.0 | use_iir=True | normalize=True | window_size_sec=10.0 | overlap_sec=0.0 
2026-02-11 14:46:45,711 - INFO - Window shape: (24, 2560)
2026-02-11 14:46:48,555 - INFO - Finished processing file: /projects/EEG-foundation-model/CHB-MIT/chb04/chb04_23.edf | Extracted 1068 windows | label distribution: {0: 1068}
2026-02-11 14:46:48,558 - INFO - Preprocessing parameters : 
 resample_rate=256 | bandpass=False | l_freq=0.5 | h_freq=75.0 | notch=60.0 | max_amp=300.0 | trim=0.0 | min_len_sec=0.0 | use_iir=True | normalize=True | window_size_sec=10.0 | overlap_sec=0.0 
2026-02-11 14:46:55,758 - INFO - Window shape: (24, 2560)
2026-02-11 14:46:59,547 - INFO - Finished processing file: /projects/EEG-foundation-model/CHB-MIT/chb04/chb04_24.edf | Extracted 1441 windows | label distribution: {0: 1441}
2026-02-11 14:46:59,550 - INFO - Preprocessing parameters : 
 resample_rate=256 | bandpass=False | l_freq=0.5 | h_freq=75.0 | notch=60.0 | max_amp=300.0 | trim=0.0 | min_len_sec=0.0 | use_iir=True | normalize=True | window_size_sec=10.0 | overlap_sec=0.0 
2026-02-11 14:47:06,588 - INFO - Window shape: (24, 2560)
2026-02-11 14:47:10,378 - INFO - Finished processing file: /projects/EEG-foundation-model/CHB-MIT/chb04/chb04_40.edf | Extracted 1440 windows | label distribution: {0: 1440}
2026-02-11 14:47:10,380 - INFO - Preprocessing parameters : 
 resample_rate=256 | bandpass=False | l_freq=0.5 | h_freq=75.0 | notch=60.0 | max_amp=300.0 | trim=0.0 | min_len_sec=0.0 | use_iir=True | normalize=True | window_size_sec=10.0 | overlap_sec=0.0 
2026-02-11 14:47:17,567 - INFO - Window shape: (24, 2560)
2026-02-11 14:47:21,366 - INFO - Finished processing file: /projects/EEG-foundation-model/CHB-MIT/chb04/chb04_35.edf | Extracted 1440 windows | label distribution: {0: 1440}
2026-02-11 14:47:21,369 - INFO - Preprocessing parameters : 
 resample_rate=256 | bandpass=False | l_freq=0.5 | h_freq=75.0 | notch=60.0 | max_amp=300.0 | trim=0.0 | min_len_sec=0.0 | use_iir=True | normalize=True | window_size_sec=10.0 | overlap_sec=0.0 
2026-02-11 14:47:28,576 - INFO - Window shape: (24, 2560)
2026-02-11 14:47:32,384 - INFO - Finished processing file: /projects/EEG-foundation-model/CHB-MIT/chb04/chb04_32.edf | Extracted 1440 windows | label distribution: {0: 1440}
2026-02-11 14:47:32,386 - INFO - Preprocessing parameters : 
 resample_rate=256 | bandpass=False | l_freq=0.5 | h_freq=75.0 | notch=60.0 | max_amp=300.0 | trim=0.0 | min_len_sec=0.0 | use_iir=True | normalize=True | window_size_sec=10.0 | overlap_sec=0.0 
2026-02-11 14:47:36,460 - INFO - Window shape: (24, 2560)
2026-02-11 14:47:38,460 - INFO - Finished processing file: /projects/EEG-foundation-model/CHB-MIT/chb04/chb04_07.edf | Extracted 750 windows | label distribution: {0: 750}
2026-02-11 14:47:38,462 - INFO - Preprocessing parameters : 
 resample_rate=256 | bandpass=False | l_freq=0.5 | h_freq=75.0 | notch=60.0 | max_amp=300.0 | trim=0.0 | min_len_sec=0.0 | use_iir=True | normalize=True | window_size_sec=10.0 | overlap_sec=0.0 
2026-02-11 14:47:45,638 - INFO - Window shape: (24, 2560)
2026-02-11 14:47:49,442 - INFO - Finished processing file: /projects/EEG-foundation-model/CHB-MIT/chb04/chb04_09.edf | Extracted 1440 windows | label distribution: {0: 1440}
2026-02-11 14:47:49,444 - INFO - Preprocessing parameters : 
 resample_rate=256 | bandpass=False | l_freq=0.5 | h_freq=75.0 | notch=60.0 | max_amp=300.0 | trim=0.0 | min_len_sec=0.0 | use_iir=True | normalize=True | window_size_sec=10.0 | overlap_sec=0.0 
2026-02-11 14:47:56,766 - INFO - Window shape: (24, 2560)
2026-02-11 14:48:00,535 - INFO - Finished processing file: /projects/EEG-foundation-model/CHB-MIT/chb04/chb04_25.edf | Extracted 1440 windows | label distribution: {0: 1440}
2026-02-11 14:48:00,537 - INFO - File 401: /projects/EEG-foundation-model/CHB-MIT/chb04/chb04_25.edf | Subject ID: chb04 | Extracted 1440 windows. Total windows so far: 176263
2026-02-11 14:48:00,538 - INFO - Preprocessing parameters : 
 resample_rate=256 | bandpass=False | l_freq=0.5 | h_freq=75.0 | notch=60.0 | max_amp=300.0 | trim=0.0 | min_len_sec=0.0 | use_iir=True | normalize=True | window_size_sec=10.0 | overlap_sec=0.0 
2026-02-11 14:48:07,653 - INFO - Window shape: (24, 2560)
2026-02-11 14:48:11,460 - INFO - Finished processing file: /projects/EEG-foundation-model/CHB-MIT/chb04/chb04_22.edf | Extracted 1440 windows | label distribution: {0: 1440}
2026-02-11 14:48:11,462 - INFO - Preprocessing parameters : 
 resample_rate=256 | bandpass=False | l_freq=0.5 | h_freq=75.0 | notch=60.0 | max_amp=300.0 | trim=0.0 | min_len_sec=0.0 | use_iir=True | normalize=True | window_size_sec=10.0 | overlap_sec=0.0 
2026-02-11 14:48:18,321 - INFO - Window shape: (24, 2560)
2026-02-11 14:48:21,933 - INFO - Finished processing file: /projects/EEG-foundation-model/CHB-MIT/chb04/chb04_17.edf | Extracted 1373 windows | label distribution: {0: 1373}
2026-02-11 14:48:21,936 - INFO - Preprocessing parameters : 
 resample_rate=256 | bandpass=False | l_freq=0.5 | h_freq=75.0 | notch=60.0 | max_amp=300.0 | trim=0.0 | min_len_sec=0.0 | use_iir=True | normalize=True | window_size_sec=10.0 | overlap_sec=0.0 
2026-02-11 14:48:29,144 - INFO - Window shape: (24, 2560)
2026-02-11 14:48:32,940 - INFO - Finished processing file: /projects/EEG-foundation-model/CHB-MIT/chb04/chb04_10.edf | Extracted 1440 windows | label distribution: {0: 1440}
2026-02-11 14:48:32,942 - INFO - Preprocessing parameters : 
 resample_rate=256 | bandpass=False | l_freq=0.5 | h_freq=75.0 | notch=60.0 | max_amp=300.0 | trim=0.0 | min_len_sec=0.0 | use_iir=True | normalize=True | window_size_sec=10.0 | overlap_sec=0.0 
2026-02-11 14:48:39,923 - INFO - Window shape: (24, 2560)
2026-02-11 14:48:43,721 - INFO - Finished processing file: /projects/EEG-foundation-model/CHB-MIT/chb04/chb04_19.edf | Extracted 1440 windows | label distribution: {0: 1440}
2026-02-11 14:48:43,723 - INFO - Preprocessing parameters : 
 resample_rate=256 | bandpass=False | l_freq=0.5 | h_freq=75.0 | notch=60.0 | max_amp=300.0 | trim=0.0 | min_len_sec=0.0 | use_iir=True | normalize=True | window_size_sec=10.0 | overlap_sec=0.0 
2026-02-11 14:48:50,778 - INFO - Window shape: (24, 2560)
2026-02-11 14:48:54,608 - INFO - Finished processing file: /projects/EEG-foundation-model/CHB-MIT/chb04/chb04_08.edf | Extracted 1440 windows | label distribution: {0: 1429, 1: 11}
2026-02-11 14:48:54,610 - INFO - Preprocessing parameters : 
 resample_rate=256 | bandpass=False | l_freq=0.5 | h_freq=75.0 | notch=60.0 | max_amp=300.0 | trim=0.0 | min_len_sec=0.0 | use_iir=True | normalize=True | window_size_sec=10.0 | overlap_sec=0.0 
2026-02-11 14:49:01,393 - INFO - Window shape: (23, 2560)
2026-02-11 14:49:05,018 - INFO - Finished processing file: /projects/EEG-foundation-model/CHB-MIT/chb04/chb04_01.edf | Extracted 1440 windows | label distribution: {0: 1440}
2026-02-11 14:49:05,021 - INFO - Preprocessing parameters : 
 resample_rate=256 | bandpass=False | l_freq=0.5 | h_freq=75.0 | notch=60.0 | max_amp=300.0 | trim=0.0 | min_len_sec=0.0 | use_iir=True | normalize=True | window_size_sec=10.0 | overlap_sec=0.0 
2026-02-11 14:49:11,877 - INFO - Window shape: (23, 2560)
2026-02-11 14:49:15,496 - INFO - Finished processing file: /projects/EEG-foundation-model/CHB-MIT/chb04/chb04_06.edf | Extracted 1440 windows | label distribution: {0: 1440}
2026-02-11 14:49:15,499 - INFO - Preprocessing parameters : 
 resample_rate=256 | bandpass=False | l_freq=0.5 | h_freq=75.0 | notch=60.0 | max_amp=300.0 | trim=0.0 | min_len_sec=0.0 | use_iir=True | normalize=True | window_size_sec=10.0 | overlap_sec=0.0 
2026-02-11 14:49:22,464 - INFO - Window shape: (24, 2560)
2026-02-11 14:49:26,256 - INFO - Finished processing file: /projects/EEG-foundation-model/CHB-MIT/chb04/chb04_33.edf | Extracted 1440 windows | label distribution: {0: 1440}
2026-02-11 14:49:26,258 - INFO - Preprocessing parameters : 
 resample_rate=256 | bandpass=False | l_freq=0.5 | h_freq=75.0 | notch=60.0 | max_amp=300.0 | trim=0.0 | min_len_sec=0.0 | use_iir=True | normalize=True | window_size_sec=10.0 | overlap_sec=0.0 
2026-02-11 14:49:33,332 - INFO - Window shape: (24, 2560)
2026-02-11 14:49:37,115 - INFO - Finished processing file: /projects/EEG-foundation-model/CHB-MIT/chb04/chb04_34.edf | Extracted 1440 windows | label distribution: {0: 1440}
2026-02-11 14:49:37,117 - INFO - Preprocessing parameters : 
 resample_rate=256 | bandpass=False | l_freq=0.5 | h_freq=75.0 | notch=60.0 | max_amp=300.0 | trim=0.0 | min_len_sec=0.0 | use_iir=True | normalize=True | window_size_sec=10.0 | overlap_sec=0.0 
2026-02-11 14:49:44,255 - INFO - Window shape: (24, 2560)
2026-02-11 14:49:48,026 - INFO - Finished processing file: /projects/EEG-foundation-model/CHB-MIT/chb04/chb04_41.edf | Extracted 1440 windows | label distribution: {0: 1440}
2026-02-11 14:49:48,028 - INFO - File 411: /projects/EEG-foundation-model/CHB-MIT/chb04/chb04_41.edf | Subject ID: chb04 | Extracted 1440 windows. Total windows so far: 190596
2026-02-11 14:49:48,028 - INFO - Preprocessing parameters : 
 resample_rate=256 | bandpass=False | l_freq=0.5 | h_freq=75.0 | notch=60.0 | max_amp=300.0 | trim=0.0 | min_len_sec=0.0 | use_iir=True | normalize=True | window_size_sec=10.0 | overlap_sec=0.0 
2026-02-11 14:49:52,751 - INFO - Window shape: (23, 2560)
2026-02-11 14:49:55,164 - INFO - Finished processing file: /projects/EEG-foundation-model/CHB-MIT/chb04/chb04_05.edf | Extracted 953 windows | label distribution: {0: 948, 1: 5}
2026-02-11 14:49:55,166 - INFO - Preprocessing parameters : 
 resample_rate=256 | bandpass=False | l_freq=0.5 | h_freq=75.0 | notch=60.0 | max_amp=300.0 | trim=0.0 | min_len_sec=0.0 | use_iir=True | normalize=True | window_size_sec=10.0 | overlap_sec=0.0 
2026-02-11 14:50:02,137 - INFO - Window shape: (23, 2560)
2026-02-11 14:50:05,776 - INFO - Finished processing file: /projects/EEG-foundation-model/CHB-MIT/chb04/chb04_02.edf | Extracted 1440 windows | label distribution: {0: 1440}
2026-02-11 14:50:05,778 - INFO - Preprocessing parameters : 
 resample_rate=256 | bandpass=False | l_freq=0.5 | h_freq=75.0 | notch=60.0 | max_amp=300.0 | trim=0.0 | min_len_sec=0.0 | use_iir=True | normalize=True | window_size_sec=10.0 | overlap_sec=0.0 
2026-02-11 14:50:08,600 - INFO - Window shape: (24, 2560)
2026-02-11 14:50:10,121 - INFO - Finished processing file: /projects/EEG-foundation-model/CHB-MIT/chb04/chb04_37.edf | Extracted 561 windows | label distribution: {0: 561}
2026-02-11 14:50:10,122 - INFO - Preprocessing parameters : 
 resample_rate=256 | bandpass=False | l_freq=0.5 | h_freq=75.0 | notch=60.0 | max_amp=300.0 | trim=0.0 | min_len_sec=0.0 | use_iir=True | normalize=True | window_size_sec=10.0 | overlap_sec=0.0 
2026-02-11 14:50:17,114 - INFO - Window shape: (24, 2560)
2026-02-11 14:50:20,904 - INFO - Finished processing file: /projects/EEG-foundation-model/CHB-MIT/chb04/chb04_30.edf | Extracted 1440 windows | label distribution: {0: 1440}
2026-02-11 14:50:20,907 - INFO - Preprocessing parameters : 
 resample_rate=256 | bandpass=False | l_freq=0.5 | h_freq=75.0 | notch=60.0 | max_amp=300.0 | trim=0.0 | min_len_sec=0.0 | use_iir=True | normalize=True | window_size_sec=10.0 | overlap_sec=0.0 
2026-02-11 14:50:24,009 - INFO - Window shape: (24, 2560)
2026-02-11 14:50:25,560 - INFO - Finished processing file: /projects/EEG-foundation-model/CHB-MIT/chb04/chb04_42.edf | Extracted 582 windows | label distribution: {0: 582}
2026-02-11 14:50:25,562 - INFO - Preprocessing parameters : 
 resample_rate=256 | bandpass=False | l_freq=0.5 | h_freq=75.0 | notch=60.0 | max_amp=300.0 | trim=0.0 | min_len_sec=0.0 | use_iir=True | normalize=True | window_size_sec=10.0 | overlap_sec=0.0 
2026-02-11 14:50:32,706 - INFO - Window shape: (24, 2560)
2026-02-11 14:50:36,459 - INFO - Finished processing file: /projects/EEG-foundation-model/CHB-MIT/chb04/chb04_39.edf | Extracted 1440 windows | label distribution: {0: 1440}
2026-02-11 14:50:36,461 - INFO - Preprocessing parameters : 
 resample_rate=256 | bandpass=False | l_freq=0.5 | h_freq=75.0 | notch=60.0 | max_amp=300.0 | trim=0.0 | min_len_sec=0.0 | use_iir=True | normalize=True | window_size_sec=10.0 | overlap_sec=0.0 
2026-02-11 14:50:43,665 - INFO - Window shape: (24, 2560)
2026-02-11 14:50:47,470 - INFO - Finished processing file: /projects/EEG-foundation-model/CHB-MIT/chb04/chb04_28.edf | Extracted 1442 windows | label distribution: {0: 1420, 1: 22}
2026-02-11 14:50:47,473 - INFO - Preprocessing parameters : 
 resample_rate=256 | bandpass=False | l_freq=0.5 | h_freq=75.0 | notch=60.0 | max_amp=300.0 | trim=0.0 | min_len_sec=0.0 | use_iir=True | normalize=True | window_size_sec=10.0 | overlap_sec=0.0 
2026-02-11 14:50:54,665 - INFO - Window shape: (24, 2560)
2026-02-11 14:50:58,491 - INFO - Finished processing file: /projects/EEG-foundation-model/CHB-MIT/chb04/chb04_21.edf | Extracted 1440 windows | label distribution: {0: 1440}
2026-02-11 14:50:58,494 - INFO - Preprocessing parameters : 
 resample_rate=256 | bandpass=False | l_freq=0.5 | h_freq=75.0 | notch=60.0 | max_amp=300.0 | trim=0.0 | min_len_sec=0.0 | use_iir=True | normalize=True | window_size_sec=10.0 | overlap_sec=0.0 
2026-02-11 14:51:05,766 - INFO - Window shape: (24, 2560)
2026-02-11 14:51:09,577 - INFO - Finished processing file: /projects/EEG-foundation-model/CHB-MIT/chb04/chb04_26.edf | Extracted 1440 windows | label distribution: {0: 1440}
2026-02-11 14:51:09,579 - INFO - Preprocessing parameters : 
 resample_rate=256 | bandpass=False | l_freq=0.5 | h_freq=75.0 | notch=60.0 | max_amp=300.0 | trim=0.0 | min_len_sec=0.0 | use_iir=True | normalize=True | window_size_sec=10.0 | overlap_sec=0.0 
2026-02-11 14:51:16,556 - INFO - Window shape: (24, 2560)
2026-02-11 14:51:20,351 - INFO - Finished processing file: /projects/EEG-foundation-model/CHB-MIT/chb04/chb04_13.edf | Extracted 1440 windows | label distribution: {0: 1440}
2026-02-11 14:51:20,353 - INFO - File 421: /projects/EEG-foundation-model/CHB-MIT/chb04/chb04_13.edf | Subject ID: chb04 | Extracted 1440 windows. Total windows so far: 202774
2026-02-11 14:51:20,353 - INFO - Preprocessing parameters : 
 resample_rate=256 | bandpass=False | l_freq=0.5 | h_freq=75.0 | notch=60.0 | max_amp=300.0 | trim=0.0 | min_len_sec=0.0 | use_iir=True | normalize=True | window_size_sec=10.0 | overlap_sec=0.0 
2026-02-11 14:51:27,535 - INFO - Window shape: (24, 2560)
2026-02-11 14:51:31,338 - INFO - Finished processing file: /projects/EEG-foundation-model/CHB-MIT/chb04/chb04_14.edf | Extracted 1442 windows | label distribution: {0: 1442}
2026-02-11 14:51:31,341 - INFO - Preprocessing parameters : 
 resample_rate=256 | bandpass=False | l_freq=0.5 | h_freq=75.0 | notch=60.0 | max_amp=300.0 | trim=0.0 | min_len_sec=0.0 | use_iir=True | normalize=True | window_size_sec=10.0 | overlap_sec=0.0 
2026-02-11 14:51:38,845 - INFO - Window shape: (24, 2560)
2026-02-11 14:51:42,646 - INFO - Finished processing file: /projects/EEG-foundation-model/CHB-MIT/chb04/chb04_38.edf | Extracted 1440 windows | label distribution: {0: 1440}
2026-02-11 14:51:42,649 - INFO - Preprocessing parameters : 
 resample_rate=256 | bandpass=False | l_freq=0.5 | h_freq=75.0 | notch=60.0 | max_amp=300.0 | trim=0.0 | min_len_sec=0.0 | use_iir=True | normalize=True | window_size_sec=10.0 | overlap_sec=0.0 
2026-02-11 14:51:49,823 - INFO - Window shape: (24, 2560)
2026-02-11 14:51:53,622 - INFO - Finished processing file: /projects/EEG-foundation-model/CHB-MIT/chb04/chb04_43.edf | Extracted 1440 windows | label distribution: {0: 1440}
2026-02-11 14:51:53,624 - INFO - Preprocessing parameters : 
 resample_rate=256 | bandpass=False | l_freq=0.5 | h_freq=75.0 | notch=60.0 | max_amp=300.0 | trim=0.0 | min_len_sec=0.0 | use_iir=True | normalize=True | window_size_sec=10.0 | overlap_sec=0.0 
2026-02-11 14:52:00,881 - INFO - Window shape: (24, 2560)
2026-02-11 14:52:04,684 - INFO - Finished processing file: /projects/EEG-foundation-model/CHB-MIT/chb04/chb04_31.edf | Extracted 1440 windows | label distribution: {0: 1440}
2026-02-11 14:52:04,686 - INFO - Preprocessing parameters : 
 resample_rate=256 | bandpass=False | l_freq=0.5 | h_freq=75.0 | notch=60.0 | max_amp=300.0 | trim=0.0 | min_len_sec=0.0 | use_iir=True | normalize=True | window_size_sec=10.0 | overlap_sec=0.0 
2026-02-11 14:52:11,705 - INFO - Window shape: (24, 2560)
2026-02-11 14:52:15,504 - INFO - Finished processing file: /projects/EEG-foundation-model/CHB-MIT/chb04/chb04_36.edf | Extracted 1440 windows | label distribution: {0: 1440}
2026-02-11 14:52:15,506 - INFO - Preprocessing parameters : 
 resample_rate=256 | bandpass=False | l_freq=0.5 | h_freq=75.0 | notch=60.0 | max_amp=300.0 | trim=0.0 | min_len_sec=0.0 | use_iir=True | normalize=True | window_size_sec=10.0 | overlap_sec=0.0 
2026-02-11 14:52:22,370 - INFO - Window shape: (23, 2560)
2026-02-11 14:52:25,985 - INFO - Finished processing file: /projects/EEG-foundation-model/CHB-MIT/chb04/chb04_03.edf | Extracted 1440 windows | label distribution: {0: 1440}
2026-02-11 14:52:25,987 - INFO - Preprocessing parameters : 
 resample_rate=256 | bandpass=False | l_freq=0.5 | h_freq=75.0 | notch=60.0 | max_amp=300.0 | trim=0.0 | min_len_sec=0.0 | use_iir=True | normalize=True | window_size_sec=10.0 | overlap_sec=0.0 
2026-02-11 14:52:32,847 - INFO - Window shape: (23, 2560)
2026-02-11 14:52:36,595 - INFO - Finished processing file: /projects/EEG-foundation-model/CHB-MIT/chb04/chb04_04.edf | Extracted 1440 windows | label distribution: {0: 1440}
2026-02-11 14:52:36,598 - INFO - Preprocessing parameters : 
 resample_rate=256 | bandpass=False | l_freq=0.5 | h_freq=75.0 | notch=60.0 | max_amp=300.0 | trim=0.0 | min_len_sec=0.0 | use_iir=True | normalize=True | window_size_sec=10.0 | overlap_sec=0.0 
2026-02-11 14:52:43,503 - INFO - Window shape: (24, 2560)
2026-02-11 14:52:47,309 - INFO - Finished processing file: /projects/EEG-foundation-model/CHB-MIT/chb04/chb04_15.edf | Extracted 1440 windows | label distribution: {0: 1440}
2026-02-11 14:52:47,312 - INFO - Preprocessing parameters : 
 resample_rate=256 | bandpass=False | l_freq=0.5 | h_freq=75.0 | notch=60.0 | max_amp=300.0 | trim=0.0 | min_len_sec=0.0 | use_iir=True | normalize=True | window_size_sec=10.0 | overlap_sec=0.0 
2026-02-11 14:52:54,444 - INFO - Window shape: (24, 2560)
2026-02-11 14:52:58,238 - INFO - Finished processing file: /projects/EEG-foundation-model/CHB-MIT/chb04/chb04_12.edf | Extracted 1442 windows | label distribution: {0: 1442}
2026-02-11 14:52:58,240 - INFO - Preprocessing parameters : 
 resample_rate=256 | bandpass=False | l_freq=0.5 | h_freq=75.0 | notch=60.0 | max_amp=300.0 | trim=0.0 | min_len_sec=0.0 | use_iir=True | normalize=True | window_size_sec=10.0 | overlap_sec=0.0 
2026-02-11 14:53:05,337 - INFO - Window shape: (24, 2560)
2026-02-11 14:53:09,123 - INFO - Finished processing file: /projects/EEG-foundation-model/CHB-MIT/chb04/chb04_27.edf | Extracted 1443 windows | label distribution: {0: 1443}
2026-02-11 14:53:09,125 - INFO - File 431: /projects/EEG-foundation-model/CHB-MIT/chb04/chb04_27.edf | Subject ID: chb04 | Extracted 1443 windows. Total windows so far: 217181
2026-02-11 14:53:09,126 - INFO - Preprocessing parameters : 
 resample_rate=256 | bandpass=False | l_freq=0.5 | h_freq=75.0 | notch=60.0 | max_amp=300.0 | trim=0.0 | min_len_sec=0.0 | use_iir=True | normalize=True | window_size_sec=10.0 | overlap_sec=0.0 
2026-02-11 14:53:16,139 - INFO - Window shape: (24, 2560)
2026-02-11 14:53:19,939 - INFO - Finished processing file: /projects/EEG-foundation-model/CHB-MIT/chb04/chb04_29.edf | Extracted 1440 windows | label distribution: {0: 1440}
2026-02-11 14:53:19,942 - INFO - Preprocessing parameters : 
 resample_rate=256 | bandpass=False | l_freq=0.5 | h_freq=75.0 | notch=60.0 | max_amp=300.0 | trim=0.0 | min_len_sec=0.0 | use_iir=True | normalize=True | window_size_sec=10.0 | overlap_sec=0.0 
2026-02-11 14:53:26,901 - INFO - Window shape: (24, 2560)
2026-02-11 14:53:30,694 - INFO - Finished processing file: /projects/EEG-foundation-model/CHB-MIT/chb09/chb09_14.edf | Extracted 1441 windows | label distribution: {0: 1441}
2026-02-11 14:53:30,696 - INFO - Preprocessing parameters : 
 resample_rate=256 | bandpass=False | l_freq=0.5 | h_freq=75.0 | notch=60.0 | max_amp=300.0 | trim=0.0 | min_len_sec=0.0 | use_iir=True | normalize=True | window_size_sec=10.0 | overlap_sec=0.0 
2026-02-11 14:53:37,821 - INFO - Window shape: (24, 2560)
2026-02-11 14:53:41,561 - INFO - Finished processing file: /projects/EEG-foundation-model/CHB-MIT/chb09/chb09_13.edf | Extracted 1440 windows | label distribution: {0: 1440}
2026-02-11 14:53:41,564 - INFO - Preprocessing parameters : 
 resample_rate=256 | bandpass=False | l_freq=0.5 | h_freq=75.0 | notch=60.0 | max_amp=300.0 | trim=0.0 | min_len_sec=0.0 | use_iir=True | normalize=True | window_size_sec=10.0 | overlap_sec=0.0 
2026-02-11 14:53:48,684 - INFO - Window shape: (24, 2560)
2026-02-11 14:53:52,481 - INFO - Finished processing file: /projects/EEG-foundation-model/CHB-MIT/chb09/chb09_02.edf | Extracted 1440 windows | label distribution: {0: 1440}
2026-02-11 14:53:52,483 - INFO - Preprocessing parameters : 
 resample_rate=256 | bandpass=False | l_freq=0.5 | h_freq=75.0 | notch=60.0 | max_amp=300.0 | trim=0.0 | min_len_sec=0.0 | use_iir=True | normalize=True | window_size_sec=10.0 | overlap_sec=0.0 
2026-02-11 14:53:59,550 - INFO - Window shape: (24, 2560)
2026-02-11 14:54:03,346 - INFO - Finished processing file: /projects/EEG-foundation-model/CHB-MIT/chb09/chb09_05.edf | Extracted 1440 windows | label distribution: {0: 1440}
2026-02-11 14:54:03,348 - INFO - Preprocessing parameters : 
 resample_rate=256 | bandpass=False | l_freq=0.5 | h_freq=75.0 | notch=60.0 | max_amp=300.0 | trim=0.0 | min_len_sec=0.0 | use_iir=True | normalize=True | window_size_sec=10.0 | overlap_sec=0.0 
2026-02-11 14:54:10,447 - INFO - Window shape: (24, 2560)
2026-02-11 14:54:14,237 - INFO - Finished processing file: /projects/EEG-foundation-model/CHB-MIT/chb09/chb09_12.edf | Extracted 1440 windows | label distribution: {0: 1440}
2026-02-11 14:54:14,239 - INFO - Preprocessing parameters : 
 resample_rate=256 | bandpass=False | l_freq=0.5 | h_freq=75.0 | notch=60.0 | max_amp=300.0 | trim=0.0 | min_len_sec=0.0 | use_iir=True | normalize=True | window_size_sec=10.0 | overlap_sec=0.0 
2026-02-11 14:54:21,182 - INFO - Window shape: (24, 2560)
2026-02-11 14:54:24,986 - INFO - Finished processing file: /projects/EEG-foundation-model/CHB-MIT/chb09/chb09_15.edf | Extracted 1442 windows | label distribution: {0: 1442}
2026-02-11 14:54:24,988 - INFO - Preprocessing parameters : 
 resample_rate=256 | bandpass=False | l_freq=0.5 | h_freq=75.0 | notch=60.0 | max_amp=300.0 | trim=0.0 | min_len_sec=0.0 | use_iir=True | normalize=True | window_size_sec=10.0 | overlap_sec=0.0 
2026-02-11 14:54:32,063 - INFO - Window shape: (24, 2560)
2026-02-11 14:54:35,870 - INFO - Finished processing file: /projects/EEG-foundation-model/CHB-MIT/chb09/chb09_04.edf | Extracted 1441 windows | label distribution: {0: 1441}
2026-02-11 14:54:35,873 - INFO - Preprocessing parameters : 
 resample_rate=256 | bandpass=False | l_freq=0.5 | h_freq=75.0 | notch=60.0 | max_amp=300.0 | trim=0.0 | min_len_sec=0.0 | use_iir=True | normalize=True | window_size_sec=10.0 | overlap_sec=0.0 
2026-02-11 14:54:43,043 - INFO - Window shape: (24, 2560)
2026-02-11 14:54:46,843 - INFO - Finished processing file: /projects/EEG-foundation-model/CHB-MIT/chb09/chb09_03.edf | Extracted 1440 windows | label distribution: {0: 1440}
2026-02-11 14:54:46,846 - INFO - Preprocessing parameters : 
 resample_rate=256 | bandpass=False | l_freq=0.5 | h_freq=75.0 | notch=60.0 | max_amp=300.0 | trim=0.0 | min_len_sec=0.0 | use_iir=True | normalize=True | window_size_sec=10.0 | overlap_sec=0.0 
2026-02-11 14:54:53,718 - INFO - Window shape: (24, 2560)
2026-02-11 14:54:57,504 - INFO - Finished processing file: /projects/EEG-foundation-model/CHB-MIT/chb09/chb09_07.edf | Extracted 1440 windows | label distribution: {0: 1440}
2026-02-11 14:54:57,506 - INFO - File 441: /projects/EEG-foundation-model/CHB-MIT/chb09/chb09_07.edf | Subject ID: chb09 | Extracted 1440 windows. Total windows so far: 231585
2026-02-11 14:54:57,507 - INFO - Preprocessing parameters : 
 resample_rate=256 | bandpass=False | l_freq=0.5 | h_freq=75.0 | notch=60.0 | max_amp=300.0 | trim=0.0 | min_len_sec=0.0 | use_iir=True | normalize=True | window_size_sec=10.0 | overlap_sec=0.0 
2026-02-11 14:55:04,616 - INFO - Window shape: (24, 2560)
2026-02-11 14:55:08,423 - INFO - Finished processing file: /projects/EEG-foundation-model/CHB-MIT/chb09/chb09_09.edf | Extracted 1440 windows | label distribution: {0: 1440}
2026-02-11 14:55:08,425 - INFO - Preprocessing parameters : 
 resample_rate=256 | bandpass=False | l_freq=0.5 | h_freq=75.0 | notch=60.0 | max_amp=300.0 | trim=0.0 | min_len_sec=0.0 | use_iir=True | normalize=True | window_size_sec=10.0 | overlap_sec=0.0 
2026-02-11 14:55:15,435 - INFO - Window shape: (24, 2560)
2026-02-11 14:55:19,230 - INFO - Finished processing file: /projects/EEG-foundation-model/CHB-MIT/chb09/chb09_18.edf | Extracted 1440 windows | label distribution: {0: 1440}
2026-02-11 14:55:19,232 - INFO - Preprocessing parameters : 
 resample_rate=256 | bandpass=False | l_freq=0.5 | h_freq=75.0 | notch=60.0 | max_amp=300.0 | trim=0.0 | min_len_sec=0.0 | use_iir=True | normalize=True | window_size_sec=10.0 | overlap_sec=0.0 
2026-02-11 14:55:25,898 - INFO - Window shape: (24, 2560)
2026-02-11 14:55:29,466 - INFO - Finished processing file: /projects/EEG-foundation-model/CHB-MIT/chb09/chb09_16.edf | Extracted 1359 windows | label distribution: {0: 1359}
2026-02-11 14:55:29,468 - INFO - Preprocessing parameters : 
 resample_rate=256 | bandpass=False | l_freq=0.5 | h_freq=75.0 | notch=60.0 | max_amp=300.0 | trim=0.0 | min_len_sec=0.0 | use_iir=True | normalize=True | window_size_sec=10.0 | overlap_sec=0.0 
2026-02-11 14:55:36,684 - INFO - Window shape: (24, 2560)
2026-02-11 14:55:40,484 - INFO - Finished processing file: /projects/EEG-foundation-model/CHB-MIT/chb09/chb09_11.edf | Extracted 1440 windows | label distribution: {0: 1440}
2026-02-11 14:55:40,487 - INFO - Preprocessing parameters : 
 resample_rate=256 | bandpass=False | l_freq=0.5 | h_freq=75.0 | notch=60.0 | max_amp=300.0 | trim=0.0 | min_len_sec=0.0 | use_iir=True | normalize=True | window_size_sec=10.0 | overlap_sec=0.0 
2026-02-11 14:55:47,428 - INFO - Window shape: (24, 2560)
2026-02-11 14:55:51,220 - INFO - Finished processing file: /projects/EEG-foundation-model/CHB-MIT/chb09/chb09_08.edf | Extracted 1440 windows | label distribution: {0: 1425, 1: 15}
2026-02-11 14:55:51,222 - INFO - Preprocessing parameters : 
 resample_rate=256 | bandpass=False | l_freq=0.5 | h_freq=75.0 | notch=60.0 | max_amp=300.0 | trim=0.0 | min_len_sec=0.0 | use_iir=True | normalize=True | window_size_sec=10.0 | overlap_sec=0.0 
2026-02-11 14:55:58,233 - INFO - Window shape: (24, 2560)
2026-02-11 14:56:01,981 - INFO - Finished processing file: /projects/EEG-foundation-model/CHB-MIT/chb09/chb09_06.edf | Extracted 1439 windows | label distribution: {0: 1433, 1: 6}
2026-02-11 14:56:01,983 - INFO - Preprocessing parameters : 
 resample_rate=256 | bandpass=False | l_freq=0.5 | h_freq=75.0 | notch=60.0 | max_amp=300.0 | trim=0.0 | min_len_sec=0.0 | use_iir=True | normalize=True | window_size_sec=10.0 | overlap_sec=0.0 
2026-02-11 14:56:06,098 - INFO - Window shape: (23, 2560)
2026-02-11 14:56:08,117 - INFO - Finished processing file: /projects/EEG-foundation-model/CHB-MIT/chb09/chb09_01.edf | Extracted 802 windows | label distribution: {0: 802}
2026-02-11 14:56:08,119 - INFO - Preprocessing parameters : 
 resample_rate=256 | bandpass=False | l_freq=0.5 | h_freq=75.0 | notch=60.0 | max_amp=300.0 | trim=0.0 | min_len_sec=0.0 | use_iir=True | normalize=True | window_size_sec=10.0 | overlap_sec=0.0 
2026-02-11 14:56:15,095 - INFO - Window shape: (24, 2560)
2026-02-11 14:56:18,895 - INFO - Finished processing file: /projects/EEG-foundation-model/CHB-MIT/chb09/chb09_10.edf | Extracted 1440 windows | label distribution: {0: 1440}
2026-02-11 14:56:18,897 - INFO - Preprocessing parameters : 
 resample_rate=256 | bandpass=False | l_freq=0.5 | h_freq=75.0 | notch=60.0 | max_amp=300.0 | trim=0.0 | min_len_sec=0.0 | use_iir=True | normalize=True | window_size_sec=10.0 | overlap_sec=0.0 
2026-02-11 14:56:19,523 - INFO - Window shape: (24, 2560)
2026-02-11 14:56:19,792 - INFO - Finished processing file: /projects/EEG-foundation-model/CHB-MIT/chb09/chb09_17.edf | Extracted 97 windows | label distribution: {0: 97}
2026-02-11 14:56:19,794 - INFO - Preprocessing parameters : 
 resample_rate=256 | bandpass=False | l_freq=0.5 | h_freq=75.0 | notch=60.0 | max_amp=300.0 | trim=0.0 | min_len_sec=0.0 | use_iir=True | normalize=True | window_size_sec=10.0 | overlap_sec=0.0 
2026-02-11 14:56:22,611 - INFO - Window shape: (24, 2560)
2026-02-11 14:56:24,172 - INFO - Finished processing file: /projects/EEG-foundation-model/CHB-MIT/chb09/chb09_19.edf | Extracted 570 windows | label distribution: {0: 564, 1: 6}
2026-02-11 14:56:24,174 - INFO - File 451: /projects/EEG-foundation-model/CHB-MIT/chb09/chb09_19.edf | Subject ID: chb09 | Extracted 570 windows. Total windows so far: 243052
2026-02-11 14:56:24,174 - INFO - Preprocessing parameters : 
 resample_rate=256 | bandpass=False | l_freq=0.5 | h_freq=75.0 | notch=60.0 | max_amp=300.0 | trim=0.0 | min_len_sec=0.0 | use_iir=True | normalize=True | window_size_sec=10.0 | overlap_sec=0.0 
2026-02-11 14:56:26,012 - INFO - Window shape: (23, 2560)
2026-02-11 14:56:26,938 - INFO - Finished processing file: /projects/EEG-foundation-model/CHB-MIT/chb03/chb03_33.edf | Extracted 360 windows | label distribution: {0: 360}
2026-02-11 14:56:26,940 - INFO - Preprocessing parameters : 
 resample_rate=256 | bandpass=False | l_freq=0.5 | h_freq=75.0 | notch=60.0 | max_amp=300.0 | trim=0.0 | min_len_sec=0.0 | use_iir=True | normalize=True | window_size_sec=10.0 | overlap_sec=0.0 
2026-02-11 14:56:28,742 - INFO - Window shape: (23, 2560)
2026-02-11 14:56:29,670 - INFO - Finished processing file: /projects/EEG-foundation-model/CHB-MIT/chb03/chb03_34.edf | Extracted 360 windows | label distribution: {0: 355, 1: 5}
2026-02-11 14:56:29,671 - INFO - Preprocessing parameters : 
 resample_rate=256 | bandpass=False | l_freq=0.5 | h_freq=75.0 | notch=60.0 | max_amp=300.0 | trim=0.0 | min_len_sec=0.0 | use_iir=True | normalize=True | window_size_sec=10.0 | overlap_sec=0.0 
2026-02-11 14:56:31,499 - INFO - Window shape: (23, 2560)
2026-02-11 14:56:32,425 - INFO - Finished processing file: /projects/EEG-foundation-model/CHB-MIT/chb03/chb03_08.edf | Extracted 360 windows | label distribution: {0: 360}
2026-02-11 14:56:32,427 - INFO - Preprocessing parameters : 
 resample_rate=256 | bandpass=False | l_freq=0.5 | h_freq=75.0 | notch=60.0 | max_amp=300.0 | trim=0.0 | min_len_sec=0.0 | use_iir=True | normalize=True | window_size_sec=10.0 | overlap_sec=0.0 
2026-02-11 14:56:34,290 - INFO - Window shape: (23, 2560)
2026-02-11 14:56:35,197 - INFO - Finished processing file: /projects/EEG-foundation-model/CHB-MIT/chb03/chb03_01.edf | Extracted 360 windows | label distribution: {0: 355, 1: 5}
2026-02-11 14:56:35,199 - INFO - Preprocessing parameters : 
 resample_rate=256 | bandpass=False | l_freq=0.5 | h_freq=75.0 | notch=60.0 | max_amp=300.0 | trim=0.0 | min_len_sec=0.0 | use_iir=True | normalize=True | window_size_sec=10.0 | overlap_sec=0.0 
2026-02-11 14:56:37,026 - INFO - Window shape: (23, 2560)
2026-02-11 14:56:37,951 - INFO - Finished processing file: /projects/EEG-foundation-model/CHB-MIT/chb03/chb03_06.edf | Extracted 360 windows | label distribution: {0: 360}
2026-02-11 14:56:37,952 - INFO - Preprocessing parameters : 
 resample_rate=256 | bandpass=False | l_freq=0.5 | h_freq=75.0 | notch=60.0 | max_amp=300.0 | trim=0.0 | min_len_sec=0.0 | use_iir=True | normalize=True | window_size_sec=10.0 | overlap_sec=0.0 
2026-02-11 14:56:39,742 - INFO - Window shape: (23, 2560)
2026-02-11 14:56:40,667 - INFO - Finished processing file: /projects/EEG-foundation-model/CHB-MIT/chb03/chb03_17.edf | Extracted 360 windows | label distribution: {0: 360}
2026-02-11 14:56:40,668 - INFO - Preprocessing parameters : 
 resample_rate=256 | bandpass=False | l_freq=0.5 | h_freq=75.0 | notch=60.0 | max_amp=300.0 | trim=0.0 | min_len_sec=0.0 | use_iir=True | normalize=True | window_size_sec=10.0 | overlap_sec=0.0 
2026-02-11 14:56:42,481 - INFO - Window shape: (23, 2560)
2026-02-11 14:56:43,406 - INFO - Finished processing file: /projects/EEG-foundation-model/CHB-MIT/chb03/chb03_10.edf | Extracted 360 windows | label distribution: {0: 360}
2026-02-11 14:56:43,407 - INFO - Preprocessing parameters : 
 resample_rate=256 | bandpass=False | l_freq=0.5 | h_freq=75.0 | notch=60.0 | max_amp=300.0 | trim=0.0 | min_len_sec=0.0 | use_iir=True | normalize=True | window_size_sec=10.0 | overlap_sec=0.0 
2026-02-11 14:56:45,206 - INFO - Window shape: (23, 2560)
2026-02-11 14:56:46,132 - INFO - Finished processing file: /projects/EEG-foundation-model/CHB-MIT/chb03/chb03_19.edf | Extracted 360 windows | label distribution: {0: 360}
2026-02-11 14:56:46,133 - INFO - Preprocessing parameters : 
 resample_rate=256 | bandpass=False | l_freq=0.5 | h_freq=75.0 | notch=60.0 | max_amp=300.0 | trim=0.0 | min_len_sec=0.0 | use_iir=True | normalize=True | window_size_sec=10.0 | overlap_sec=0.0 
2026-02-11 14:56:48,006 - INFO - Window shape: (23, 2560)
2026-02-11 14:56:48,930 - INFO - Finished processing file: /projects/EEG-foundation-model/CHB-MIT/chb03/chb03_25.edf | Extracted 360 windows | label distribution: {0: 360}
2026-02-11 14:56:48,932 - INFO - Preprocessing parameters : 
 resample_rate=256 | bandpass=False | l_freq=0.5 | h_freq=75.0 | notch=60.0 | max_amp=300.0 | trim=0.0 | min_len_sec=0.0 | use_iir=True | normalize=True | window_size_sec=10.0 | overlap_sec=0.0 
2026-02-11 14:56:50,787 - INFO - Window shape: (23, 2560)
2026-02-11 14:56:51,714 - INFO - Finished processing file: /projects/EEG-foundation-model/CHB-MIT/chb03/chb03_22.edf | Extracted 360 windows | label distribution: {0: 360}
2026-02-11 14:56:51,715 - INFO - File 461: /projects/EEG-foundation-model/CHB-MIT/chb03/chb03_22.edf | Subject ID: chb03 | Extracted 360 windows. Total windows so far: 246652
2026-02-11 14:56:51,716 - INFO - Preprocessing parameters : 
 resample_rate=256 | bandpass=False | l_freq=0.5 | h_freq=75.0 | notch=60.0 | max_amp=300.0 | trim=0.0 | min_len_sec=0.0 | use_iir=True | normalize=True | window_size_sec=10.0 | overlap_sec=0.0 
2026-02-11 14:56:53,538 - INFO - Window shape: (23, 2560)
2026-02-11 14:56:54,463 - INFO - Finished processing file: /projects/EEG-foundation-model/CHB-MIT/chb03/chb03_07.edf | Extracted 360 windows | label distribution: {0: 360}
2026-02-11 14:56:54,465 - INFO - Preprocessing parameters : 
 resample_rate=256 | bandpass=False | l_freq=0.5 | h_freq=75.0 | notch=60.0 | max_amp=300.0 | trim=0.0 | min_len_sec=0.0 | use_iir=True | normalize=True | window_size_sec=10.0 | overlap_sec=0.0 
2026-02-11 14:56:56,311 - INFO - Window shape: (23, 2560)
2026-02-11 14:56:57,239 - INFO - Finished processing file: /projects/EEG-foundation-model/CHB-MIT/chb03/chb03_09.edf | Extracted 360 windows | label distribution: {0: 360}
2026-02-11 14:56:57,240 - INFO - Preprocessing parameters : 
 resample_rate=256 | bandpass=False | l_freq=0.5 | h_freq=75.0 | notch=60.0 | max_amp=300.0 | trim=0.0 | min_len_sec=0.0 | use_iir=True | normalize=True | window_size_sec=10.0 | overlap_sec=0.0 
2026-02-11 14:56:59,097 - INFO - Window shape: (23, 2560)
2026-02-11 14:57:00,021 - INFO - Finished processing file: /projects/EEG-foundation-model/CHB-MIT/chb03/chb03_35.edf | Extracted 359 windows | label distribution: {0: 353, 1: 6}
2026-02-11 14:57:00,022 - INFO - Preprocessing parameters : 
 resample_rate=256 | bandpass=False | l_freq=0.5 | h_freq=75.0 | notch=60.0 | max_amp=300.0 | trim=0.0 | min_len_sec=0.0 | use_iir=True | normalize=True | window_size_sec=10.0 | overlap_sec=0.0 
2026-02-11 14:57:01,915 - INFO - Window shape: (23, 2560)
2026-02-11 14:57:02,848 - INFO - Finished processing file: /projects/EEG-foundation-model/CHB-MIT/chb03/chb03_32.edf | Extracted 360 windows | label distribution: {0: 360}
2026-02-11 14:57:02,850 - INFO - Preprocessing parameters : 
 resample_rate=256 | bandpass=False | l_freq=0.5 | h_freq=75.0 | notch=60.0 | max_amp=300.0 | trim=0.0 | min_len_sec=0.0 | use_iir=True | normalize=True | window_size_sec=10.0 | overlap_sec=0.0 
2026-02-11 14:57:04,658 - INFO - Window shape: (23, 2560)
2026-02-11 14:57:05,585 - INFO - Finished processing file: /projects/EEG-foundation-model/CHB-MIT/chb03/chb03_23.edf | Extracted 360 windows | label distribution: {0: 360}
2026-02-11 14:57:05,586 - INFO - Preprocessing parameters : 
 resample_rate=256 | bandpass=False | l_freq=0.5 | h_freq=75.0 | notch=60.0 | max_amp=300.0 | trim=0.0 | min_len_sec=0.0 | use_iir=True | normalize=True | window_size_sec=10.0 | overlap_sec=0.0 
2026-02-11 14:57:07,602 - INFO - Window shape: (23, 2560)
2026-02-11 14:57:08,559 - INFO - Finished processing file: /projects/EEG-foundation-model/CHB-MIT/chb03/chb03_24.edf | Extracted 360 windows | label distribution: {0: 360}
2026-02-11 14:57:08,561 - INFO - Preprocessing parameters : 
 resample_rate=256 | bandpass=False | l_freq=0.5 | h_freq=75.0 | notch=60.0 | max_amp=300.0 | trim=0.0 | min_len_sec=0.0 | use_iir=True | normalize=True | window_size_sec=10.0 | overlap_sec=0.0 
2026-02-11 14:57:10,445 - INFO - Window shape: (23, 2560)
2026-02-11 14:57:11,373 - INFO - Finished processing file: /projects/EEG-foundation-model/CHB-MIT/chb03/chb03_18.edf | Extracted 360 windows | label distribution: {0: 360}
2026-02-11 14:57:11,375 - INFO - Preprocessing parameters : 
 resample_rate=256 | bandpass=False | l_freq=0.5 | h_freq=75.0 | notch=60.0 | max_amp=300.0 | trim=0.0 | min_len_sec=0.0 | use_iir=True | normalize=True | window_size_sec=10.0 | overlap_sec=0.0 
2026-02-11 14:57:13,199 - INFO - Window shape: (23, 2560)
2026-02-11 14:57:14,127 - INFO - Finished processing file: /projects/EEG-foundation-model/CHB-MIT/chb03/chb03_11.edf | Extracted 360 windows | label distribution: {0: 360}
2026-02-11 14:57:14,128 - INFO - Preprocessing parameters : 
 resample_rate=256 | bandpass=False | l_freq=0.5 | h_freq=75.0 | notch=60.0 | max_amp=300.0 | trim=0.0 | min_len_sec=0.0 | use_iir=True | normalize=True | window_size_sec=10.0 | overlap_sec=0.0 
2026-02-11 14:57:16,027 - INFO - Window shape: (23, 2560)
2026-02-11 14:57:16,956 - INFO - Finished processing file: /projects/EEG-foundation-model/CHB-MIT/chb03/chb03_16.edf | Extracted 360 windows | label distribution: {0: 360}
2026-02-11 14:57:16,957 - INFO - Preprocessing parameters : 
 resample_rate=256 | bandpass=False | l_freq=0.5 | h_freq=75.0 | notch=60.0 | max_amp=300.0 | trim=0.0 | min_len_sec=0.0 | use_iir=True | normalize=True | window_size_sec=10.0 | overlap_sec=0.0 
2026-02-11 14:57:18,842 - INFO - Window shape: (23, 2560)
2026-02-11 14:57:19,771 - INFO - Finished processing file: /projects/EEG-foundation-model/CHB-MIT/chb03/chb03_27.edf | Extracted 360 windows | label distribution: {0: 360}
2026-02-11 14:57:19,772 - INFO - File 471: /projects/EEG-foundation-model/CHB-MIT/chb03/chb03_27.edf | Subject ID: chb03 | Extracted 360 windows. Total windows so far: 250251
2026-02-11 14:57:19,773 - INFO - Preprocessing parameters : 
 resample_rate=256 | bandpass=False | l_freq=0.5 | h_freq=75.0 | notch=60.0 | max_amp=300.0 | trim=0.0 | min_len_sec=0.0 | use_iir=True | normalize=True | window_size_sec=10.0 | overlap_sec=0.0 
2026-02-11 14:57:21,604 - INFO - Window shape: (23, 2560)
2026-02-11 14:57:22,534 - INFO - Finished processing file: /projects/EEG-foundation-model/CHB-MIT/chb03/chb03_20.edf | Extracted 361 windows | label distribution: {0: 361}
2026-02-11 14:57:22,535 - INFO - Preprocessing parameters : 
 resample_rate=256 | bandpass=False | l_freq=0.5 | h_freq=75.0 | notch=60.0 | max_amp=300.0 | trim=0.0 | min_len_sec=0.0 | use_iir=True | normalize=True | window_size_sec=10.0 | overlap_sec=0.0 
2026-02-11 14:57:24,379 - INFO - Window shape: (23, 2560)
2026-02-11 14:57:25,306 - INFO - Finished processing file: /projects/EEG-foundation-model/CHB-MIT/chb03/chb03_29.edf | Extracted 360 windows | label distribution: {0: 360}
2026-02-11 14:57:25,308 - INFO - Preprocessing parameters : 
 resample_rate=256 | bandpass=False | l_freq=0.5 | h_freq=75.0 | notch=60.0 | max_amp=300.0 | trim=0.0 | min_len_sec=0.0 | use_iir=True | normalize=True | window_size_sec=10.0 | overlap_sec=0.0 
2026-02-11 14:57:27,193 - INFO - Window shape: (23, 2560)
2026-02-11 14:57:28,122 - INFO - Finished processing file: /projects/EEG-foundation-model/CHB-MIT/chb03/chb03_15.edf | Extracted 360 windows | label distribution: {0: 360}
2026-02-11 14:57:28,123 - INFO - Preprocessing parameters : 
 resample_rate=256 | bandpass=False | l_freq=0.5 | h_freq=75.0 | notch=60.0 | max_amp=300.0 | trim=0.0 | min_len_sec=0.0 | use_iir=True | normalize=True | window_size_sec=10.0 | overlap_sec=0.0 
2026-02-11 14:57:30,024 - INFO - Window shape: (23, 2560)
2026-02-11 14:57:30,952 - INFO - Finished processing file: /projects/EEG-foundation-model/CHB-MIT/chb03/chb03_12.edf | Extracted 360 windows | label distribution: {0: 360}
2026-02-11 14:57:30,954 - INFO - Preprocessing parameters : 
 resample_rate=256 | bandpass=False | l_freq=0.5 | h_freq=75.0 | notch=60.0 | max_amp=300.0 | trim=0.0 | min_len_sec=0.0 | use_iir=True | normalize=True | window_size_sec=10.0 | overlap_sec=0.0 
2026-02-11 14:57:32,765 - INFO - Window shape: (23, 2560)
2026-02-11 14:57:33,695 - INFO - Finished processing file: /projects/EEG-foundation-model/CHB-MIT/chb03/chb03_03.edf | Extracted 360 windows | label distribution: {0: 353, 1: 7}
2026-02-11 14:57:33,696 - INFO - Preprocessing parameters : 
 resample_rate=256 | bandpass=False | l_freq=0.5 | h_freq=75.0 | notch=60.0 | max_amp=300.0 | trim=0.0 | min_len_sec=0.0 | use_iir=True | normalize=True | window_size_sec=10.0 | overlap_sec=0.0 
2026-02-11 14:57:35,514 - INFO - Window shape: (23, 2560)
2026-02-11 14:57:36,444 - INFO - Finished processing file: /projects/EEG-foundation-model/CHB-MIT/chb03/chb03_04.edf | Extracted 360 windows | label distribution: {0: 355, 1: 5}
2026-02-11 14:57:36,445 - INFO - Preprocessing parameters : 
 resample_rate=256 | bandpass=False | l_freq=0.5 | h_freq=75.0 | notch=60.0 | max_amp=300.0 | trim=0.0 | min_len_sec=0.0 | use_iir=True | normalize=True | window_size_sec=10.0 | overlap_sec=0.0 
2026-02-11 14:57:38,269 - INFO - Window shape: (23, 2560)
2026-02-11 14:57:39,196 - INFO - Finished processing file: /projects/EEG-foundation-model/CHB-MIT/chb03/chb03_38.edf | Extracted 360 windows | label distribution: {0: 360}
2026-02-11 14:57:39,198 - INFO - Preprocessing parameters : 
 resample_rate=256 | bandpass=False | l_freq=0.5 | h_freq=75.0 | notch=60.0 | max_amp=300.0 | trim=0.0 | min_len_sec=0.0 | use_iir=True | normalize=True | window_size_sec=10.0 | overlap_sec=0.0 
2026-02-11 14:57:41,064 - INFO - Window shape: (23, 2560)
2026-02-11 14:57:41,992 - INFO - Finished processing file: /projects/EEG-foundation-model/CHB-MIT/chb03/chb03_31.edf | Extracted 360 windows | label distribution: {0: 360}
2026-02-11 14:57:41,994 - INFO - Preprocessing parameters : 
 resample_rate=256 | bandpass=False | l_freq=0.5 | h_freq=75.0 | notch=60.0 | max_amp=300.0 | trim=0.0 | min_len_sec=0.0 | use_iir=True | normalize=True | window_size_sec=10.0 | overlap_sec=0.0 
2026-02-11 14:57:43,813 - INFO - Window shape: (23, 2560)
2026-02-11 14:57:44,742 - INFO - Finished processing file: /projects/EEG-foundation-model/CHB-MIT/chb03/chb03_36.edf | Extracted 360 windows | label distribution: {0: 355, 1: 5}
2026-02-11 14:57:44,744 - INFO - Preprocessing parameters : 
 resample_rate=256 | bandpass=False | l_freq=0.5 | h_freq=75.0 | notch=60.0 | max_amp=300.0 | trim=0.0 | min_len_sec=0.0 | use_iir=True | normalize=True | window_size_sec=10.0 | overlap_sec=0.0 
2026-02-11 14:57:46,561 - INFO - Window shape: (23, 2560)
2026-02-11 14:57:47,490 - INFO - Finished processing file: /projects/EEG-foundation-model/CHB-MIT/chb03/chb03_13.edf | Extracted 360 windows | label distribution: {0: 360}
2026-02-11 14:57:47,491 - INFO - File 481: /projects/EEG-foundation-model/CHB-MIT/chb03/chb03_13.edf | Subject ID: chb03 | Extracted 360 windows. Total windows so far: 253852
2026-02-11 14:57:47,492 - INFO - Preprocessing parameters : 
 resample_rate=256 | bandpass=False | l_freq=0.5 | h_freq=75.0 | notch=60.0 | max_amp=300.0 | trim=0.0 | min_len_sec=0.0 | use_iir=True | normalize=True | window_size_sec=10.0 | overlap_sec=0.0 
2026-02-11 14:57:49,418 - INFO - Window shape: (23, 2560)
2026-02-11 14:57:50,347 - INFO - Finished processing file: /projects/EEG-foundation-model/CHB-MIT/chb03/chb03_14.edf | Extracted 360 windows | label distribution: {0: 360}
2026-02-11 14:57:50,349 - INFO - Preprocessing parameters : 
 resample_rate=256 | bandpass=False | l_freq=0.5 | h_freq=75.0 | notch=60.0 | max_amp=300.0 | trim=0.0 | min_len_sec=0.0 | use_iir=True | normalize=True | window_size_sec=10.0 | overlap_sec=0.0 
2026-02-11 14:57:52,165 - INFO - Window shape: (23, 2560)
2026-02-11 14:57:53,093 - INFO - Finished processing file: /projects/EEG-foundation-model/CHB-MIT/chb03/chb03_28.edf | Extracted 360 windows | label distribution: {0: 360}
2026-02-11 14:57:53,095 - INFO - Preprocessing parameters : 
 resample_rate=256 | bandpass=False | l_freq=0.5 | h_freq=75.0 | notch=60.0 | max_amp=300.0 | trim=0.0 | min_len_sec=0.0 | use_iir=True | normalize=True | window_size_sec=10.0 | overlap_sec=0.0 
2026-02-11 14:57:54,951 - INFO - Window shape: (23, 2560)
2026-02-11 14:57:55,880 - INFO - Finished processing file: /projects/EEG-foundation-model/CHB-MIT/chb03/chb03_21.edf | Extracted 360 windows | label distribution: {0: 360}
2026-02-11 14:57:55,882 - INFO - Preprocessing parameters : 
 resample_rate=256 | bandpass=False | l_freq=0.5 | h_freq=75.0 | notch=60.0 | max_amp=300.0 | trim=0.0 | min_len_sec=0.0 | use_iir=True | normalize=True | window_size_sec=10.0 | overlap_sec=0.0 
2026-02-11 14:57:57,689 - INFO - Window shape: (23, 2560)
2026-02-11 14:57:58,618 - INFO - Finished processing file: /projects/EEG-foundation-model/CHB-MIT/chb03/chb03_26.edf | Extracted 360 windows | label distribution: {0: 360}
2026-02-11 14:57:58,620 - INFO - Preprocessing parameters : 
 resample_rate=256 | bandpass=False | l_freq=0.5 | h_freq=75.0 | notch=60.0 | max_amp=300.0 | trim=0.0 | min_len_sec=0.0 | use_iir=True | normalize=True | window_size_sec=10.0 | overlap_sec=0.0 
2026-02-11 14:58:00,535 - INFO - Window shape: (23, 2560)
2026-02-11 14:58:01,464 - INFO - Finished processing file: /projects/EEG-foundation-model/CHB-MIT/chb03/chb03_37.edf | Extracted 360 windows | label distribution: {0: 360}
2026-02-11 14:58:01,465 - INFO - Preprocessing parameters : 
 resample_rate=256 | bandpass=False | l_freq=0.5 | h_freq=75.0 | notch=60.0 | max_amp=300.0 | trim=0.0 | min_len_sec=0.0 | use_iir=True | normalize=True | window_size_sec=10.0 | overlap_sec=0.0 
2026-02-11 14:58:03,407 - INFO - Window shape: (23, 2560)
2026-02-11 14:58:04,335 - INFO - Finished processing file: /projects/EEG-foundation-model/CHB-MIT/chb03/chb03_30.edf | Extracted 360 windows | label distribution: {0: 360}
2026-02-11 14:58:04,337 - INFO - Preprocessing parameters : 
 resample_rate=256 | bandpass=False | l_freq=0.5 | h_freq=75.0 | notch=60.0 | max_amp=300.0 | trim=0.0 | min_len_sec=0.0 | use_iir=True | normalize=True | window_size_sec=10.0 | overlap_sec=0.0 
2026-02-11 14:58:06,159 - INFO - Window shape: (23, 2560)
2026-02-11 14:58:07,087 - INFO - Finished processing file: /projects/EEG-foundation-model/CHB-MIT/chb03/chb03_05.edf | Extracted 360 windows | label distribution: {0: 360}
2026-02-11 14:58:07,088 - INFO - Preprocessing parameters : 
 resample_rate=256 | bandpass=False | l_freq=0.5 | h_freq=75.0 | notch=60.0 | max_amp=300.0 | trim=0.0 | min_len_sec=0.0 | use_iir=True | normalize=True | window_size_sec=10.0 | overlap_sec=0.0 
2026-02-11 14:58:08,894 - INFO - Window shape: (23, 2560)
2026-02-11 14:58:09,821 - INFO - Finished processing file: /projects/EEG-foundation-model/CHB-MIT/chb03/chb03_02.edf | Extracted 360 windows | label distribution: {0: 353, 1: 7}
2026-02-11 14:58:09,822 - INFO - Preprocessing parameters : 
 resample_rate=256 | bandpass=False | l_freq=0.5 | h_freq=75.0 | notch=60.0 | max_amp=300.0 | trim=0.0 | min_len_sec=0.0 | use_iir=True | normalize=True | window_size_sec=10.0 | overlap_sec=0.0 
2026-02-11 14:58:13,464 - INFO - Window shape: (23, 2560)
2026-02-11 14:58:15,297 - INFO - Finished processing file: /projects/EEG-foundation-model/CHB-MIT/chb10/chb10_02.edf | Extracted 720 windows | label distribution: {0: 720}
2026-02-11 14:58:15,299 - INFO - Preprocessing parameters : 
 resample_rate=256 | bandpass=False | l_freq=0.5 | h_freq=75.0 | notch=60.0 | max_amp=300.0 | trim=0.0 | min_len_sec=0.0 | use_iir=True | normalize=True | window_size_sec=10.0 | overlap_sec=0.0 
2026-02-11 14:58:18,967 - INFO - Window shape: (23, 2560)
2026-02-11 14:58:20,798 - INFO - Finished processing file: /projects/EEG-foundation-model/CHB-MIT/chb10/chb10_05.edf | Extracted 720 windows | label distribution: {0: 720}
2026-02-11 14:58:20,799 - INFO - File 491: /projects/EEG-foundation-model/CHB-MIT/chb10/chb10_05.edf | Subject ID: chb10 | Extracted 720 windows. Total windows so far: 258172
2026-02-11 14:58:20,800 - INFO - Preprocessing parameters : 
 resample_rate=256 | bandpass=False | l_freq=0.5 | h_freq=75.0 | notch=60.0 | max_amp=300.0 | trim=0.0 | min_len_sec=0.0 | use_iir=True | normalize=True | window_size_sec=10.0 | overlap_sec=0.0 
2026-02-11 14:58:24,748 - INFO - Window shape: (23, 2560)
2026-02-11 14:58:26,647 - INFO - Finished processing file: /projects/EEG-foundation-model/CHB-MIT/chb10/chb10_30.edf | Extracted 721 windows | label distribution: {0: 715, 1: 6}
2026-02-11 14:58:26,648 - INFO - Preprocessing parameters : 
 resample_rate=256 | bandpass=False | l_freq=0.5 | h_freq=75.0 | notch=60.0 | max_amp=300.0 | trim=0.0 | min_len_sec=0.0 | use_iir=True | normalize=True | window_size_sec=10.0 | overlap_sec=0.0 
2026-02-11 14:58:30,455 - INFO - Window shape: (23, 2560)
2026-02-11 14:58:32,289 - INFO - Finished processing file: /projects/EEG-foundation-model/CHB-MIT/chb10/chb10_28.edf | Extracted 720 windows | label distribution: {0: 720}
2026-02-11 14:58:32,291 - INFO - Preprocessing parameters : 
 resample_rate=256 | bandpass=False | l_freq=0.5 | h_freq=75.0 | notch=60.0 | max_amp=300.0 | trim=0.0 | min_len_sec=0.0 | use_iir=True | normalize=True | window_size_sec=10.0 | overlap_sec=0.0 
2026-02-11 14:58:36,126 - INFO - Window shape: (23, 2560)
2026-02-11 14:58:37,948 - INFO - Finished processing file: /projects/EEG-foundation-model/CHB-MIT/chb10/chb10_21.edf | Extracted 720 windows | label distribution: {0: 720}
2026-02-11 14:58:37,950 - INFO - Preprocessing parameters : 
 resample_rate=256 | bandpass=False | l_freq=0.5 | h_freq=75.0 | notch=60.0 | max_amp=300.0 | trim=0.0 | min_len_sec=0.0 | use_iir=True | normalize=True | window_size_sec=10.0 | overlap_sec=0.0 
2026-02-11 14:58:41,819 - INFO - Window shape: (23, 2560)
2026-02-11 14:58:43,641 - INFO - Finished processing file: /projects/EEG-foundation-model/CHB-MIT/chb10/chb10_14.edf | Extracted 720 windows | label distribution: {0: 720}
2026-02-11 14:58:43,643 - INFO - Preprocessing parameters : 
 resample_rate=256 | bandpass=False | l_freq=0.5 | h_freq=75.0 | notch=60.0 | max_amp=300.0 | trim=0.0 | min_len_sec=0.0 | use_iir=True | normalize=True | window_size_sec=10.0 | overlap_sec=0.0 
2026-02-11 14:58:47,393 - INFO - Window shape: (23, 2560)
2026-02-11 14:58:49,228 - INFO - Finished processing file: /projects/EEG-foundation-model/CHB-MIT/chb10/chb10_13.edf | Extracted 720 windows | label distribution: {0: 720}
2026-02-11 14:58:49,230 - INFO - Preprocessing parameters : 
 resample_rate=256 | bandpass=False | l_freq=0.5 | h_freq=75.0 | notch=60.0 | max_amp=300.0 | trim=0.0 | min_len_sec=0.0 | use_iir=True | normalize=True | window_size_sec=10.0 | overlap_sec=0.0 
2026-02-11 14:58:53,018 - INFO - Window shape: (23, 2560)
2026-02-11 14:58:54,851 - INFO - Finished processing file: /projects/EEG-foundation-model/CHB-MIT/chb10/chb10_38.edf | Extracted 720 windows | label distribution: {0: 711, 1: 9}
2026-02-11 14:58:54,852 - INFO - Preprocessing parameters : 
 resample_rate=256 | bandpass=False | l_freq=0.5 | h_freq=75.0 | notch=60.0 | max_amp=300.0 | trim=0.0 | min_len_sec=0.0 | use_iir=True | normalize=True | window_size_sec=10.0 | overlap_sec=0.0 
2026-02-11 14:58:58,526 - INFO - Window shape: (23, 2560)
2026-02-11 14:59:00,363 - INFO - Finished processing file: /projects/EEG-foundation-model/CHB-MIT/chb10/chb10_31.edf | Extracted 722 windows | label distribution: {0: 714, 1: 8}
2026-02-11 14:59:00,364 - INFO - Preprocessing parameters : 
 resample_rate=256 | bandpass=False | l_freq=0.5 | h_freq=75.0 | notch=60.0 | max_amp=300.0 | trim=0.0 | min_len_sec=0.0 | use_iir=True | normalize=True | window_size_sec=10.0 | overlap_sec=0.0 
2026-02-11 14:59:04,083 - INFO - Window shape: (23, 2560)
2026-02-11 14:59:05,905 - INFO - Finished processing file: /projects/EEG-foundation-model/CHB-MIT/chb10/chb10_04.edf | Extracted 720 windows | label distribution: {0: 720}
2026-02-11 14:59:05,907 - INFO - Preprocessing parameters : 
 resample_rate=256 | bandpass=False | l_freq=0.5 | h_freq=75.0 | notch=60.0 | max_amp=300.0 | trim=0.0 | min_len_sec=0.0 | use_iir=True | normalize=True | window_size_sec=10.0 | overlap_sec=0.0 
2026-02-11 14:59:09,567 - INFO - Window shape: (23, 2560)
2026-02-11 14:59:11,397 - INFO - Finished processing file: /projects/EEG-foundation-model/CHB-MIT/chb10/chb10_03.edf | Extracted 720 windows | label distribution: {0: 720}
2026-02-11 14:59:11,399 - INFO - Preprocessing parameters : 
 resample_rate=256 | bandpass=False | l_freq=0.5 | h_freq=75.0 | notch=60.0 | max_amp=300.0 | trim=0.0 | min_len_sec=0.0 | use_iir=True | normalize=True | window_size_sec=10.0 | overlap_sec=0.0 
2026-02-11 14:59:15,143 - INFO - Window shape: (23, 2560)
2026-02-11 14:59:16,983 - INFO - Finished processing file: /projects/EEG-foundation-model/CHB-MIT/chb10/chb10_12.edf | Extracted 720 windows | label distribution: {0: 716, 1: 4}
2026-02-11 14:59:16,984 - INFO - File 501: /projects/EEG-foundation-model/CHB-MIT/chb10/chb10_12.edf | Subject ID: chb10 | Extracted 720 windows. Total windows so far: 265375
2026-02-11 14:59:16,985 - INFO - Preprocessing parameters : 
 resample_rate=256 | bandpass=False | l_freq=0.5 | h_freq=75.0 | notch=60.0 | max_amp=300.0 | trim=0.0 | min_len_sec=0.0 | use_iir=True | normalize=True | window_size_sec=10.0 | overlap_sec=0.0 
2026-02-11 14:59:20,681 - INFO - Window shape: (23, 2560)
2026-02-11 14:59:22,541 - INFO - Finished processing file: /projects/EEG-foundation-model/CHB-MIT/chb10/chb10_15.edf | Extracted 720 windows | label distribution: {0: 720}
2026-02-11 14:59:22,542 - INFO - Preprocessing parameters : 
 resample_rate=256 | bandpass=False | l_freq=0.5 | h_freq=75.0 | notch=60.0 | max_amp=300.0 | trim=0.0 | min_len_sec=0.0 | use_iir=True | normalize=True | window_size_sec=10.0 | overlap_sec=0.0 
2026-02-11 14:59:26,207 - INFO - Window shape: (23, 2560)
2026-02-11 14:59:28,040 - INFO - Finished processing file: /projects/EEG-foundation-model/CHB-MIT/chb10/chb10_20.edf | Extracted 721 windows | label distribution: {0: 714, 1: 7}
2026-02-11 14:59:28,042 - INFO - Preprocessing parameters : 
 resample_rate=256 | bandpass=False | l_freq=0.5 | h_freq=75.0 | notch=60.0 | max_amp=300.0 | trim=0.0 | min_len_sec=0.0 | use_iir=True | normalize=True | window_size_sec=10.0 | overlap_sec=0.0 
2026-02-11 14:59:31,795 - INFO - Window shape: (23, 2560)
2026-02-11 14:59:33,636 - INFO - Finished processing file: /projects/EEG-foundation-model/CHB-MIT/chb10/chb10_27.edf | Extracted 722 windows | label distribution: {0: 715, 1: 7}
2026-02-11 14:59:33,638 - INFO - Preprocessing parameters : 
 resample_rate=256 | bandpass=False | l_freq=0.5 | h_freq=75.0 | notch=60.0 | max_amp=300.0 | trim=0.0 | min_len_sec=0.0 | use_iir=True | normalize=True | window_size_sec=10.0 | overlap_sec=0.0 
2026-02-11 14:59:37,558 - INFO - Window shape: (23, 2560)
2026-02-11 14:59:39,395 - INFO - Finished processing file: /projects/EEG-foundation-model/CHB-MIT/chb10/chb10_18.edf | Extracted 720 windows | label distribution: {0: 720}
2026-02-11 14:59:39,397 - INFO - Preprocessing parameters : 
 resample_rate=256 | bandpass=False | l_freq=0.5 | h_freq=75.0 | notch=60.0 | max_amp=300.0 | trim=0.0 | min_len_sec=0.0 | use_iir=True | normalize=True | window_size_sec=10.0 | overlap_sec=0.0 
2026-02-11 14:59:43,055 - INFO - Window shape: (23, 2560)
2026-02-11 14:59:44,907 - INFO - Finished processing file: /projects/EEG-foundation-model/CHB-MIT/chb10/chb10_16.edf | Extracted 720 windows | label distribution: {0: 720}
2026-02-11 14:59:44,908 - INFO - Preprocessing parameters : 
 resample_rate=256 | bandpass=False | l_freq=0.5 | h_freq=75.0 | notch=60.0 | max_amp=300.0 | trim=0.0 | min_len_sec=0.0 | use_iir=True | normalize=True | window_size_sec=10.0 | overlap_sec=0.0 
2026-02-11 14:59:48,622 - INFO - Window shape: (23, 2560)
2026-02-11 14:59:50,452 - INFO - Finished processing file: /projects/EEG-foundation-model/CHB-MIT/chb10/chb10_89.edf | Extracted 719 windows | label distribution: {0: 714, 1: 5}
2026-02-11 14:59:50,453 - INFO - Preprocessing parameters : 
 resample_rate=256 | bandpass=False | l_freq=0.5 | h_freq=75.0 | notch=60.0 | max_amp=300.0 | trim=0.0 | min_len_sec=0.0 | use_iir=True | normalize=True | window_size_sec=10.0 | overlap_sec=0.0 
2026-02-11 14:59:54,191 - INFO - Window shape: (23, 2560)
2026-02-11 14:59:56,004 - INFO - Finished processing file: /projects/EEG-foundation-model/CHB-MIT/chb10/chb10_07.edf | Extracted 720 windows | label distribution: {0: 720}
2026-02-11 14:59:56,006 - INFO - Preprocessing parameters : 
 resample_rate=256 | bandpass=False | l_freq=0.5 | h_freq=75.0 | notch=60.0 | max_amp=300.0 | trim=0.0 | min_len_sec=0.0 | use_iir=True | normalize=True | window_size_sec=10.0 | overlap_sec=0.0 
2026-02-11 14:59:59,928 - INFO - Window shape: (23, 2560)
2026-02-11 15:00:01,773 - INFO - Finished processing file: /projects/EEG-foundation-model/CHB-MIT/chb10/chb10_22.edf | Extracted 720 windows | label distribution: {0: 720}
2026-02-11 15:00:01,775 - INFO - Preprocessing parameters : 
 resample_rate=256 | bandpass=False | l_freq=0.5 | h_freq=75.0 | notch=60.0 | max_amp=300.0 | trim=0.0 | min_len_sec=0.0 | use_iir=True | normalize=True | window_size_sec=10.0 | overlap_sec=0.0 
2026-02-11 15:00:05,649 - INFO - Window shape: (23, 2560)
2026-02-11 15:00:07,514 - INFO - Finished processing file: /projects/EEG-foundation-model/CHB-MIT/chb10/chb10_17.edf | Extracted 720 windows | label distribution: {0: 720}
2026-02-11 15:00:07,516 - INFO - Preprocessing parameters : 
 resample_rate=256 | bandpass=False | l_freq=0.5 | h_freq=75.0 | notch=60.0 | max_amp=300.0 | trim=0.0 | min_len_sec=0.0 | use_iir=True | normalize=True | window_size_sec=10.0 | overlap_sec=0.0 
2026-02-11 15:00:11,158 - INFO - Window shape: (23, 2560)
2026-02-11 15:00:12,978 - INFO - Finished processing file: /projects/EEG-foundation-model/CHB-MIT/chb10/chb10_19.edf | Extracted 720 windows | label distribution: {0: 720}
2026-02-11 15:00:12,979 - INFO - File 511: /projects/EEG-foundation-model/CHB-MIT/chb10/chb10_19.edf | Subject ID: chb10 | Extracted 720 windows. Total windows so far: 272577
2026-02-11 15:00:12,980 - INFO - Preprocessing parameters : 
 resample_rate=256 | bandpass=False | l_freq=0.5 | h_freq=75.0 | notch=60.0 | max_amp=300.0 | trim=0.0 | min_len_sec=0.0 | use_iir=True | normalize=True | window_size_sec=10.0 | overlap_sec=0.0 
2026-02-11 15:00:16,623 - INFO - Window shape: (23, 2560)
2026-02-11 15:00:18,445 - INFO - Finished processing file: /projects/EEG-foundation-model/CHB-MIT/chb10/chb10_08.edf | Extracted 720 windows | label distribution: {0: 720}
2026-02-11 15:00:18,447 - INFO - Preprocessing parameters : 
 resample_rate=256 | bandpass=False | l_freq=0.5 | h_freq=75.0 | notch=60.0 | max_amp=300.0 | trim=0.0 | min_len_sec=0.0 | use_iir=True | normalize=True | window_size_sec=10.0 | overlap_sec=0.0 
2026-02-11 15:00:22,178 - INFO - Window shape: (23, 2560)
2026-02-11 15:00:24,009 - INFO - Finished processing file: /projects/EEG-foundation-model/CHB-MIT/chb10/chb10_06.edf | Extracted 720 windows | label distribution: {0: 720}
2026-02-11 15:00:24,010 - INFO - Preprocessing parameters : 
 resample_rate=256 | bandpass=False | l_freq=0.5 | h_freq=75.0 | notch=60.0 | max_amp=300.0 | trim=0.0 | min_len_sec=0.0 | use_iir=True | normalize=True | window_size_sec=10.0 | overlap_sec=0.0 
2026-02-11 15:00:27,706 - INFO - Window shape: (23, 2560)
2026-02-11 15:00:29,575 - INFO - Finished processing file: /projects/EEG-foundation-model/CHB-MIT/chb10/chb10_01.edf | Extracted 722 windows | label distribution: {0: 722}
2026-02-11 15:00:29,577 - INFO - Preprocessing parameters : 
 resample_rate=256 | bandpass=False | l_freq=0.5 | h_freq=75.0 | notch=60.0 | max_amp=300.0 | trim=0.0 | min_len_sec=0.0 | use_iir=True | normalize=True | window_size_sec=10.0 | overlap_sec=0.0 
2026-02-11 15:00:31,741 - INFO - Window shape: (28, 2560)
2026-02-11 15:00:32,850 - INFO - Finished processing file: /projects/EEG-foundation-model/CHB-MIT/chb22/chb22_07.edf | Extracted 360 windows | label distribution: {0: 360}
2026-02-11 15:00:32,852 - INFO - Preprocessing parameters : 
 resample_rate=256 | bandpass=False | l_freq=0.5 | h_freq=75.0 | notch=60.0 | max_amp=300.0 | trim=0.0 | min_len_sec=0.0 | use_iir=True | normalize=True | window_size_sec=10.0 | overlap_sec=0.0 
2026-02-11 15:00:35,022 - INFO - Window shape: (28, 2560)
2026-02-11 15:00:36,130 - INFO - Finished processing file: /projects/EEG-foundation-model/CHB-MIT/chb22/chb22_09.edf | Extracted 360 windows | label distribution: {0: 360}
2026-02-11 15:00:36,132 - INFO - Preprocessing parameters : 
 resample_rate=256 | bandpass=False | l_freq=0.5 | h_freq=75.0 | notch=60.0 | max_amp=300.0 | trim=0.0 | min_len_sec=0.0 | use_iir=True | normalize=True | window_size_sec=10.0 | overlap_sec=0.0 
2026-02-11 15:00:38,264 - INFO - Window shape: (28, 2560)
2026-02-11 15:00:39,371 - INFO - Finished processing file: /projects/EEG-foundation-model/CHB-MIT/chb22/chb22_23.edf | Extracted 360 windows | label distribution: {0: 360}
2026-02-11 15:00:39,372 - INFO - Preprocessing parameters : 
 resample_rate=256 | bandpass=False | l_freq=0.5 | h_freq=75.0 | notch=60.0 | max_amp=300.0 | trim=0.0 | min_len_sec=0.0 | use_iir=True | normalize=True | window_size_sec=10.0 | overlap_sec=0.0 
2026-02-11 15:00:41,654 - INFO - Window shape: (28, 2560)
2026-02-11 15:00:42,761 - INFO - Finished processing file: /projects/EEG-foundation-model/CHB-MIT/chb22/chb22_24.edf | Extracted 360 windows | label distribution: {0: 360}
2026-02-11 15:00:42,762 - INFO - Preprocessing parameters : 
 resample_rate=256 | bandpass=False | l_freq=0.5 | h_freq=75.0 | notch=60.0 | max_amp=300.0 | trim=0.0 | min_len_sec=0.0 | use_iir=True | normalize=True | window_size_sec=10.0 | overlap_sec=0.0 
2026-02-11 15:00:44,985 - INFO - Window shape: (28, 2560)
2026-02-11 15:00:46,090 - INFO - Finished processing file: /projects/EEG-foundation-model/CHB-MIT/chb22/chb22_51.edf | Extracted 360 windows | label distribution: {0: 360}
2026-02-11 15:00:46,092 - INFO - Preprocessing parameters : 
 resample_rate=256 | bandpass=False | l_freq=0.5 | h_freq=75.0 | notch=60.0 | max_amp=300.0 | trim=0.0 | min_len_sec=0.0 | use_iir=True | normalize=True | window_size_sec=10.0 | overlap_sec=0.0 
2026-02-11 15:00:48,244 - INFO - Window shape: (28, 2560)
2026-02-11 15:00:49,350 - INFO - Finished processing file: /projects/EEG-foundation-model/CHB-MIT/chb22/chb22_18.edf | Extracted 360 windows | label distribution: {0: 360}
2026-02-11 15:00:49,352 - INFO - Preprocessing parameters : 
 resample_rate=256 | bandpass=False | l_freq=0.5 | h_freq=75.0 | notch=60.0 | max_amp=300.0 | trim=0.0 | min_len_sec=0.0 | use_iir=True | normalize=True | window_size_sec=10.0 | overlap_sec=0.0 
2026-02-11 15:00:51,518 - INFO - Window shape: (28, 2560)
2026-02-11 15:00:52,627 - INFO - Finished processing file: /projects/EEG-foundation-model/CHB-MIT/chb22/chb22_11.edf | Extracted 361 windows | label distribution: {0: 361}
2026-02-11 15:00:52,628 - INFO - File 521: /projects/EEG-foundation-model/CHB-MIT/chb22/chb22_11.edf | Subject ID: chb22 | Extracted 361 windows. Total windows so far: 277260
2026-02-11 15:00:52,629 - INFO - Preprocessing parameters : 
 resample_rate=256 | bandpass=False | l_freq=0.5 | h_freq=75.0 | notch=60.0 | max_amp=300.0 | trim=0.0 | min_len_sec=0.0 | use_iir=True | normalize=True | window_size_sec=10.0 | overlap_sec=0.0 
2026-02-11 15:00:54,769 - INFO - Window shape: (28, 2560)
2026-02-11 15:00:55,875 - INFO - Finished processing file: /projects/EEG-foundation-model/CHB-MIT/chb22/chb22_16.edf | Extracted 360 windows | label distribution: {0: 360}
2026-02-11 15:00:55,877 - INFO - Preprocessing parameters : 
 resample_rate=256 | bandpass=False | l_freq=0.5 | h_freq=75.0 | notch=60.0 | max_amp=300.0 | trim=0.0 | min_len_sec=0.0 | use_iir=True | normalize=True | window_size_sec=10.0 | overlap_sec=0.0 
2026-02-11 15:00:58,122 - INFO - Window shape: (28, 2560)
2026-02-11 15:00:59,230 - INFO - Finished processing file: /projects/EEG-foundation-model/CHB-MIT/chb22/chb22_08.edf | Extracted 360 windows | label distribution: {0: 360}
2026-02-11 15:00:59,232 - INFO - Preprocessing parameters : 
 resample_rate=256 | bandpass=False | l_freq=0.5 | h_freq=75.0 | notch=60.0 | max_amp=300.0 | trim=0.0 | min_len_sec=0.0 | use_iir=True | normalize=True | window_size_sec=10.0 | overlap_sec=0.0 
2026-02-11 15:01:01,363 - INFO - Window shape: (28, 2560)
2026-02-11 15:01:02,469 - INFO - Finished processing file: /projects/EEG-foundation-model/CHB-MIT/chb22/chb22_01.edf | Extracted 360 windows | label distribution: {0: 360}
2026-02-11 15:01:02,470 - INFO - Preprocessing parameters : 
 resample_rate=256 | bandpass=False | l_freq=0.5 | h_freq=75.0 | notch=60.0 | max_amp=300.0 | trim=0.0 | min_len_sec=0.0 | use_iir=True | normalize=True | window_size_sec=10.0 | overlap_sec=0.0 
2026-02-11 15:01:04,695 - INFO - Window shape: (28, 2560)
2026-02-11 15:01:05,800 - INFO - Finished processing file: /projects/EEG-foundation-model/CHB-MIT/chb22/chb22_06.edf | Extracted 360 windows | label distribution: {0: 360}
2026-02-11 15:01:05,801 - INFO - Preprocessing parameters : 
 resample_rate=256 | bandpass=False | l_freq=0.5 | h_freq=75.0 | notch=60.0 | max_amp=300.0 | trim=0.0 | min_len_sec=0.0 | use_iir=True | normalize=True | window_size_sec=10.0 | overlap_sec=0.0 
2026-02-11 15:01:07,934 - INFO - Window shape: (28, 2560)
2026-02-11 15:01:09,041 - INFO - Finished processing file: /projects/EEG-foundation-model/CHB-MIT/chb22/chb22_17.edf | Extracted 360 windows | label distribution: {0: 360}
2026-02-11 15:01:09,043 - INFO - Preprocessing parameters : 
 resample_rate=256 | bandpass=False | l_freq=0.5 | h_freq=75.0 | notch=60.0 | max_amp=300.0 | trim=0.0 | min_len_sec=0.0 | use_iir=True | normalize=True | window_size_sec=10.0 | overlap_sec=0.0 
2026-02-11 15:01:11,217 - INFO - Window shape: (28, 2560)
2026-02-11 15:01:12,324 - INFO - Finished processing file: /projects/EEG-foundation-model/CHB-MIT/chb22/chb22_10.edf | Extracted 360 windows | label distribution: {0: 360}
2026-02-11 15:01:12,325 - INFO - Preprocessing parameters : 
 resample_rate=256 | bandpass=False | l_freq=0.5 | h_freq=75.0 | notch=60.0 | max_amp=300.0 | trim=0.0 | min_len_sec=0.0 | use_iir=True | normalize=True | window_size_sec=10.0 | overlap_sec=0.0 
2026-02-11 15:01:14,466 - INFO - Window shape: (28, 2560)
2026-02-11 15:01:15,572 - INFO - Finished processing file: /projects/EEG-foundation-model/CHB-MIT/chb22/chb22_19.edf | Extracted 360 windows | label distribution: {0: 360}
2026-02-11 15:01:15,574 - INFO - Preprocessing parameters : 
 resample_rate=256 | bandpass=False | l_freq=0.5 | h_freq=75.0 | notch=60.0 | max_amp=300.0 | trim=0.0 | min_len_sec=0.0 | use_iir=True | normalize=True | window_size_sec=10.0 | overlap_sec=0.0 
2026-02-11 15:01:17,999 - INFO - Window shape: (28, 2560)
2026-02-11 15:01:19,104 - INFO - Finished processing file: /projects/EEG-foundation-model/CHB-MIT/chb22/chb22_25.edf | Extracted 360 windows | label distribution: {0: 353, 1: 7}
2026-02-11 15:01:19,106 - INFO - Preprocessing parameters : 
 resample_rate=256 | bandpass=False | l_freq=0.5 | h_freq=75.0 | notch=60.0 | max_amp=300.0 | trim=0.0 | min_len_sec=0.0 | use_iir=True | normalize=True | window_size_sec=10.0 | overlap_sec=0.0 
2026-02-11 15:01:21,313 - INFO - Window shape: (28, 2560)
2026-02-11 15:01:22,419 - INFO - Finished processing file: /projects/EEG-foundation-model/CHB-MIT/chb22/chb22_22.edf | Extracted 360 windows | label distribution: {0: 360}
2026-02-11 15:01:22,420 - INFO - Preprocessing parameters : 
 resample_rate=256 | bandpass=False | l_freq=0.5 | h_freq=75.0 | notch=60.0 | max_amp=300.0 | trim=0.0 | min_len_sec=0.0 | use_iir=True | normalize=True | window_size_sec=10.0 | overlap_sec=0.0 
2026-02-11 15:01:24,672 - INFO - Window shape: (28, 2560)
2026-02-11 15:01:25,777 - INFO - Finished processing file: /projects/EEG-foundation-model/CHB-MIT/chb22/chb22_54.edf | Extracted 360 windows | label distribution: {0: 360}
2026-02-11 15:01:25,778 - INFO - File 531: /projects/EEG-foundation-model/CHB-MIT/chb22/chb22_54.edf | Subject ID: chb22 | Extracted 360 windows. Total windows so far: 280860
2026-02-11 15:01:25,778 - INFO - Preprocessing parameters : 
 resample_rate=256 | bandpass=False | l_freq=0.5 | h_freq=75.0 | notch=60.0 | max_amp=300.0 | trim=0.0 | min_len_sec=0.0 | use_iir=True | normalize=True | window_size_sec=10.0 | overlap_sec=0.0 
2026-02-11 15:01:27,979 - INFO - Window shape: (28, 2560)
2026-02-11 15:01:29,087 - INFO - Finished processing file: /projects/EEG-foundation-model/CHB-MIT/chb22/chb22_28.edf | Extracted 360 windows | label distribution: {0: 360}
2026-02-11 15:01:29,088 - INFO - Preprocessing parameters : 
 resample_rate=256 | bandpass=False | l_freq=0.5 | h_freq=75.0 | notch=60.0 | max_amp=300.0 | trim=0.0 | min_len_sec=0.0 | use_iir=True | normalize=True | window_size_sec=10.0 | overlap_sec=0.0 
2026-02-11 15:01:31,316 - INFO - Window shape: (28, 2560)
2026-02-11 15:01:32,433 - INFO - Finished processing file: /projects/EEG-foundation-model/CHB-MIT/chb22/chb22_21.edf | Extracted 360 windows | label distribution: {0: 360}
2026-02-11 15:01:32,435 - INFO - Preprocessing parameters : 
 resample_rate=256 | bandpass=False | l_freq=0.5 | h_freq=75.0 | notch=60.0 | max_amp=300.0 | trim=0.0 | min_len_sec=0.0 | use_iir=True | normalize=True | window_size_sec=10.0 | overlap_sec=0.0 
2026-02-11 15:01:34,702 - INFO - Window shape: (28, 2560)
2026-02-11 15:01:35,807 - INFO - Finished processing file: /projects/EEG-foundation-model/CHB-MIT/chb22/chb22_26.edf | Extracted 360 windows | label distribution: {0: 360}
2026-02-11 15:01:35,809 - INFO - Preprocessing parameters : 
 resample_rate=256 | bandpass=False | l_freq=0.5 | h_freq=75.0 | notch=60.0 | max_amp=300.0 | trim=0.0 | min_len_sec=0.0 | use_iir=True | normalize=True | window_size_sec=10.0 | overlap_sec=0.0 
2026-02-11 15:01:37,958 - INFO - Window shape: (28, 2560)
2026-02-11 15:01:39,064 - INFO - Finished processing file: /projects/EEG-foundation-model/CHB-MIT/chb22/chb22_30.edf | Extracted 360 windows | label distribution: {0: 360}
2026-02-11 15:01:39,066 - INFO - Preprocessing parameters : 
 resample_rate=256 | bandpass=False | l_freq=0.5 | h_freq=75.0 | notch=60.0 | max_amp=300.0 | trim=0.0 | min_len_sec=0.0 | use_iir=True | normalize=True | window_size_sec=10.0 | overlap_sec=0.0 
2026-02-11 15:01:41,240 - INFO - Window shape: (28, 2560)
2026-02-11 15:01:42,347 - INFO - Finished processing file: /projects/EEG-foundation-model/CHB-MIT/chb22/chb22_77.edf | Extracted 360 windows | label distribution: {0: 360}
2026-02-11 15:01:42,349 - INFO - Preprocessing parameters : 
 resample_rate=256 | bandpass=False | l_freq=0.5 | h_freq=75.0 | notch=60.0 | max_amp=300.0 | trim=0.0 | min_len_sec=0.0 | use_iir=True | normalize=True | window_size_sec=10.0 | overlap_sec=0.0 
2026-02-11 15:01:44,520 - INFO - Window shape: (28, 2560)
2026-02-11 15:01:45,626 - INFO - Finished processing file: /projects/EEG-foundation-model/CHB-MIT/chb22/chb22_05.edf | Extracted 360 windows | label distribution: {0: 360}
2026-02-11 15:01:45,628 - INFO - Preprocessing parameters : 
 resample_rate=256 | bandpass=False | l_freq=0.5 | h_freq=75.0 | notch=60.0 | max_amp=300.0 | trim=0.0 | min_len_sec=0.0 | use_iir=True | normalize=True | window_size_sec=10.0 | overlap_sec=0.0 
2026-02-11 15:01:47,768 - INFO - Window shape: (28, 2560)
2026-02-11 15:01:48,865 - INFO - Finished processing file: /projects/EEG-foundation-model/CHB-MIT/chb22/chb22_02.edf | Extracted 360 windows | label distribution: {0: 360}
2026-02-11 15:01:48,867 - INFO - Preprocessing parameters : 
 resample_rate=256 | bandpass=False | l_freq=0.5 | h_freq=75.0 | notch=60.0 | max_amp=300.0 | trim=0.0 | min_len_sec=0.0 | use_iir=True | normalize=True | window_size_sec=10.0 | overlap_sec=0.0 
2026-02-11 15:01:51,077 - INFO - Window shape: (28, 2560)
2026-02-11 15:01:52,185 - INFO - Finished processing file: /projects/EEG-foundation-model/CHB-MIT/chb22/chb22_27.edf | Extracted 360 windows | label distribution: {0: 360}
2026-02-11 15:01:52,186 - INFO - Preprocessing parameters : 
 resample_rate=256 | bandpass=False | l_freq=0.5 | h_freq=75.0 | notch=60.0 | max_amp=300.0 | trim=0.0 | min_len_sec=0.0 | use_iir=True | normalize=True | window_size_sec=10.0 | overlap_sec=0.0 
2026-02-11 15:01:54,301 - INFO - Window shape: (28, 2560)
2026-02-11 15:01:55,407 - INFO - Finished processing file: /projects/EEG-foundation-model/CHB-MIT/chb22/chb22_20.edf | Extracted 360 windows | label distribution: {0: 354, 1: 6}
2026-02-11 15:01:55,409 - INFO - Preprocessing parameters : 
 resample_rate=256 | bandpass=False | l_freq=0.5 | h_freq=75.0 | notch=60.0 | max_amp=300.0 | trim=0.0 | min_len_sec=0.0 | use_iir=True | normalize=True | window_size_sec=10.0 | overlap_sec=0.0 
2026-02-11 15:01:57,592 - INFO - Window shape: (28, 2560)
2026-02-11 15:01:58,699 - INFO - Finished processing file: /projects/EEG-foundation-model/CHB-MIT/chb22/chb22_29.edf | Extracted 360 windows | label distribution: {0: 360}
2026-02-11 15:01:58,700 - INFO - File 541: /projects/EEG-foundation-model/CHB-MIT/chb22/chb22_29.edf | Subject ID: chb22 | Extracted 360 windows. Total windows so far: 284460
2026-02-11 15:01:58,701 - INFO - Preprocessing parameters : 
 resample_rate=256 | bandpass=False | l_freq=0.5 | h_freq=75.0 | notch=60.0 | max_amp=300.0 | trim=0.0 | min_len_sec=0.0 | use_iir=True | normalize=True | window_size_sec=10.0 | overlap_sec=0.0 
2026-02-11 15:02:00,787 - INFO - Window shape: (28, 2560)
2026-02-11 15:02:01,893 - INFO - Finished processing file: /projects/EEG-foundation-model/CHB-MIT/chb22/chb22_15.edf | Extracted 360 windows | label distribution: {0: 360}
2026-02-11 15:02:01,894 - INFO - Preprocessing parameters : 
 resample_rate=256 | bandpass=False | l_freq=0.5 | h_freq=75.0 | notch=60.0 | max_amp=300.0 | trim=0.0 | min_len_sec=0.0 | use_iir=True | normalize=True | window_size_sec=10.0 | overlap_sec=0.0 
2026-02-11 15:02:04,151 - INFO - Window shape: (28, 2560)
2026-02-11 15:02:05,258 - INFO - Finished processing file: /projects/EEG-foundation-model/CHB-MIT/chb22/chb22_03.edf | Extracted 360 windows | label distribution: {0: 360}
2026-02-11 15:02:05,260 - INFO - Preprocessing parameters : 
 resample_rate=256 | bandpass=False | l_freq=0.5 | h_freq=75.0 | notch=60.0 | max_amp=300.0 | trim=0.0 | min_len_sec=0.0 | use_iir=True | normalize=True | window_size_sec=10.0 | overlap_sec=0.0 
2026-02-11 15:02:07,412 - INFO - Window shape: (28, 2560)
2026-02-11 15:02:08,520 - INFO - Finished processing file: /projects/EEG-foundation-model/CHB-MIT/chb22/chb22_04.edf | Extracted 360 windows | label distribution: {0: 360}
2026-02-11 15:02:08,522 - INFO - Preprocessing parameters : 
 resample_rate=256 | bandpass=False | l_freq=0.5 | h_freq=75.0 | notch=60.0 | max_amp=300.0 | trim=0.0 | min_len_sec=0.0 | use_iir=True | normalize=True | window_size_sec=10.0 | overlap_sec=0.0 
2026-02-11 15:02:10,705 - INFO - Window shape: (28, 2560)
2026-02-11 15:02:11,809 - INFO - Finished processing file: /projects/EEG-foundation-model/CHB-MIT/chb22/chb22_38.edf | Extracted 359 windows | label distribution: {0: 352, 1: 7}
2026-02-11 15:02:11,810 - INFO - Preprocessing parameters : 
 resample_rate=256 | bandpass=False | l_freq=0.5 | h_freq=75.0 | notch=60.0 | max_amp=300.0 | trim=0.0 | min_len_sec=0.0 | use_iir=True | normalize=True | window_size_sec=10.0 | overlap_sec=0.0 
2026-02-11 15:02:14,140 - INFO - Window shape: (28, 2560)
2026-02-11 15:02:15,247 - INFO - Finished processing file: /projects/EEG-foundation-model/CHB-MIT/chb14/chb14_24.edf | Extracted 360 windows | label distribution: {0: 360}
2026-02-11 15:02:15,248 - INFO - Preprocessing parameters : 
 resample_rate=256 | bandpass=False | l_freq=0.5 | h_freq=75.0 | notch=60.0 | max_amp=300.0 | trim=0.0 | min_len_sec=0.0 | use_iir=True | normalize=True | window_size_sec=10.0 | overlap_sec=0.0 
2026-02-11 15:02:17,376 - INFO - Window shape: (28, 2560)
2026-02-11 15:02:18,483 - INFO - Finished processing file: /projects/EEG-foundation-model/CHB-MIT/chb14/chb14_16.edf | Extracted 360 windows | label distribution: {0: 360}
2026-02-11 15:02:18,485 - INFO - Preprocessing parameters : 
 resample_rate=256 | bandpass=False | l_freq=0.5 | h_freq=75.0 | notch=60.0 | max_amp=300.0 | trim=0.0 | min_len_sec=0.0 | use_iir=True | normalize=True | window_size_sec=10.0 | overlap_sec=0.0 
2026-02-11 15:02:20,691 - INFO - Window shape: (28, 2560)
2026-02-11 15:02:21,798 - INFO - Finished processing file: /projects/EEG-foundation-model/CHB-MIT/chb14/chb14_11.edf | Extracted 360 windows | label distribution: {0: 356, 1: 4}
2026-02-11 15:02:21,800 - INFO - Preprocessing parameters : 
 resample_rate=256 | bandpass=False | l_freq=0.5 | h_freq=75.0 | notch=60.0 | max_amp=300.0 | trim=0.0 | min_len_sec=0.0 | use_iir=True | normalize=True | window_size_sec=10.0 | overlap_sec=0.0 
2026-02-11 15:02:23,966 - INFO - Window shape: (28, 2560)
2026-02-11 15:02:25,073 - INFO - Finished processing file: /projects/EEG-foundation-model/CHB-MIT/chb14/chb14_18.edf | Extracted 360 windows | label distribution: {0: 358, 1: 2}
2026-02-11 15:02:25,074 - INFO - Preprocessing parameters : 
 resample_rate=256 | bandpass=False | l_freq=0.5 | h_freq=75.0 | notch=60.0 | max_amp=300.0 | trim=0.0 | min_len_sec=0.0 | use_iir=True | normalize=True | window_size_sec=10.0 | overlap_sec=0.0 
2026-02-11 15:02:27,373 - INFO - Window shape: (28, 2560)
2026-02-11 15:02:28,480 - INFO - Finished processing file: /projects/EEG-foundation-model/CHB-MIT/chb14/chb14_07.edf | Extracted 360 windows | label distribution: {0: 360}
2026-02-11 15:02:28,482 - INFO - Preprocessing parameters : 
 resample_rate=256 | bandpass=False | l_freq=0.5 | h_freq=75.0 | notch=60.0 | max_amp=300.0 | trim=0.0 | min_len_sec=0.0 | use_iir=True | normalize=True | window_size_sec=10.0 | overlap_sec=0.0 
2026-02-11 15:02:30,818 - INFO - Window shape: (28, 2560)
2026-02-11 15:02:31,927 - INFO - Finished processing file: /projects/EEG-foundation-model/CHB-MIT/chb14/chb14_32.edf | Extracted 360 windows | label distribution: {0: 360}
2026-02-11 15:02:31,928 - INFO - File 551: /projects/EEG-foundation-model/CHB-MIT/chb14/chb14_32.edf | Subject ID: chb14 | Extracted 360 windows. Total windows so far: 288059
2026-02-11 15:02:31,929 - INFO - Preprocessing parameters : 
 resample_rate=256 | bandpass=False | l_freq=0.5 | h_freq=75.0 | notch=60.0 | max_amp=300.0 | trim=0.0 | min_len_sec=0.0 | use_iir=True | normalize=True | window_size_sec=10.0 | overlap_sec=0.0 
2026-02-11 15:02:34,225 - INFO - Window shape: (28, 2560)
2026-02-11 15:02:35,333 - INFO - Finished processing file: /projects/EEG-foundation-model/CHB-MIT/chb14/chb14_19.edf | Extracted 360 windows | label distribution: {0: 360}
2026-02-11 15:02:35,335 - INFO - Preprocessing parameters : 
 resample_rate=256 | bandpass=False | l_freq=0.5 | h_freq=75.0 | notch=60.0 | max_amp=300.0 | trim=0.0 | min_len_sec=0.0 | use_iir=True | normalize=True | window_size_sec=10.0 | overlap_sec=0.0 
2026-02-11 15:02:37,516 - INFO - Window shape: (28, 2560)
2026-02-11 15:02:38,623 - INFO - Finished processing file: /projects/EEG-foundation-model/CHB-MIT/chb14/chb14_17.edf | Extracted 360 windows | label distribution: {0: 358, 1: 2}
2026-02-11 15:02:38,625 - INFO - Preprocessing parameters : 
 resample_rate=256 | bandpass=False | l_freq=0.5 | h_freq=75.0 | notch=60.0 | max_amp=300.0 | trim=0.0 | min_len_sec=0.0 | use_iir=True | normalize=True | window_size_sec=10.0 | overlap_sec=0.0 
2026-02-11 15:02:40,773 - INFO - Window shape: (28, 2560)
2026-02-11 15:02:41,881 - INFO - Finished processing file: /projects/EEG-foundation-model/CHB-MIT/chb14/chb14_22.edf | Extracted 360 windows | label distribution: {0: 360}
2026-02-11 15:02:41,882 - INFO - Preprocessing parameters : 
 resample_rate=256 | bandpass=False | l_freq=0.5 | h_freq=75.0 | notch=60.0 | max_amp=300.0 | trim=0.0 | min_len_sec=0.0 | use_iir=True | normalize=True | window_size_sec=10.0 | overlap_sec=0.0 
2026-02-11 15:02:44,082 - INFO - Window shape: (28, 2560)
2026-02-11 15:02:45,189 - INFO - Finished processing file: /projects/EEG-foundation-model/CHB-MIT/chb14/chb14_25.edf | Extracted 360 windows | label distribution: {0: 360}
2026-02-11 15:02:45,190 - INFO - Preprocessing parameters : 
 resample_rate=256 | bandpass=False | l_freq=0.5 | h_freq=75.0 | notch=60.0 | max_amp=300.0 | trim=0.0 | min_len_sec=0.0 | use_iir=True | normalize=True | window_size_sec=10.0 | overlap_sec=0.0 
2026-02-11 15:02:47,308 - INFO - Window shape: (28, 2560)
2026-02-11 15:02:48,411 - INFO - Finished processing file: /projects/EEG-foundation-model/CHB-MIT/chb14/chb14_06.edf | Extracted 359 windows | label distribution: {0: 358, 1: 1}
2026-02-11 15:02:48,413 - INFO - Preprocessing parameters : 
 resample_rate=256 | bandpass=False | l_freq=0.5 | h_freq=75.0 | notch=60.0 | max_amp=300.0 | trim=0.0 | min_len_sec=0.0 | use_iir=True | normalize=True | window_size_sec=10.0 | overlap_sec=0.0 
2026-02-11 15:02:50,697 - INFO - Window shape: (28, 2560)
2026-02-11 15:02:51,805 - INFO - Finished processing file: /projects/EEG-foundation-model/CHB-MIT/chb14/chb14_01.edf | Extracted 360 windows | label distribution: {0: 360}
2026-02-11 15:02:51,806 - INFO - Preprocessing parameters : 
 resample_rate=256 | bandpass=False | l_freq=0.5 | h_freq=75.0 | notch=60.0 | max_amp=300.0 | trim=0.0 | min_len_sec=0.0 | use_iir=True | normalize=True | window_size_sec=10.0 | overlap_sec=0.0 
2026-02-11 15:02:53,969 - INFO - Window shape: (28, 2560)
2026-02-11 15:02:55,076 - INFO - Finished processing file: /projects/EEG-foundation-model/CHB-MIT/chb14/chb14_39.edf | Extracted 360 windows | label distribution: {0: 360}
2026-02-11 15:02:55,078 - INFO - Preprocessing parameters : 
 resample_rate=256 | bandpass=False | l_freq=0.5 | h_freq=75.0 | notch=60.0 | max_amp=300.0 | trim=0.0 | min_len_sec=0.0 | use_iir=True | normalize=True | window_size_sec=10.0 | overlap_sec=0.0 
2026-02-11 15:02:57,347 - INFO - Window shape: (28, 2560)
2026-02-11 15:02:58,454 - INFO - Finished processing file: /projects/EEG-foundation-model/CHB-MIT/chb14/chb14_42.edf | Extracted 360 windows | label distribution: {0: 360}
2026-02-11 15:02:58,456 - INFO - Preprocessing parameters : 
 resample_rate=256 | bandpass=False | l_freq=0.5 | h_freq=75.0 | notch=60.0 | max_amp=300.0 | trim=0.0 | min_len_sec=0.0 | use_iir=True | normalize=True | window_size_sec=10.0 | overlap_sec=0.0 
2026-02-11 15:03:00,707 - INFO - Window shape: (28, 2560)
2026-02-11 15:03:01,804 - INFO - Finished processing file: /projects/EEG-foundation-model/CHB-MIT/chb14/chb14_30.edf | Extracted 360 windows | label distribution: {0: 360}
2026-02-11 15:03:01,805 - INFO - Preprocessing parameters : 
 resample_rate=256 | bandpass=False | l_freq=0.5 | h_freq=75.0 | notch=60.0 | max_amp=300.0 | trim=0.0 | min_len_sec=0.0 | use_iir=True | normalize=True | window_size_sec=10.0 | overlap_sec=0.0 
2026-02-11 15:03:04,077 - INFO - Window shape: (28, 2560)
2026-02-11 15:03:05,173 - INFO - Finished processing file: /projects/EEG-foundation-model/CHB-MIT/chb14/chb14_37.edf | Extracted 360 windows | label distribution: {0: 360}
2026-02-11 15:03:05,174 - INFO - File 561: /projects/EEG-foundation-model/CHB-MIT/chb14/chb14_37.edf | Subject ID: chb14 | Extracted 360 windows. Total windows so far: 291658
2026-02-11 15:03:05,174 - INFO - Preprocessing parameters : 
 resample_rate=256 | bandpass=False | l_freq=0.5 | h_freq=75.0 | notch=60.0 | max_amp=300.0 | trim=0.0 | min_len_sec=0.0 | use_iir=True | normalize=True | window_size_sec=10.0 | overlap_sec=0.0 
2026-02-11 15:03:07,483 - INFO - Window shape: (28, 2560)
2026-02-11 15:03:08,590 - INFO - Finished processing file: /projects/EEG-foundation-model/CHB-MIT/chb14/chb14_02.edf | Extracted 360 windows | label distribution: {0: 360}
2026-02-11 15:03:08,591 - INFO - Preprocessing parameters : 
 resample_rate=256 | bandpass=False | l_freq=0.5 | h_freq=75.0 | notch=60.0 | max_amp=300.0 | trim=0.0 | min_len_sec=0.0 | use_iir=True | normalize=True | window_size_sec=10.0 | overlap_sec=0.0 
2026-02-11 15:03:10,766 - INFO - Window shape: (28, 2560)
2026-02-11 15:03:11,872 - INFO - Finished processing file: /projects/EEG-foundation-model/CHB-MIT/chb14/chb14_14.edf | Extracted 360 windows | label distribution: {0: 360}
2026-02-11 15:03:11,874 - INFO - Preprocessing parameters : 
 resample_rate=256 | bandpass=False | l_freq=0.5 | h_freq=75.0 | notch=60.0 | max_amp=300.0 | trim=0.0 | min_len_sec=0.0 | use_iir=True | normalize=True | window_size_sec=10.0 | overlap_sec=0.0 
2026-02-11 15:03:14,171 - INFO - Window shape: (28, 2560)
2026-02-11 15:03:15,278 - INFO - Finished processing file: /projects/EEG-foundation-model/CHB-MIT/chb14/chb14_13.edf | Extracted 360 windows | label distribution: {0: 360}
2026-02-11 15:03:15,279 - INFO - Preprocessing parameters : 
 resample_rate=256 | bandpass=False | l_freq=0.5 | h_freq=75.0 | notch=60.0 | max_amp=300.0 | trim=0.0 | min_len_sec=0.0 | use_iir=True | normalize=True | window_size_sec=10.0 | overlap_sec=0.0 
2026-02-11 15:03:17,415 - INFO - Window shape: (28, 2560)
2026-02-11 15:03:18,520 - INFO - Finished processing file: /projects/EEG-foundation-model/CHB-MIT/chb14/chb14_26.edf | Extracted 360 windows | label distribution: {0: 360}
2026-02-11 15:03:18,522 - INFO - Preprocessing parameters : 
 resample_rate=256 | bandpass=False | l_freq=0.5 | h_freq=75.0 | notch=60.0 | max_amp=300.0 | trim=0.0 | min_len_sec=0.0 | use_iir=True | normalize=True | window_size_sec=10.0 | overlap_sec=0.0 
2026-02-11 15:03:20,752 - INFO - Window shape: (28, 2560)
2026-02-11 15:03:21,858 - INFO - Finished processing file: /projects/EEG-foundation-model/CHB-MIT/chb14/chb14_04.edf | Extracted 360 windows | label distribution: {0: 356, 1: 4}
2026-02-11 15:03:21,860 - INFO - Preprocessing parameters : 
 resample_rate=256 | bandpass=False | l_freq=0.5 | h_freq=75.0 | notch=60.0 | max_amp=300.0 | trim=0.0 | min_len_sec=0.0 | use_iir=True | normalize=True | window_size_sec=10.0 | overlap_sec=0.0 
2026-02-11 15:03:24,078 - INFO - Window shape: (28, 2560)
2026-02-11 15:03:25,185 - INFO - Finished processing file: /projects/EEG-foundation-model/CHB-MIT/chb14/chb14_03.edf | Extracted 360 windows | label distribution: {0: 359, 1: 1}
2026-02-11 15:03:25,186 - INFO - Preprocessing parameters : 
 resample_rate=256 | bandpass=False | l_freq=0.5 | h_freq=75.0 | notch=60.0 | max_amp=300.0 | trim=0.0 | min_len_sec=0.0 | use_iir=True | normalize=True | window_size_sec=10.0 | overlap_sec=0.0 
2026-02-11 15:03:27,287 - INFO - Window shape: (28, 2560)
2026-02-11 15:03:28,394 - INFO - Finished processing file: /projects/EEG-foundation-model/CHB-MIT/chb14/chb14_29.edf | Extracted 360 windows | label distribution: {0: 360}
2026-02-11 15:03:28,395 - INFO - Preprocessing parameters : 
 resample_rate=256 | bandpass=False | l_freq=0.5 | h_freq=75.0 | notch=60.0 | max_amp=300.0 | trim=0.0 | min_len_sec=0.0 | use_iir=True | normalize=True | window_size_sec=10.0 | overlap_sec=0.0 
2026-02-11 15:03:30,656 - INFO - Window shape: (28, 2560)
2026-02-11 15:03:31,763 - INFO - Finished processing file: /projects/EEG-foundation-model/CHB-MIT/chb14/chb14_20.edf | Extracted 360 windows | label distribution: {0: 360}
2026-02-11 15:03:31,764 - INFO - Preprocessing parameters : 
 resample_rate=256 | bandpass=False | l_freq=0.5 | h_freq=75.0 | notch=60.0 | max_amp=300.0 | trim=0.0 | min_len_sec=0.0 | use_iir=True | normalize=True | window_size_sec=10.0 | overlap_sec=0.0 
2026-02-11 15:03:34,069 - INFO - Window shape: (28, 2560)
2026-02-11 15:03:35,176 - INFO - Finished processing file: /projects/EEG-foundation-model/CHB-MIT/chb14/chb14_27.edf | Extracted 360 windows | label distribution: {0: 358, 1: 2}
2026-02-11 15:03:35,177 - INFO - Preprocessing parameters : 
 resample_rate=256 | bandpass=False | l_freq=0.5 | h_freq=75.0 | notch=60.0 | max_amp=300.0 | trim=0.0 | min_len_sec=0.0 | use_iir=True | normalize=True | window_size_sec=10.0 | overlap_sec=0.0 
2026-02-11 15:03:37,379 - INFO - Window shape: (28, 2560)
2026-02-11 15:03:38,484 - INFO - Finished processing file: /projects/EEG-foundation-model/CHB-MIT/chb14/chb14_12.edf | Extracted 360 windows | label distribution: {0: 360}
2026-02-11 15:03:38,486 - INFO - File 571: /projects/EEG-foundation-model/CHB-MIT/chb14/chb14_12.edf | Subject ID: chb14 | Extracted 360 windows. Total windows so far: 295258
2026-02-11 15:03:38,486 - INFO - Preprocessing parameters : 
 resample_rate=256 | bandpass=False | l_freq=0.5 | h_freq=75.0 | notch=60.0 | max_amp=300.0 | trim=0.0 | min_len_sec=0.0 | use_iir=True | normalize=True | window_size_sec=10.0 | overlap_sec=0.0 
2026-02-11 15:03:44,568 - INFO - Window shape: (23, 2560)
2026-02-11 15:03:47,598 - INFO - Finished processing file: /projects/EEG-foundation-model/CHB-MIT/chb07/chb07_18.edf | Extracted 1206 windows | label distribution: {0: 1206}
2026-02-11 15:03:47,600 - INFO - Preprocessing parameters : 
 resample_rate=256 | bandpass=False | l_freq=0.5 | h_freq=75.0 | notch=60.0 | max_amp=300.0 | trim=0.0 | min_len_sec=0.0 | use_iir=True | normalize=True | window_size_sec=10.0 | overlap_sec=0.0 
2026-02-11 15:03:54,420 - INFO - Window shape: (23, 2560)
2026-02-11 15:03:58,076 - INFO - Finished processing file: /projects/EEG-foundation-model/CHB-MIT/chb07/chb07_16.edf | Extracted 1440 windows | label distribution: {0: 1440}
2026-02-11 15:03:58,078 - INFO - Preprocessing parameters : 
 resample_rate=256 | bandpass=False | l_freq=0.5 | h_freq=75.0 | notch=60.0 | max_amp=300.0 | trim=0.0 | min_len_sec=0.0 | use_iir=True | normalize=True | window_size_sec=10.0 | overlap_sec=0.0 
2026-02-11 15:04:04,734 - INFO - Window shape: (23, 2560)
2026-02-11 15:04:08,347 - INFO - Finished processing file: /projects/EEG-foundation-model/CHB-MIT/chb07/chb07_11.edf | Extracted 1440 windows | label distribution: {0: 1440}
2026-02-11 15:04:08,349 - INFO - Preprocessing parameters : 
 resample_rate=256 | bandpass=False | l_freq=0.5 | h_freq=75.0 | notch=60.0 | max_amp=300.0 | trim=0.0 | min_len_sec=0.0 | use_iir=True | normalize=True | window_size_sec=10.0 | overlap_sec=0.0 
2026-02-11 15:04:10,657 - INFO - Window shape: (23, 2560)
2026-02-11 15:04:11,863 - INFO - Finished processing file: /projects/EEG-foundation-model/CHB-MIT/chb07/chb07_07.edf | Extracted 466 windows | label distribution: {0: 466}
2026-02-11 15:04:11,864 - INFO - Preprocessing parameters : 
 resample_rate=256 | bandpass=False | l_freq=0.5 | h_freq=75.0 | notch=60.0 | max_amp=300.0 | trim=0.0 | min_len_sec=0.0 | use_iir=True | normalize=True | window_size_sec=10.0 | overlap_sec=0.0 
2026-02-11 15:04:18,536 - INFO - Window shape: (23, 2560)
2026-02-11 15:04:22,153 - INFO - Finished processing file: /projects/EEG-foundation-model/CHB-MIT/chb07/chb07_09.edf | Extracted 1440 windows | label distribution: {0: 1440}
2026-02-11 15:04:22,155 - INFO - Preprocessing parameters : 
 resample_rate=256 | bandpass=False | l_freq=0.5 | h_freq=75.0 | notch=60.0 | max_amp=300.0 | trim=0.0 | min_len_sec=0.0 | use_iir=True | normalize=True | window_size_sec=10.0 | overlap_sec=0.0 
2026-02-11 15:04:29,080 - INFO - Window shape: (23, 2560)
2026-02-11 15:04:32,711 - INFO - Finished processing file: /projects/EEG-foundation-model/CHB-MIT/chb07/chb07_10.edf | Extracted 1440 windows | label distribution: {0: 1440}
2026-02-11 15:04:32,713 - INFO - Preprocessing parameters : 
 resample_rate=256 | bandpass=False | l_freq=0.5 | h_freq=75.0 | notch=60.0 | max_amp=300.0 | trim=0.0 | min_len_sec=0.0 | use_iir=True | normalize=True | window_size_sec=10.0 | overlap_sec=0.0 
2026-02-11 15:04:39,514 - INFO - Window shape: (23, 2560)
2026-02-11 15:04:43,133 - INFO - Finished processing file: /projects/EEG-foundation-model/CHB-MIT/chb07/chb07_17.edf | Extracted 1440 windows | label distribution: {0: 1440}
2026-02-11 15:04:43,135 - INFO - Preprocessing parameters : 
 resample_rate=256 | bandpass=False | l_freq=0.5 | h_freq=75.0 | notch=60.0 | max_amp=300.0 | trim=0.0 | min_len_sec=0.0 | use_iir=True | normalize=True | window_size_sec=10.0 | overlap_sec=0.0 
2026-02-11 15:04:49,995 - INFO - Window shape: (23, 2560)
2026-02-11 15:04:53,623 - INFO - Finished processing file: /projects/EEG-foundation-model/CHB-MIT/chb07/chb07_19.edf | Extracted 1441 windows | label distribution: {0: 1427, 1: 14}
2026-02-11 15:04:53,625 - INFO - Preprocessing parameters : 
 resample_rate=256 | bandpass=False | l_freq=0.5 | h_freq=75.0 | notch=60.0 | max_amp=300.0 | trim=0.0 | min_len_sec=0.0 | use_iir=True | normalize=True | window_size_sec=10.0 | overlap_sec=0.0 
2026-02-11 15:05:00,342 - INFO - Window shape: (23, 2560)
2026-02-11 15:05:03,939 - INFO - Finished processing file: /projects/EEG-foundation-model/CHB-MIT/chb07/chb07_08.edf | Extracted 1440 windows | label distribution: {0: 1440}
2026-02-11 15:05:03,942 - INFO - Preprocessing parameters : 
 resample_rate=256 | bandpass=False | l_freq=0.5 | h_freq=75.0 | notch=60.0 | max_amp=300.0 | trim=0.0 | min_len_sec=0.0 | use_iir=True | normalize=True | window_size_sec=10.0 | overlap_sec=0.0 
2026-02-11 15:05:06,346 - INFO - Window shape: (23, 2560)
2026-02-11 15:05:07,625 - INFO - Finished processing file: /projects/EEG-foundation-model/CHB-MIT/chb07/chb07_06.edf | Extracted 492 windows | label distribution: {0: 492}
2026-02-11 15:05:07,626 - INFO - File 581: /projects/EEG-foundation-model/CHB-MIT/chb07/chb07_06.edf | Subject ID: chb07 | Extracted 492 windows. Total windows so far: 307503
2026-02-11 15:05:07,626 - INFO - Preprocessing parameters : 
 resample_rate=256 | bandpass=False | l_freq=0.5 | h_freq=75.0 | notch=60.0 | max_amp=300.0 | trim=0.0 | min_len_sec=0.0 | use_iir=True | normalize=True | window_size_sec=10.0 | overlap_sec=0.0 
2026-02-11 15:05:14,325 - INFO - Window shape: (23, 2560)
2026-02-11 15:05:17,950 - INFO - Finished processing file: /projects/EEG-foundation-model/CHB-MIT/chb07/chb07_01.edf | Extracted 1441 windows | label distribution: {0: 1441}
2026-02-11 15:05:17,952 - INFO - Preprocessing parameters : 
 resample_rate=256 | bandpass=False | l_freq=0.5 | h_freq=75.0 | notch=60.0 | max_amp=300.0 | trim=0.0 | min_len_sec=0.0 | use_iir=True | normalize=True | window_size_sec=10.0 | overlap_sec=0.0 
2026-02-11 15:05:24,912 - INFO - Window shape: (23, 2560)
2026-02-11 15:05:28,527 - INFO - Finished processing file: /projects/EEG-foundation-model/CHB-MIT/chb07/chb07_02.edf | Extracted 1440 windows | label distribution: {0: 1440}
2026-02-11 15:05:28,529 - INFO - Preprocessing parameters : 
 resample_rate=256 | bandpass=False | l_freq=0.5 | h_freq=75.0 | notch=60.0 | max_amp=300.0 | trim=0.0 | min_len_sec=0.0 | use_iir=True | normalize=True | window_size_sec=10.0 | overlap_sec=0.0 
2026-02-11 15:05:35,329 - INFO - Window shape: (23, 2560)
2026-02-11 15:05:38,973 - INFO - Finished processing file: /projects/EEG-foundation-model/CHB-MIT/chb07/chb07_05.edf | Extracted 1440 windows | label distribution: {0: 1440}
2026-02-11 15:05:38,975 - INFO - Preprocessing parameters : 
 resample_rate=256 | bandpass=False | l_freq=0.5 | h_freq=75.0 | notch=60.0 | max_amp=300.0 | trim=0.0 | min_len_sec=0.0 | use_iir=True | normalize=True | window_size_sec=10.0 | overlap_sec=0.0 
2026-02-11 15:05:45,730 - INFO - Window shape: (23, 2560)
2026-02-11 15:05:49,367 - INFO - Finished processing file: /projects/EEG-foundation-model/CHB-MIT/chb07/chb07_14.edf | Extracted 1440 windows | label distribution: {0: 1440}
2026-02-11 15:05:49,369 - INFO - Preprocessing parameters : 
 resample_rate=256 | bandpass=False | l_freq=0.5 | h_freq=75.0 | notch=60.0 | max_amp=300.0 | trim=0.0 | min_len_sec=0.0 | use_iir=True | normalize=True | window_size_sec=10.0 | overlap_sec=0.0 
2026-02-11 15:05:51,397 - INFO - Window shape: (23, 2560)
2026-02-11 15:05:52,360 - INFO - Finished processing file: /projects/EEG-foundation-model/CHB-MIT/chb07/chb07_13.edf | Extracted 373 windows | label distribution: {0: 363, 1: 10}
2026-02-11 15:05:52,362 - INFO - Preprocessing parameters : 
 resample_rate=256 | bandpass=False | l_freq=0.5 | h_freq=75.0 | notch=60.0 | max_amp=300.0 | trim=0.0 | min_len_sec=0.0 | use_iir=True | normalize=True | window_size_sec=10.0 | overlap_sec=0.0 
2026-02-11 15:05:59,169 - INFO - Window shape: (23, 2560)
2026-02-11 15:06:02,771 - INFO - Finished processing file: /projects/EEG-foundation-model/CHB-MIT/chb07/chb07_04.edf | Extracted 1440 windows | label distribution: {0: 1440}
2026-02-11 15:06:02,773 - INFO - Preprocessing parameters : 
 resample_rate=256 | bandpass=False | l_freq=0.5 | h_freq=75.0 | notch=60.0 | max_amp=300.0 | trim=0.0 | min_len_sec=0.0 | use_iir=True | normalize=True | window_size_sec=10.0 | overlap_sec=0.0 
2026-02-11 15:06:09,787 - INFO - Window shape: (23, 2560)
2026-02-11 15:06:13,354 - INFO - Finished processing file: /projects/EEG-foundation-model/CHB-MIT/chb07/chb07_03.edf | Extracted 1440 windows | label distribution: {0: 1440}
2026-02-11 15:06:13,357 - INFO - Preprocessing parameters : 
 resample_rate=256 | bandpass=False | l_freq=0.5 | h_freq=75.0 | notch=60.0 | max_amp=300.0 | trim=0.0 | min_len_sec=0.0 | use_iir=True | normalize=True | window_size_sec=10.0 | overlap_sec=0.0 
2026-02-11 15:06:20,099 - INFO - Window shape: (23, 2560)
2026-02-11 15:06:23,724 - INFO - Finished processing file: /projects/EEG-foundation-model/CHB-MIT/chb07/chb07_12.edf | Extracted 1440 windows | label distribution: {0: 1431, 1: 9}
2026-02-11 15:06:23,726 - INFO - Preprocessing parameters : 
 resample_rate=256 | bandpass=False | l_freq=0.5 | h_freq=75.0 | notch=60.0 | max_amp=300.0 | trim=0.0 | min_len_sec=0.0 | use_iir=True | normalize=True | window_size_sec=10.0 | overlap_sec=0.0 
2026-02-11 15:06:30,559 - INFO - Window shape: (23, 2560)
2026-02-11 15:06:34,178 - INFO - Finished processing file: /projects/EEG-foundation-model/CHB-MIT/chb07/chb07_15.edf | Extracted 1440 windows | label distribution: {0: 1440}
2026-02-11 15:06:34,180 - INFO - Preprocessing parameters : 
 resample_rate=256 | bandpass=False | l_freq=0.5 | h_freq=75.0 | notch=60.0 | max_amp=300.0 | trim=0.0 | min_len_sec=0.0 | use_iir=True | normalize=True | window_size_sec=10.0 | overlap_sec=0.0 
2026-02-11 15:06:36,313 - INFO - Window shape: (28, 2560)
2026-02-11 15:06:37,418 - INFO - Finished processing file: /projects/EEG-foundation-model/CHB-MIT/chb19/chb19_22.edf | Extracted 360 windows | label distribution: {0: 360}
2026-02-11 15:06:37,420 - INFO - File 591: /projects/EEG-foundation-model/CHB-MIT/chb19/chb19_22.edf | Subject ID: chb19 | Extracted 360 windows. Total windows so far: 319757
2026-02-11 15:06:37,420 - INFO - Preprocessing parameters : 
 resample_rate=256 | bandpass=False | l_freq=0.5 | h_freq=75.0 | notch=60.0 | max_amp=300.0 | trim=0.0 | min_len_sec=0.0 | use_iir=True | normalize=True | window_size_sec=10.0 | overlap_sec=0.0 
2026-02-11 15:06:39,704 - INFO - Window shape: (28, 2560)
2026-02-11 15:06:40,809 - INFO - Finished processing file: /projects/EEG-foundation-model/CHB-MIT/chb19/chb19_25.edf | Extracted 360 windows | label distribution: {0: 360}
2026-02-11 15:06:40,810 - INFO - Preprocessing parameters : 
 resample_rate=256 | bandpass=False | l_freq=0.5 | h_freq=75.0 | notch=60.0 | max_amp=300.0 | trim=0.0 | min_len_sec=0.0 | use_iir=True | normalize=True | window_size_sec=10.0 | overlap_sec=0.0 
2026-02-11 15:06:42,948 - INFO - Window shape: (28, 2560)
2026-02-11 15:06:44,052 - INFO - Finished processing file: /projects/EEG-foundation-model/CHB-MIT/chb19/chb19_19.edf | Extracted 360 windows | label distribution: {0: 360}
2026-02-11 15:06:44,054 - INFO - Preprocessing parameters : 
 resample_rate=256 | bandpass=False | l_freq=0.5 | h_freq=75.0 | notch=60.0 | max_amp=300.0 | trim=0.0 | min_len_sec=0.0 | use_iir=True | normalize=True | window_size_sec=10.0 | overlap_sec=0.0 
2026-02-11 15:06:46,226 - INFO - Window shape: (28, 2560)
2026-02-11 15:06:47,331 - INFO - Finished processing file: /projects/EEG-foundation-model/CHB-MIT/chb19/chb19_10.edf | Extracted 360 windows | label distribution: {0: 360}
2026-02-11 15:06:47,332 - INFO - Preprocessing parameters : 
 resample_rate=256 | bandpass=False | l_freq=0.5 | h_freq=75.0 | notch=60.0 | max_amp=300.0 | trim=0.0 | min_len_sec=0.0 | use_iir=True | normalize=True | window_size_sec=10.0 | overlap_sec=0.0 
2026-02-11 15:06:49,634 - INFO - Window shape: (28, 2560)
2026-02-11 15:06:50,739 - INFO - Finished processing file: /projects/EEG-foundation-model/CHB-MIT/chb19/chb19_17.edf | Extracted 360 windows | label distribution: {0: 360}
2026-02-11 15:06:50,740 - INFO - Preprocessing parameters : 
 resample_rate=256 | bandpass=False | l_freq=0.5 | h_freq=75.0 | notch=60.0 | max_amp=300.0 | trim=0.0 | min_len_sec=0.0 | use_iir=True | normalize=True | window_size_sec=10.0 | overlap_sec=0.0 
2026-02-11 15:06:52,912 - INFO - Window shape: (28, 2560)
2026-02-11 15:06:53,997 - INFO - Finished processing file: /projects/EEG-foundation-model/CHB-MIT/chb19/chb19_06.edf | Extracted 360 windows | label distribution: {0: 360}
2026-02-11 15:06:53,999 - INFO - Preprocessing parameters : 
 resample_rate=256 | bandpass=False | l_freq=0.5 | h_freq=75.0 | notch=60.0 | max_amp=300.0 | trim=0.0 | min_len_sec=0.0 | use_iir=True | normalize=True | window_size_sec=10.0 | overlap_sec=0.0 
2026-02-11 15:06:55,791 - INFO - Window shape: (22, 2560)
2026-02-11 15:06:56,665 - INFO - Finished processing file: /projects/EEG-foundation-model/CHB-MIT/chb19/chb19_01.edf | Extracted 360 windows | label distribution: {0: 360}
2026-02-11 15:06:56,666 - INFO - Preprocessing parameters : 
 resample_rate=256 | bandpass=False | l_freq=0.5 | h_freq=75.0 | notch=60.0 | max_amp=300.0 | trim=0.0 | min_len_sec=0.0 | use_iir=True | normalize=True | window_size_sec=10.0 | overlap_sec=0.0 
2026-02-11 15:06:58,855 - INFO - Window shape: (28, 2560)
2026-02-11 15:06:59,958 - INFO - Finished processing file: /projects/EEG-foundation-model/CHB-MIT/chb19/chb19_08.edf | Extracted 360 windows | label distribution: {0: 360}
2026-02-11 15:06:59,960 - INFO - Preprocessing parameters : 
 resample_rate=256 | bandpass=False | l_freq=0.5 | h_freq=75.0 | notch=60.0 | max_amp=300.0 | trim=0.0 | min_len_sec=0.0 | use_iir=True | normalize=True | window_size_sec=10.0 | overlap_sec=0.0 
2026-02-11 15:07:02,226 - INFO - Window shape: (28, 2560)
2026-02-11 15:07:03,337 - INFO - Finished processing file: /projects/EEG-foundation-model/CHB-MIT/chb19/chb19_16.edf | Extracted 360 windows | label distribution: {0: 360}
2026-02-11 15:07:03,339 - INFO - Preprocessing parameters : 
 resample_rate=256 | bandpass=False | l_freq=0.5 | h_freq=75.0 | notch=60.0 | max_amp=300.0 | trim=0.0 | min_len_sec=0.0 | use_iir=True | normalize=True | window_size_sec=10.0 | overlap_sec=0.0 
2026-02-11 15:07:05,572 - INFO - Window shape: (28, 2560)
2026-02-11 15:07:06,680 - INFO - Finished processing file: /projects/EEG-foundation-model/CHB-MIT/chb19/chb19_11.edf | Extracted 360 windows | label distribution: {0: 360}
2026-02-11 15:07:06,681 - INFO - Preprocessing parameters : 
 resample_rate=256 | bandpass=False | l_freq=0.5 | h_freq=75.0 | notch=60.0 | max_amp=300.0 | trim=0.0 | min_len_sec=0.0 | use_iir=True | normalize=True | window_size_sec=10.0 | overlap_sec=0.0 
2026-02-11 15:07:08,795 - INFO - Window shape: (28, 2560)
2026-02-11 15:07:09,903 - INFO - Finished processing file: /projects/EEG-foundation-model/CHB-MIT/chb19/chb19_18.edf | Extracted 360 windows | label distribution: {0: 360}
2026-02-11 15:07:09,905 - INFO - File 601: /projects/EEG-foundation-model/CHB-MIT/chb19/chb19_18.edf | Subject ID: chb19 | Extracted 360 windows. Total windows so far: 323357
2026-02-11 15:07:09,905 - INFO - Preprocessing parameters : 
 resample_rate=256 | bandpass=False | l_freq=0.5 | h_freq=75.0 | notch=60.0 | max_amp=300.0 | trim=0.0 | min_len_sec=0.0 | use_iir=True | normalize=True | window_size_sec=10.0 | overlap_sec=0.0 
2026-02-11 15:07:12,094 - INFO - Window shape: (28, 2560)
2026-02-11 15:07:13,199 - INFO - Finished processing file: /projects/EEG-foundation-model/CHB-MIT/chb19/chb19_24.edf | Extracted 360 windows | label distribution: {0: 360}
2026-02-11 15:07:13,200 - INFO - Preprocessing parameters : 
 resample_rate=256 | bandpass=False | l_freq=0.5 | h_freq=75.0 | notch=60.0 | max_amp=300.0 | trim=0.0 | min_len_sec=0.0 | use_iir=True | normalize=True | window_size_sec=10.0 | overlap_sec=0.0 
2026-02-11 15:07:15,389 - INFO - Window shape: (28, 2560)
2026-02-11 15:07:16,495 - INFO - Finished processing file: /projects/EEG-foundation-model/CHB-MIT/chb19/chb19_23.edf | Extracted 360 windows | label distribution: {0: 360}
2026-02-11 15:07:16,496 - INFO - Preprocessing parameters : 
 resample_rate=256 | bandpass=False | l_freq=0.5 | h_freq=75.0 | notch=60.0 | max_amp=300.0 | trim=0.0 | min_len_sec=0.0 | use_iir=True | normalize=True | window_size_sec=10.0 | overlap_sec=0.0 
2026-02-11 15:07:18,702 - INFO - Window shape: (28, 2560)
2026-02-11 15:07:19,807 - INFO - Finished processing file: /projects/EEG-foundation-model/CHB-MIT/chb19/chb19_09.edf | Extracted 360 windows | label distribution: {0: 360}
2026-02-11 15:07:19,808 - INFO - Preprocessing parameters : 
 resample_rate=256 | bandpass=False | l_freq=0.5 | h_freq=75.0 | notch=60.0 | max_amp=300.0 | trim=0.0 | min_len_sec=0.0 | use_iir=True | normalize=True | window_size_sec=10.0 | overlap_sec=0.0 
2026-02-11 15:07:21,927 - INFO - Window shape: (28, 2560)
2026-02-11 15:07:23,033 - INFO - Finished processing file: /projects/EEG-foundation-model/CHB-MIT/chb19/chb19_07.edf | Extracted 360 windows | label distribution: {0: 360}
2026-02-11 15:07:23,035 - INFO - Preprocessing parameters : 
 resample_rate=256 | bandpass=False | l_freq=0.5 | h_freq=75.0 | notch=60.0 | max_amp=300.0 | trim=0.0 | min_len_sec=0.0 | use_iir=True | normalize=True | window_size_sec=10.0 | overlap_sec=0.0 
2026-02-11 15:07:25,211 - INFO - Window shape: (28, 2560)
2026-02-11 15:07:26,316 - INFO - Finished processing file: /projects/EEG-foundation-model/CHB-MIT/chb19/chb19_04.edf | Extracted 360 windows | label distribution: {0: 360}
2026-02-11 15:07:26,317 - INFO - Preprocessing parameters : 
 resample_rate=256 | bandpass=False | l_freq=0.5 | h_freq=75.0 | notch=60.0 | max_amp=300.0 | trim=0.0 | min_len_sec=0.0 | use_iir=True | normalize=True | window_size_sec=10.0 | overlap_sec=0.0 
2026-02-11 15:07:28,460 - INFO - Window shape: (28, 2560)
2026-02-11 15:07:29,565 - INFO - Finished processing file: /projects/EEG-foundation-model/CHB-MIT/chb19/chb19_03.edf | Extracted 360 windows | label distribution: {0: 360}
2026-02-11 15:07:29,567 - INFO - Preprocessing parameters : 
 resample_rate=256 | bandpass=False | l_freq=0.5 | h_freq=75.0 | notch=60.0 | max_amp=300.0 | trim=0.0 | min_len_sec=0.0 | use_iir=True | normalize=True | window_size_sec=10.0 | overlap_sec=0.0 
2026-02-11 15:07:31,746 - INFO - Window shape: (28, 2560)
2026-02-11 15:07:32,851 - INFO - Finished processing file: /projects/EEG-foundation-model/CHB-MIT/chb19/chb19_12.edf | Extracted 360 windows | label distribution: {0: 360}
2026-02-11 15:07:32,853 - INFO - Preprocessing parameters : 
 resample_rate=256 | bandpass=False | l_freq=0.5 | h_freq=75.0 | notch=60.0 | max_amp=300.0 | trim=0.0 | min_len_sec=0.0 | use_iir=True | normalize=True | window_size_sec=10.0 | overlap_sec=0.0 
2026-02-11 15:07:35,019 - INFO - Window shape: (28, 2560)
2026-02-11 15:07:36,124 - INFO - Finished processing file: /projects/EEG-foundation-model/CHB-MIT/chb19/chb19_15.edf | Extracted 360 windows | label distribution: {0: 360}
2026-02-11 15:07:36,126 - INFO - Preprocessing parameters : 
 resample_rate=256 | bandpass=False | l_freq=0.5 | h_freq=75.0 | notch=60.0 | max_amp=300.0 | trim=0.0 | min_len_sec=0.0 | use_iir=True | normalize=True | window_size_sec=10.0 | overlap_sec=0.0 
2026-02-11 15:07:38,309 - INFO - Window shape: (28, 2560)
2026-02-11 15:07:39,413 - INFO - Finished processing file: /projects/EEG-foundation-model/CHB-MIT/chb19/chb19_29.edf | Extracted 360 windows | label distribution: {0: 352, 1: 8}
2026-02-11 15:07:39,415 - INFO - Preprocessing parameters : 
 resample_rate=256 | bandpass=False | l_freq=0.5 | h_freq=75.0 | notch=60.0 | max_amp=300.0 | trim=0.0 | min_len_sec=0.0 | use_iir=True | normalize=True | window_size_sec=10.0 | overlap_sec=0.0 
2026-02-11 15:07:41,726 - INFO - Window shape: (28, 2560)
2026-02-11 15:07:42,832 - INFO - Finished processing file: /projects/EEG-foundation-model/CHB-MIT/chb19/chb19_20.edf | Extracted 360 windows | label distribution: {0: 360}
2026-02-11 15:07:42,833 - INFO - File 611: /projects/EEG-foundation-model/CHB-MIT/chb19/chb19_20.edf | Subject ID: chb19 | Extracted 360 windows. Total windows so far: 326957
2026-02-11 15:07:42,833 - INFO - Preprocessing parameters : 
 resample_rate=256 | bandpass=False | l_freq=0.5 | h_freq=75.0 | notch=60.0 | max_amp=300.0 | trim=0.0 | min_len_sec=0.0 | use_iir=True | normalize=True | window_size_sec=10.0 | overlap_sec=0.0 
2026-02-11 15:07:45,104 - INFO - Window shape: (28, 2560)
2026-02-11 15:07:46,211 - INFO - Finished processing file: /projects/EEG-foundation-model/CHB-MIT/chb19/chb19_27.edf | Extracted 360 windows | label distribution: {0: 360}
2026-02-11 15:07:46,212 - INFO - Preprocessing parameters : 
 resample_rate=256 | bandpass=False | l_freq=0.5 | h_freq=75.0 | notch=60.0 | max_amp=300.0 | trim=0.0 | min_len_sec=0.0 | use_iir=True | normalize=True | window_size_sec=10.0 | overlap_sec=0.0 
2026-02-11 15:07:48,483 - INFO - Window shape: (28, 2560)
2026-02-11 15:07:49,589 - INFO - Finished processing file: /projects/EEG-foundation-model/CHB-MIT/chb19/chb19_02.edf | Extracted 360 windows | label distribution: {0: 360}
2026-02-11 15:07:49,591 - INFO - Preprocessing parameters : 
 resample_rate=256 | bandpass=False | l_freq=0.5 | h_freq=75.0 | notch=60.0 | max_amp=300.0 | trim=0.0 | min_len_sec=0.0 | use_iir=True | normalize=True | window_size_sec=10.0 | overlap_sec=0.0 
2026-02-11 15:07:51,959 - INFO - Window shape: (28, 2560)
2026-02-11 15:07:53,063 - INFO - Finished processing file: /projects/EEG-foundation-model/CHB-MIT/chb19/chb19_05.edf | Extracted 360 windows | label distribution: {0: 360}
2026-02-11 15:07:53,064 - INFO - Preprocessing parameters : 
 resample_rate=256 | bandpass=False | l_freq=0.5 | h_freq=75.0 | notch=60.0 | max_amp=300.0 | trim=0.0 | min_len_sec=0.0 | use_iir=True | normalize=True | window_size_sec=10.0 | overlap_sec=0.0 
2026-02-11 15:07:55,132 - INFO - Window shape: (28, 2560)
2026-02-11 15:07:56,153 - INFO - Finished processing file: /projects/EEG-foundation-model/CHB-MIT/chb19/chb19_30.edf | Extracted 333 windows | label distribution: {0: 325, 1: 8}
2026-02-11 15:07:56,154 - INFO - Preprocessing parameters : 
 resample_rate=256 | bandpass=False | l_freq=0.5 | h_freq=75.0 | notch=60.0 | max_amp=300.0 | trim=0.0 | min_len_sec=0.0 | use_iir=True | normalize=True | window_size_sec=10.0 | overlap_sec=0.0 
2026-02-11 15:07:58,275 - INFO - Window shape: (28, 2560)
2026-02-11 15:07:59,380 - INFO - Finished processing file: /projects/EEG-foundation-model/CHB-MIT/chb19/chb19_26.edf | Extracted 360 windows | label distribution: {0: 360}
2026-02-11 15:07:59,382 - INFO - Preprocessing parameters : 
 resample_rate=256 | bandpass=False | l_freq=0.5 | h_freq=75.0 | notch=60.0 | max_amp=300.0 | trim=0.0 | min_len_sec=0.0 | use_iir=True | normalize=True | window_size_sec=10.0 | overlap_sec=0.0 
2026-02-11 15:08:01,539 - INFO - Window shape: (28, 2560)
2026-02-11 15:08:02,626 - INFO - Finished processing file: /projects/EEG-foundation-model/CHB-MIT/chb19/chb19_21.edf | Extracted 360 windows | label distribution: {0: 360}
2026-02-11 15:08:02,628 - INFO - Preprocessing parameters : 
 resample_rate=256 | bandpass=False | l_freq=0.5 | h_freq=75.0 | notch=60.0 | max_amp=300.0 | trim=0.0 | min_len_sec=0.0 | use_iir=True | normalize=True | window_size_sec=10.0 | overlap_sec=0.0 
2026-02-11 15:08:04,877 - INFO - Window shape: (28, 2560)
2026-02-11 15:08:05,984 - INFO - Finished processing file: /projects/EEG-foundation-model/CHB-MIT/chb19/chb19_28.edf | Extracted 361 windows | label distribution: {0: 353, 1: 8}
2026-02-11 15:08:05,985 - INFO - Preprocessing parameters : 
 resample_rate=256 | bandpass=False | l_freq=0.5 | h_freq=75.0 | notch=60.0 | max_amp=300.0 | trim=0.0 | min_len_sec=0.0 | use_iir=True | normalize=True | window_size_sec=10.0 | overlap_sec=0.0 
2026-02-11 15:08:08,353 - INFO - Window shape: (28, 2560)
2026-02-11 15:08:09,458 - INFO - Finished processing file: /projects/EEG-foundation-model/CHB-MIT/chb19/chb19_14.edf | Extracted 360 windows | label distribution: {0: 360}
2026-02-11 15:08:09,460 - INFO - Preprocessing parameters : 
 resample_rate=256 | bandpass=False | l_freq=0.5 | h_freq=75.0 | notch=60.0 | max_amp=300.0 | trim=0.0 | min_len_sec=0.0 | use_iir=True | normalize=True | window_size_sec=10.0 | overlap_sec=0.0 
2026-02-11 15:08:11,736 - INFO - Window shape: (28, 2560)
2026-02-11 15:08:12,847 - INFO - Finished processing file: /projects/EEG-foundation-model/CHB-MIT/chb19/chb19_13.edf | Extracted 360 windows | label distribution: {0: 360}
2026-02-11 15:08:12,849 - INFO - Preprocessing parameters : 
 resample_rate=256 | bandpass=False | l_freq=0.5 | h_freq=75.0 | notch=60.0 | max_amp=300.0 | trim=0.0 | min_len_sec=0.0 | use_iir=True | normalize=True | window_size_sec=10.0 | overlap_sec=0.0 
2026-02-11 15:08:15,068 - INFO - Window shape: (28, 2560)
2026-02-11 15:08:16,175 - INFO - Finished processing file: /projects/EEG-foundation-model/CHB-MIT/chb13/chb13_60.edf | Extracted 360 windows | label distribution: {0: 358, 1: 2}
2026-02-11 15:08:16,176 - INFO - File 621: /projects/EEG-foundation-model/CHB-MIT/chb13/chb13_60.edf | Subject ID: chb13 | Extracted 360 windows. Total windows so far: 330531
2026-02-11 15:08:16,177 - INFO - Preprocessing parameters : 
 resample_rate=256 | bandpass=False | l_freq=0.5 | h_freq=75.0 | notch=60.0 | max_amp=300.0 | trim=0.0 | min_len_sec=0.0 | use_iir=True | normalize=True | window_size_sec=10.0 | overlap_sec=0.0 
2026-02-11 15:08:17,987 - INFO - Window shape: (22, 2560)
2026-02-11 15:08:18,857 - INFO - Finished processing file: /projects/EEG-foundation-model/CHB-MIT/chb13/chb13_12.edf | Extracted 360 windows | label distribution: {0: 360}
2026-02-11 15:08:18,858 - INFO - Preprocessing parameters : 
 resample_rate=256 | bandpass=False | l_freq=0.5 | h_freq=75.0 | notch=60.0 | max_amp=300.0 | trim=0.0 | min_len_sec=0.0 | use_iir=True | normalize=True | window_size_sec=10.0 | overlap_sec=0.0 
2026-02-11 15:08:20,663 - INFO - Window shape: (22, 2560)
2026-02-11 15:08:21,535 - INFO - Finished processing file: /projects/EEG-foundation-model/CHB-MIT/chb13/chb13_15.edf | Extracted 360 windows | label distribution: {0: 360}
2026-02-11 15:08:21,536 - INFO - Preprocessing parameters : 
 resample_rate=256 | bandpass=False | l_freq=0.5 | h_freq=75.0 | notch=60.0 | max_amp=300.0 | trim=0.0 | min_len_sec=0.0 | use_iir=True | normalize=True | window_size_sec=10.0 | overlap_sec=0.0 
2026-02-11 15:08:23,767 - INFO - Window shape: (28, 2560)
2026-02-11 15:08:24,878 - INFO - Finished processing file: /projects/EEG-foundation-model/CHB-MIT/chb13/chb13_55.edf | Extracted 361 windows | label distribution: {0: 357, 1: 4}
2026-02-11 15:08:24,879 - INFO - Preprocessing parameters : 
 resample_rate=256 | bandpass=False | l_freq=0.5 | h_freq=75.0 | notch=60.0 | max_amp=300.0 | trim=0.0 | min_len_sec=0.0 | use_iir=True | normalize=True | window_size_sec=10.0 | overlap_sec=0.0 
2026-02-11 15:08:26,640 - INFO - Window shape: (22, 2560)
2026-02-11 15:08:27,526 - INFO - Finished processing file: /projects/EEG-foundation-model/CHB-MIT/chb13/chb13_38.edf | Extracted 360 windows | label distribution: {0: 360}
2026-02-11 15:08:27,528 - INFO - Preprocessing parameters : 
 resample_rate=256 | bandpass=False | l_freq=0.5 | h_freq=75.0 | notch=60.0 | max_amp=300.0 | trim=0.0 | min_len_sec=0.0 | use_iir=True | normalize=True | window_size_sec=10.0 | overlap_sec=0.0 
2026-02-11 15:08:29,425 - INFO - Window shape: (22, 2560)
2026-02-11 15:08:30,311 - INFO - Finished processing file: /projects/EEG-foundation-model/CHB-MIT/chb13/chb13_36.edf | Extracted 360 windows | label distribution: {0: 360}
2026-02-11 15:08:30,312 - INFO - Preprocessing parameters : 
 resample_rate=256 | bandpass=False | l_freq=0.5 | h_freq=75.0 | notch=60.0 | max_amp=300.0 | trim=0.0 | min_len_sec=0.0 | use_iir=True | normalize=True | window_size_sec=10.0 | overlap_sec=0.0 
2026-02-11 15:08:32,277 - INFO - Window shape: (25, 2560)
2026-02-11 15:08:33,288 - INFO - Finished processing file: /projects/EEG-foundation-model/CHB-MIT/chb13/chb13_04.edf | Extracted 360 windows | label distribution: {0: 360}
2026-02-11 15:08:33,289 - INFO - Preprocessing parameters : 
 resample_rate=256 | bandpass=False | l_freq=0.5 | h_freq=75.0 | notch=60.0 | max_amp=300.0 | trim=0.0 | min_len_sec=0.0 | use_iir=True | normalize=True | window_size_sec=10.0 | overlap_sec=0.0 
2026-02-11 15:08:35,608 - INFO - Window shape: (28, 2560)
2026-02-11 15:08:36,715 - INFO - Finished processing file: /projects/EEG-foundation-model/CHB-MIT/chb13/chb13_03.edf | Extracted 360 windows | label distribution: {0: 360}
2026-02-11 15:08:36,716 - INFO - Preprocessing parameters : 
 resample_rate=256 | bandpass=False | l_freq=0.5 | h_freq=75.0 | notch=60.0 | max_amp=300.0 | trim=0.0 | min_len_sec=0.0 | use_iir=True | normalize=True | window_size_sec=10.0 | overlap_sec=0.0 
2026-02-11 15:08:38,908 - INFO - Window shape: (28, 2560)
2026-02-11 15:08:40,016 - INFO - Finished processing file: /projects/EEG-foundation-model/CHB-MIT/chb13/chb13_21.edf | Extracted 360 windows | label distribution: {0: 353, 1: 7}
2026-02-11 15:08:40,017 - INFO - Preprocessing parameters : 
 resample_rate=256 | bandpass=False | l_freq=0.5 | h_freq=75.0 | notch=60.0 | max_amp=300.0 | trim=0.0 | min_len_sec=0.0 | use_iir=True | normalize=True | window_size_sec=10.0 | overlap_sec=0.0 
2026-02-11 15:08:41,815 - INFO - Window shape: (22, 2560)
2026-02-11 15:08:42,686 - INFO - Finished processing file: /projects/EEG-foundation-model/CHB-MIT/chb13/chb13_14.edf | Extracted 360 windows | label distribution: {0: 360}
2026-02-11 15:08:42,687 - INFO - Preprocessing parameters : 
 resample_rate=256 | bandpass=False | l_freq=0.5 | h_freq=75.0 | notch=60.0 | max_amp=300.0 | trim=0.0 | min_len_sec=0.0 | use_iir=True | normalize=True | window_size_sec=10.0 | overlap_sec=0.0 
2026-02-11 15:08:44,519 - INFO - Window shape: (22, 2560)
2026-02-11 15:08:45,388 - INFO - Finished processing file: /projects/EEG-foundation-model/CHB-MIT/chb13/chb13_13.edf | Extracted 360 windows | label distribution: {0: 360}
2026-02-11 15:08:45,389 - INFO - File 631: /projects/EEG-foundation-model/CHB-MIT/chb13/chb13_13.edf | Subject ID: chb13 | Extracted 360 windows. Total windows so far: 334132
2026-02-11 15:08:45,390 - INFO - Preprocessing parameters : 
 resample_rate=256 | bandpass=False | l_freq=0.5 | h_freq=75.0 | notch=60.0 | max_amp=300.0 | trim=0.0 | min_len_sec=0.0 | use_iir=True | normalize=True | window_size_sec=10.0 | overlap_sec=0.0 
2026-02-11 15:08:47,597 - INFO - Window shape: (28, 2560)
2026-02-11 15:08:48,709 - INFO - Finished processing file: /projects/EEG-foundation-model/CHB-MIT/chb13/chb13_02.edf | Extracted 360 windows | label distribution: {0: 360}
2026-02-11 15:08:48,710 - INFO - Preprocessing parameters : 
 resample_rate=256 | bandpass=False | l_freq=0.5 | h_freq=75.0 | notch=60.0 | max_amp=300.0 | trim=0.0 | min_len_sec=0.0 | use_iir=True | normalize=True | window_size_sec=10.0 | overlap_sec=0.0 
2026-02-11 15:08:50,496 - INFO - Window shape: (22, 2560)
2026-02-11 15:08:51,366 - INFO - Finished processing file: /projects/EEG-foundation-model/CHB-MIT/chb13/chb13_05.edf | Extracted 360 windows | label distribution: {0: 360}
2026-02-11 15:08:51,367 - INFO - Preprocessing parameters : 
 resample_rate=256 | bandpass=False | l_freq=0.5 | h_freq=75.0 | notch=60.0 | max_amp=300.0 | trim=0.0 | min_len_sec=0.0 | use_iir=True | normalize=True | window_size_sec=10.0 | overlap_sec=0.0 
2026-02-11 15:08:53,109 - INFO - Window shape: (22, 2560)
2026-02-11 15:08:53,977 - INFO - Finished processing file: /projects/EEG-foundation-model/CHB-MIT/chb13/chb13_30.edf | Extracted 360 windows | label distribution: {0: 360}
2026-02-11 15:08:53,979 - INFO - Preprocessing parameters : 
 resample_rate=256 | bandpass=False | l_freq=0.5 | h_freq=75.0 | notch=60.0 | max_amp=300.0 | trim=0.0 | min_len_sec=0.0 | use_iir=True | normalize=True | window_size_sec=10.0 | overlap_sec=0.0 
2026-02-11 15:08:55,774 - INFO - Window shape: (22, 2560)
2026-02-11 15:08:56,646 - INFO - Finished processing file: /projects/EEG-foundation-model/CHB-MIT/chb13/chb13_37.edf | Extracted 360 windows | label distribution: {0: 360}
2026-02-11 15:08:56,647 - INFO - Preprocessing parameters : 
 resample_rate=256 | bandpass=False | l_freq=0.5 | h_freq=75.0 | notch=60.0 | max_amp=300.0 | trim=0.0 | min_len_sec=0.0 | use_iir=True | normalize=True | window_size_sec=10.0 | overlap_sec=0.0 
2026-02-11 15:08:58,450 - INFO - Window shape: (22, 2560)
2026-02-11 15:08:59,321 - INFO - Finished processing file: /projects/EEG-foundation-model/CHB-MIT/chb13/chb13_39.edf | Extracted 360 windows | label distribution: {0: 360}
2026-02-11 15:08:59,322 - INFO - Preprocessing parameters : 
 resample_rate=256 | bandpass=False | l_freq=0.5 | h_freq=75.0 | notch=60.0 | max_amp=300.0 | trim=0.0 | min_len_sec=0.0 | use_iir=True | normalize=True | window_size_sec=10.0 | overlap_sec=0.0 
2026-02-11 15:09:01,048 - INFO - Window shape: (22, 2560)
2026-02-11 15:09:01,916 - INFO - Finished processing file: /projects/EEG-foundation-model/CHB-MIT/chb13/chb13_08.edf | Extracted 360 windows | label distribution: {0: 360}
2026-02-11 15:09:01,918 - INFO - Preprocessing parameters : 
 resample_rate=256 | bandpass=False | l_freq=0.5 | h_freq=75.0 | notch=60.0 | max_amp=300.0 | trim=0.0 | min_len_sec=0.0 | use_iir=True | normalize=True | window_size_sec=10.0 | overlap_sec=0.0 
2026-02-11 15:09:03,848 - INFO - Window shape: (22, 2560)
2026-02-11 15:09:04,719 - INFO - Finished processing file: /projects/EEG-foundation-model/CHB-MIT/chb13/chb13_06.edf | Extracted 360 windows | label distribution: {0: 360}
2026-02-11 15:09:04,720 - INFO - Preprocessing parameters : 
 resample_rate=256 | bandpass=False | l_freq=0.5 | h_freq=75.0 | notch=60.0 | max_amp=300.0 | trim=0.0 | min_len_sec=0.0 | use_iir=True | normalize=True | window_size_sec=10.0 | overlap_sec=0.0 
2026-02-11 15:09:06,843 - INFO - Window shape: (28, 2560)
2026-02-11 15:09:07,949 - INFO - Finished processing file: /projects/EEG-foundation-model/CHB-MIT/chb13/chb13_22.edf | Extracted 360 windows | label distribution: {0: 360}
2026-02-11 15:09:07,951 - INFO - Preprocessing parameters : 
 resample_rate=256 | bandpass=False | l_freq=0.5 | h_freq=75.0 | notch=60.0 | max_amp=300.0 | trim=0.0 | min_len_sec=0.0 | use_iir=True | normalize=True | window_size_sec=10.0 | overlap_sec=0.0 
2026-02-11 15:09:10,295 - INFO - Window shape: (28, 2560)
2026-02-11 15:09:11,404 - INFO - Finished processing file: /projects/EEG-foundation-model/CHB-MIT/chb13/chb13_59.edf | Extracted 360 windows | label distribution: {0: 354, 1: 6}
2026-02-11 15:09:11,406 - INFO - Preprocessing parameters : 
 resample_rate=256 | bandpass=False | l_freq=0.5 | h_freq=75.0 | notch=60.0 | max_amp=300.0 | trim=0.0 | min_len_sec=0.0 | use_iir=True | normalize=True | window_size_sec=10.0 | overlap_sec=0.0 
2026-02-11 15:09:13,332 - INFO - Window shape: (22, 2560)
2026-02-11 15:09:14,203 - INFO - Finished processing file: /projects/EEG-foundation-model/CHB-MIT/chb13/chb13_10.edf | Extracted 360 windows | label distribution: {0: 360}
2026-02-11 15:09:14,204 - INFO - File 641: /projects/EEG-foundation-model/CHB-MIT/chb13/chb13_10.edf | Subject ID: chb13 | Extracted 360 windows. Total windows so far: 337732
2026-02-11 15:09:14,205 - INFO - Preprocessing parameters : 
 resample_rate=256 | bandpass=False | l_freq=0.5 | h_freq=75.0 | notch=60.0 | max_amp=300.0 | trim=0.0 | min_len_sec=0.0 | use_iir=True | normalize=True | window_size_sec=10.0 | overlap_sec=0.0 
2026-02-11 15:09:16,380 - INFO - Window shape: (28, 2560)
2026-02-11 15:09:17,487 - INFO - Finished processing file: /projects/EEG-foundation-model/CHB-MIT/chb13/chb13_19.edf | Extracted 360 windows | label distribution: {0: 356, 1: 4}
2026-02-11 15:09:17,489 - INFO - Preprocessing parameters : 
 resample_rate=256 | bandpass=False | l_freq=0.5 | h_freq=75.0 | notch=60.0 | max_amp=300.0 | trim=0.0 | min_len_sec=0.0 | use_iir=True | normalize=True | window_size_sec=10.0 | overlap_sec=0.0 
2026-02-11 15:09:19,715 - INFO - Window shape: (28, 2560)
2026-02-11 15:09:20,826 - INFO - Finished processing file: /projects/EEG-foundation-model/CHB-MIT/chb13/chb13_62.edf | Extracted 361 windows | label distribution: {0: 341, 1: 20}
2026-02-11 15:09:20,827 - INFO - Preprocessing parameters : 
 resample_rate=256 | bandpass=False | l_freq=0.5 | h_freq=75.0 | notch=60.0 | max_amp=300.0 | trim=0.0 | min_len_sec=0.0 | use_iir=True | normalize=True | window_size_sec=10.0 | overlap_sec=0.0 
2026-02-11 15:09:22,545 - INFO - Window shape: (22, 2560)
2026-02-11 15:09:23,413 - INFO - Finished processing file: /projects/EEG-foundation-model/CHB-MIT/chb13/chb13_47.edf | Extracted 360 windows | label distribution: {0: 360}
2026-02-11 15:09:23,414 - INFO - Preprocessing parameters : 
 resample_rate=256 | bandpass=False | l_freq=0.5 | h_freq=75.0 | notch=60.0 | max_amp=300.0 | trim=0.0 | min_len_sec=0.0 | use_iir=True | normalize=True | window_size_sec=10.0 | overlap_sec=0.0 
2026-02-11 15:09:25,166 - INFO - Window shape: (22, 2560)
2026-02-11 15:09:26,035 - INFO - Finished processing file: /projects/EEG-foundation-model/CHB-MIT/chb13/chb13_40.edf | Extracted 360 windows | label distribution: {0: 351, 1: 9}
2026-02-11 15:09:26,036 - INFO - Preprocessing parameters : 
 resample_rate=256 | bandpass=False | l_freq=0.5 | h_freq=75.0 | notch=60.0 | max_amp=300.0 | trim=0.0 | min_len_sec=0.0 | use_iir=True | normalize=True | window_size_sec=10.0 | overlap_sec=0.0 
2026-02-11 15:09:27,763 - INFO - Window shape: (22, 2560)
2026-02-11 15:09:28,636 - INFO - Finished processing file: /projects/EEG-foundation-model/CHB-MIT/chb13/chb13_07.edf | Extracted 360 windows | label distribution: {0: 360}
2026-02-11 15:09:28,637 - INFO - Preprocessing parameters : 
 resample_rate=256 | bandpass=False | l_freq=0.5 | h_freq=75.0 | notch=60.0 | max_amp=300.0 | trim=0.0 | min_len_sec=0.0 | use_iir=True | normalize=True | window_size_sec=10.0 | overlap_sec=0.0 
2026-02-11 15:09:30,468 - INFO - Window shape: (22, 2560)
2026-02-11 15:09:31,337 - INFO - Finished processing file: /projects/EEG-foundation-model/CHB-MIT/chb13/chb13_09.edf | Extracted 360 windows | label distribution: {0: 360}
2026-02-11 15:09:31,338 - INFO - Preprocessing parameters : 
 resample_rate=256 | bandpass=False | l_freq=0.5 | h_freq=75.0 | notch=60.0 | max_amp=300.0 | trim=0.0 | min_len_sec=0.0 | use_iir=True | normalize=True | window_size_sec=10.0 | overlap_sec=0.0 
2026-02-11 15:09:33,073 - INFO - Window shape: (22, 2560)
2026-02-11 15:09:33,942 - INFO - Finished processing file: /projects/EEG-foundation-model/CHB-MIT/chb13/chb13_18.edf | Extracted 360 windows | label distribution: {0: 360}
2026-02-11 15:09:33,943 - INFO - Preprocessing parameters : 
 resample_rate=256 | bandpass=False | l_freq=0.5 | h_freq=75.0 | notch=60.0 | max_amp=300.0 | trim=0.0 | min_len_sec=0.0 | use_iir=True | normalize=True | window_size_sec=10.0 | overlap_sec=0.0 
2026-02-11 15:09:35,669 - INFO - Window shape: (22, 2560)
2026-02-11 15:09:36,538 - INFO - Finished processing file: /projects/EEG-foundation-model/CHB-MIT/chb13/chb13_16.edf | Extracted 360 windows | label distribution: {0: 360}
2026-02-11 15:09:36,539 - INFO - Preprocessing parameters : 
 resample_rate=256 | bandpass=False | l_freq=0.5 | h_freq=75.0 | notch=60.0 | max_amp=300.0 | trim=0.0 | min_len_sec=0.0 | use_iir=True | normalize=True | window_size_sec=10.0 | overlap_sec=0.0 
2026-02-11 15:09:38,265 - INFO - Window shape: (22, 2560)
2026-02-11 15:09:39,138 - INFO - Finished processing file: /projects/EEG-foundation-model/CHB-MIT/chb13/chb13_11.edf | Extracted 360 windows | label distribution: {0: 360}
2026-02-11 15:09:39,139 - INFO - Preprocessing parameters : 
 resample_rate=256 | bandpass=False | l_freq=0.5 | h_freq=75.0 | notch=60.0 | max_amp=300.0 | trim=0.0 | min_len_sec=0.0 | use_iir=True | normalize=True | window_size_sec=10.0 | overlap_sec=0.0 
2026-02-11 15:09:41,338 - INFO - Window shape: (28, 2560)
2026-02-11 15:09:42,444 - INFO - Finished processing file: /projects/EEG-foundation-model/CHB-MIT/chb13/chb13_58.edf | Extracted 360 windows | label distribution: {0: 358, 1: 2}
2026-02-11 15:09:42,445 - INFO - File 651: /projects/EEG-foundation-model/CHB-MIT/chb13/chb13_58.edf | Subject ID: chb13 | Extracted 360 windows. Total windows so far: 341333
2026-02-11 15:09:42,446 - INFO - Preprocessing parameters : 
 resample_rate=256 | bandpass=False | l_freq=0.5 | h_freq=75.0 | notch=60.0 | max_amp=300.0 | trim=0.0 | min_len_sec=0.0 | use_iir=True | normalize=True | window_size_sec=10.0 | overlap_sec=0.0 
2026-02-11 15:09:44,188 - INFO - Window shape: (22, 2560)
2026-02-11 15:09:45,058 - INFO - Finished processing file: /projects/EEG-foundation-model/CHB-MIT/chb13/chb13_24.edf | Extracted 360 windows | label distribution: {0: 360}
2026-02-11 15:09:45,059 - INFO - Preprocessing parameters : 
 resample_rate=256 | bandpass=False | l_freq=0.5 | h_freq=75.0 | notch=60.0 | max_amp=300.0 | trim=0.0 | min_len_sec=0.0 | use_iir=True | normalize=True | window_size_sec=10.0 | overlap_sec=0.0 
2026-02-11 15:09:47,254 - INFO - Window shape: (28, 2560)
2026-02-11 15:09:48,361 - INFO - Finished processing file: /projects/EEG-foundation-model/CHB-MIT/chb13/chb13_56.edf | Extracted 360 windows | label distribution: {0: 360}
2026-02-11 15:09:48,363 - INFO - Preprocessing parameters : 
 resample_rate=256 | bandpass=False | l_freq=0.5 | h_freq=75.0 | notch=60.0 | max_amp=300.0 | trim=0.0 | min_len_sec=0.0 | use_iir=True | normalize=True | window_size_sec=10.0 | overlap_sec=0.0 
2026-02-11 15:09:50,665 - INFO - Window shape: (28, 2560)
2026-02-11 15:09:51,795 - INFO - Finished processing file: /projects/EEG-foundation-model/CHB-MIT/chb21/chb21_31.edf | Extracted 360 windows | label distribution: {0: 360}
2026-02-11 15:09:51,797 - INFO - Preprocessing parameters : 
 resample_rate=256 | bandpass=False | l_freq=0.5 | h_freq=75.0 | notch=60.0 | max_amp=300.0 | trim=0.0 | min_len_sec=0.0 | use_iir=True | normalize=True | window_size_sec=10.0 | overlap_sec=0.0 
2026-02-11 15:09:54,036 - INFO - Window shape: (28, 2560)
2026-02-11 15:09:55,143 - INFO - Finished processing file: /projects/EEG-foundation-model/CHB-MIT/chb21/chb21_04.edf | Extracted 360 windows | label distribution: {0: 360}
2026-02-11 15:09:55,145 - INFO - Preprocessing parameters : 
 resample_rate=256 | bandpass=False | l_freq=0.5 | h_freq=75.0 | notch=60.0 | max_amp=300.0 | trim=0.0 | min_len_sec=0.0 | use_iir=True | normalize=True | window_size_sec=10.0 | overlap_sec=0.0 
2026-02-11 15:09:57,283 - INFO - Window shape: (28, 2560)
2026-02-11 15:09:58,391 - INFO - Finished processing file: /projects/EEG-foundation-model/CHB-MIT/chb21/chb21_03.edf | Extracted 360 windows | label distribution: {0: 360}
2026-02-11 15:09:58,393 - INFO - Preprocessing parameters : 
 resample_rate=256 | bandpass=False | l_freq=0.5 | h_freq=75.0 | notch=60.0 | max_amp=300.0 | trim=0.0 | min_len_sec=0.0 | use_iir=True | normalize=True | window_size_sec=10.0 | overlap_sec=0.0 
2026-02-11 15:10:00,679 - INFO - Window shape: (28, 2560)
2026-02-11 15:10:01,786 - INFO - Finished processing file: /projects/EEG-foundation-model/CHB-MIT/chb21/chb21_12.edf | Extracted 360 windows | label distribution: {0: 360}
2026-02-11 15:10:01,787 - INFO - Preprocessing parameters : 
 resample_rate=256 | bandpass=False | l_freq=0.5 | h_freq=75.0 | notch=60.0 | max_amp=300.0 | trim=0.0 | min_len_sec=0.0 | use_iir=True | normalize=True | window_size_sec=10.0 | overlap_sec=0.0 
2026-02-11 15:10:03,939 - INFO - Window shape: (28, 2560)
2026-02-11 15:10:05,045 - INFO - Finished processing file: /projects/EEG-foundation-model/CHB-MIT/chb21/chb21_15.edf | Extracted 360 windows | label distribution: {0: 360}
2026-02-11 15:10:05,047 - INFO - Preprocessing parameters : 
 resample_rate=256 | bandpass=False | l_freq=0.5 | h_freq=75.0 | notch=60.0 | max_amp=300.0 | trim=0.0 | min_len_sec=0.0 | use_iir=True | normalize=True | window_size_sec=10.0 | overlap_sec=0.0 
2026-02-11 15:10:07,230 - INFO - Window shape: (28, 2560)
2026-02-11 15:10:08,337 - INFO - Finished processing file: /projects/EEG-foundation-model/CHB-MIT/chb21/chb21_29.edf | Extracted 360 windows | label distribution: {0: 360}
2026-02-11 15:10:08,339 - INFO - Preprocessing parameters : 
 resample_rate=256 | bandpass=False | l_freq=0.5 | h_freq=75.0 | notch=60.0 | max_amp=300.0 | trim=0.0 | min_len_sec=0.0 | use_iir=True | normalize=True | window_size_sec=10.0 | overlap_sec=0.0 
2026-02-11 15:10:10,141 - INFO - Window shape: (28, 2560)
2026-02-11 15:10:11,057 - INFO - Finished processing file: /projects/EEG-foundation-model/CHB-MIT/chb21/chb21_20.edf | Extracted 299 windows | label distribution: {0: 294, 1: 5}
2026-02-11 15:10:11,058 - INFO - Preprocessing parameters : 
 resample_rate=256 | bandpass=False | l_freq=0.5 | h_freq=75.0 | notch=60.0 | max_amp=300.0 | trim=0.0 | min_len_sec=0.0 | use_iir=True | normalize=True | window_size_sec=10.0 | overlap_sec=0.0 
2026-02-11 15:10:13,236 - INFO - Window shape: (28, 2560)
2026-02-11 15:10:14,343 - INFO - Finished processing file: /projects/EEG-foundation-model/CHB-MIT/chb21/chb21_27.edf | Extracted 360 windows | label distribution: {0: 360}
2026-02-11 15:10:14,344 - INFO - File 661: /projects/EEG-foundation-model/CHB-MIT/chb21/chb21_27.edf | Subject ID: chb21 | Extracted 360 windows. Total windows so far: 344872
2026-02-11 15:10:14,345 - INFO - Preprocessing parameters : 
 resample_rate=256 | bandpass=False | l_freq=0.5 | h_freq=75.0 | notch=60.0 | max_amp=300.0 | trim=0.0 | min_len_sec=0.0 | use_iir=True | normalize=True | window_size_sec=10.0 | overlap_sec=0.0 
2026-02-11 15:10:16,511 - INFO - Window shape: (28, 2560)
2026-02-11 15:10:17,618 - INFO - Finished processing file: /projects/EEG-foundation-model/CHB-MIT/chb21/chb21_02.edf | Extracted 360 windows | label distribution: {0: 360}
2026-02-11 15:10:17,619 - INFO - Preprocessing parameters : 
 resample_rate=256 | bandpass=False | l_freq=0.5 | h_freq=75.0 | notch=60.0 | max_amp=300.0 | trim=0.0 | min_len_sec=0.0 | use_iir=True | normalize=True | window_size_sec=10.0 | overlap_sec=0.0 
2026-02-11 15:10:19,771 - INFO - Window shape: (28, 2560)
2026-02-11 15:10:20,878 - INFO - Finished processing file: /projects/EEG-foundation-model/CHB-MIT/chb21/chb21_05.edf | Extracted 360 windows | label distribution: {0: 360}
2026-02-11 15:10:20,879 - INFO - Preprocessing parameters : 
 resample_rate=256 | bandpass=False | l_freq=0.5 | h_freq=75.0 | notch=60.0 | max_amp=300.0 | trim=0.0 | min_len_sec=0.0 | use_iir=True | normalize=True | window_size_sec=10.0 | overlap_sec=0.0 
2026-02-11 15:10:23,134 - INFO - Window shape: (28, 2560)
2026-02-11 15:10:24,241 - INFO - Finished processing file: /projects/EEG-foundation-model/CHB-MIT/chb21/chb21_30.edf | Extracted 360 windows | label distribution: {0: 360}
2026-02-11 15:10:24,242 - INFO - Preprocessing parameters : 
 resample_rate=256 | bandpass=False | l_freq=0.5 | h_freq=75.0 | notch=60.0 | max_amp=300.0 | trim=0.0 | min_len_sec=0.0 | use_iir=True | normalize=True | window_size_sec=10.0 | overlap_sec=0.0 
2026-02-11 15:10:26,362 - INFO - Window shape: (28, 2560)
2026-02-11 15:10:27,465 - INFO - Finished processing file: /projects/EEG-foundation-model/CHB-MIT/chb21/chb21_26.edf | Extracted 360 windows | label distribution: {0: 360}
2026-02-11 15:10:27,467 - INFO - Preprocessing parameters : 
 resample_rate=256 | bandpass=False | l_freq=0.5 | h_freq=75.0 | notch=60.0 | max_amp=300.0 | trim=0.0 | min_len_sec=0.0 | use_iir=True | normalize=True | window_size_sec=10.0 | overlap_sec=0.0 
2026-02-11 15:10:29,720 - INFO - Window shape: (28, 2560)
2026-02-11 15:10:30,828 - INFO - Finished processing file: /projects/EEG-foundation-model/CHB-MIT/chb21/chb21_21.edf | Extracted 360 windows | label distribution: {0: 352, 1: 8}
2026-02-11 15:10:30,830 - INFO - Preprocessing parameters : 
 resample_rate=256 | bandpass=False | l_freq=0.5 | h_freq=75.0 | notch=60.0 | max_amp=300.0 | trim=0.0 | min_len_sec=0.0 | use_iir=True | normalize=True | window_size_sec=10.0 | overlap_sec=0.0 
2026-02-11 15:10:33,043 - INFO - Window shape: (28, 2560)
2026-02-11 15:10:34,148 - INFO - Finished processing file: /projects/EEG-foundation-model/CHB-MIT/chb21/chb21_28.edf | Extracted 360 windows | label distribution: {0: 360}
2026-02-11 15:10:34,150 - INFO - Preprocessing parameters : 
 resample_rate=256 | bandpass=False | l_freq=0.5 | h_freq=75.0 | notch=60.0 | max_amp=300.0 | trim=0.0 | min_len_sec=0.0 | use_iir=True | normalize=True | window_size_sec=10.0 | overlap_sec=0.0 
2026-02-11 15:10:36,369 - INFO - Window shape: (28, 2560)
2026-02-11 15:10:37,475 - INFO - Finished processing file: /projects/EEG-foundation-model/CHB-MIT/chb21/chb21_14.edf | Extracted 360 windows | label distribution: {0: 360}
2026-02-11 15:10:37,476 - INFO - Preprocessing parameters : 
 resample_rate=256 | bandpass=False | l_freq=0.5 | h_freq=75.0 | notch=60.0 | max_amp=300.0 | trim=0.0 | min_len_sec=0.0 | use_iir=True | normalize=True | window_size_sec=10.0 | overlap_sec=0.0 
2026-02-11 15:10:39,756 - INFO - Window shape: (28, 2560)
2026-02-11 15:10:40,863 - INFO - Finished processing file: /projects/EEG-foundation-model/CHB-MIT/chb21/chb21_13.edf | Extracted 360 windows | label distribution: {0: 360}
2026-02-11 15:10:40,864 - INFO - Preprocessing parameters : 
 resample_rate=256 | bandpass=False | l_freq=0.5 | h_freq=75.0 | notch=60.0 | max_amp=300.0 | trim=0.0 | min_len_sec=0.0 | use_iir=True | normalize=True | window_size_sec=10.0 | overlap_sec=0.0 
2026-02-11 15:10:43,158 - INFO - Window shape: (28, 2560)
2026-02-11 15:10:44,262 - INFO - Finished processing file: /projects/EEG-foundation-model/CHB-MIT/chb21/chb21_22.edf | Extracted 359 windows | label distribution: {0: 358, 1: 1}
2026-02-11 15:10:44,263 - INFO - Preprocessing parameters : 
 resample_rate=256 | bandpass=False | l_freq=0.5 | h_freq=75.0 | notch=60.0 | max_amp=300.0 | trim=0.0 | min_len_sec=0.0 | use_iir=True | normalize=True | window_size_sec=10.0 | overlap_sec=0.0 
2026-02-11 15:10:46,397 - INFO - Window shape: (28, 2560)
2026-02-11 15:10:47,478 - INFO - Finished processing file: /projects/EEG-foundation-model/CHB-MIT/chb21/chb21_25.edf | Extracted 360 windows | label distribution: {0: 360}
2026-02-11 15:10:47,479 - INFO - File 671: /projects/EEG-foundation-model/CHB-MIT/chb21/chb21_25.edf | Subject ID: chb21 | Extracted 360 windows. Total windows so far: 348471
2026-02-11 15:10:47,480 - INFO - Preprocessing parameters : 
 resample_rate=256 | bandpass=False | l_freq=0.5 | h_freq=75.0 | notch=60.0 | max_amp=300.0 | trim=0.0 | min_len_sec=0.0 | use_iir=True | normalize=True | window_size_sec=10.0 | overlap_sec=0.0 
2026-02-11 15:10:49,738 - INFO - Window shape: (28, 2560)
2026-02-11 15:10:50,848 - INFO - Finished processing file: /projects/EEG-foundation-model/CHB-MIT/chb21/chb21_19.edf | Extracted 361 windows | label distribution: {0: 355, 1: 6}
2026-02-11 15:10:50,850 - INFO - Preprocessing parameters : 
 resample_rate=256 | bandpass=False | l_freq=0.5 | h_freq=75.0 | notch=60.0 | max_amp=300.0 | trim=0.0 | min_len_sec=0.0 | use_iir=True | normalize=True | window_size_sec=10.0 | overlap_sec=0.0 
2026-02-11 15:10:53,024 - INFO - Window shape: (28, 2560)
2026-02-11 15:10:54,133 - INFO - Finished processing file: /projects/EEG-foundation-model/CHB-MIT/chb21/chb21_10.edf | Extracted 360 windows | label distribution: {0: 360}
2026-02-11 15:10:54,134 - INFO - Preprocessing parameters : 
 resample_rate=256 | bandpass=False | l_freq=0.5 | h_freq=75.0 | notch=60.0 | max_amp=300.0 | trim=0.0 | min_len_sec=0.0 | use_iir=True | normalize=True | window_size_sec=10.0 | overlap_sec=0.0 
2026-02-11 15:10:56,259 - INFO - Window shape: (28, 2560)
2026-02-11 15:10:57,364 - INFO - Finished processing file: /projects/EEG-foundation-model/CHB-MIT/chb21/chb21_17.edf | Extracted 360 windows | label distribution: {0: 360}
2026-02-11 15:10:57,366 - INFO - Preprocessing parameters : 
 resample_rate=256 | bandpass=False | l_freq=0.5 | h_freq=75.0 | notch=60.0 | max_amp=300.0 | trim=0.0 | min_len_sec=0.0 | use_iir=True | normalize=True | window_size_sec=10.0 | overlap_sec=0.0 
2026-02-11 15:10:59,566 - INFO - Window shape: (28, 2560)
2026-02-11 15:11:00,671 - INFO - Finished processing file: /projects/EEG-foundation-model/CHB-MIT/chb21/chb21_06.edf | Extracted 360 windows | label distribution: {0: 360}
2026-02-11 15:11:00,672 - INFO - Preprocessing parameters : 
 resample_rate=256 | bandpass=False | l_freq=0.5 | h_freq=75.0 | notch=60.0 | max_amp=300.0 | trim=0.0 | min_len_sec=0.0 | use_iir=True | normalize=True | window_size_sec=10.0 | overlap_sec=0.0 
2026-02-11 15:11:02,801 - INFO - Window shape: (28, 2560)
2026-02-11 15:11:03,909 - INFO - Finished processing file: /projects/EEG-foundation-model/CHB-MIT/chb21/chb21_01.edf | Extracted 360 windows | label distribution: {0: 360}
2026-02-11 15:11:03,911 - INFO - Preprocessing parameters : 
 resample_rate=256 | bandpass=False | l_freq=0.5 | h_freq=75.0 | notch=60.0 | max_amp=300.0 | trim=0.0 | min_len_sec=0.0 | use_iir=True | normalize=True | window_size_sec=10.0 | overlap_sec=0.0 
2026-02-11 15:11:06,154 - INFO - Window shape: (28, 2560)
2026-02-11 15:11:07,259 - INFO - Finished processing file: /projects/EEG-foundation-model/CHB-MIT/chb21/chb21_08.edf | Extracted 360 windows | label distribution: {0: 360}
2026-02-11 15:11:07,261 - INFO - Preprocessing parameters : 
 resample_rate=256 | bandpass=False | l_freq=0.5 | h_freq=75.0 | notch=60.0 | max_amp=300.0 | trim=0.0 | min_len_sec=0.0 | use_iir=True | normalize=True | window_size_sec=10.0 | overlap_sec=0.0 
2026-02-11 15:11:09,398 - INFO - Window shape: (28, 2560)
2026-02-11 15:11:10,502 - INFO - Finished processing file: /projects/EEG-foundation-model/CHB-MIT/chb21/chb21_33.edf | Extracted 360 windows | label distribution: {0: 360}
2026-02-11 15:11:10,504 - INFO - Preprocessing parameters : 
 resample_rate=256 | bandpass=False | l_freq=0.5 | h_freq=75.0 | notch=60.0 | max_amp=300.0 | trim=0.0 | min_len_sec=0.0 | use_iir=True | normalize=True | window_size_sec=10.0 | overlap_sec=0.0 
2026-02-11 15:11:12,693 - INFO - Window shape: (28, 2560)
2026-02-11 15:11:13,807 - INFO - Finished processing file: /projects/EEG-foundation-model/CHB-MIT/chb21/chb21_16.edf | Extracted 360 windows | label distribution: {0: 360}
2026-02-11 15:11:13,809 - INFO - Preprocessing parameters : 
 resample_rate=256 | bandpass=False | l_freq=0.5 | h_freq=75.0 | notch=60.0 | max_amp=300.0 | trim=0.0 | min_len_sec=0.0 | use_iir=True | normalize=True | window_size_sec=10.0 | overlap_sec=0.0 
2026-02-11 15:11:16,110 - INFO - Window shape: (28, 2560)
2026-02-11 15:11:17,224 - INFO - Finished processing file: /projects/EEG-foundation-model/CHB-MIT/chb21/chb21_11.edf | Extracted 360 windows | label distribution: {0: 360}
2026-02-11 15:11:17,225 - INFO - Preprocessing parameters : 
 resample_rate=256 | bandpass=False | l_freq=0.5 | h_freq=75.0 | notch=60.0 | max_amp=300.0 | trim=0.0 | min_len_sec=0.0 | use_iir=True | normalize=True | window_size_sec=10.0 | overlap_sec=0.0 
2026-02-11 15:11:19,401 - INFO - Window shape: (28, 2560)
2026-02-11 15:11:20,508 - INFO - Finished processing file: /projects/EEG-foundation-model/CHB-MIT/chb21/chb21_18.edf | Extracted 360 windows | label distribution: {0: 360}
2026-02-11 15:11:20,509 - INFO - File 681: /projects/EEG-foundation-model/CHB-MIT/chb21/chb21_18.edf | Subject ID: chb21 | Extracted 360 windows. Total windows so far: 352072
2026-02-11 15:11:20,509 - INFO - Preprocessing parameters : 
 resample_rate=256 | bandpass=False | l_freq=0.5 | h_freq=75.0 | notch=60.0 | max_amp=300.0 | trim=0.0 | min_len_sec=0.0 | use_iir=True | normalize=True | window_size_sec=10.0 | overlap_sec=0.0 
2026-02-11 15:11:22,695 - INFO - Window shape: (28, 2560)
2026-02-11 15:11:23,802 - INFO - Finished processing file: /projects/EEG-foundation-model/CHB-MIT/chb21/chb21_24.edf | Extracted 360 windows | label distribution: {0: 360}
2026-02-11 15:11:23,803 - INFO - Preprocessing parameters : 
 resample_rate=256 | bandpass=False | l_freq=0.5 | h_freq=75.0 | notch=60.0 | max_amp=300.0 | trim=0.0 | min_len_sec=0.0 | use_iir=True | normalize=True | window_size_sec=10.0 | overlap_sec=0.0 
2026-02-11 15:11:25,945 - INFO - Window shape: (28, 2560)
2026-02-11 15:11:27,051 - INFO - Finished processing file: /projects/EEG-foundation-model/CHB-MIT/chb21/chb21_23.edf | Extracted 360 windows | label distribution: {0: 360}
2026-02-11 15:11:27,053 - INFO - Preprocessing parameters : 
 resample_rate=256 | bandpass=False | l_freq=0.5 | h_freq=75.0 | notch=60.0 | max_amp=300.0 | trim=0.0 | min_len_sec=0.0 | use_iir=True | normalize=True | window_size_sec=10.0 | overlap_sec=0.0 
2026-02-11 15:11:29,301 - INFO - Window shape: (28, 2560)
2026-02-11 15:11:30,408 - INFO - Finished processing file: /projects/EEG-foundation-model/CHB-MIT/chb21/chb21_32.edf | Extracted 360 windows | label distribution: {0: 360}
2026-02-11 15:11:30,410 - INFO - Preprocessing parameters : 
 resample_rate=256 | bandpass=False | l_freq=0.5 | h_freq=75.0 | notch=60.0 | max_amp=300.0 | trim=0.0 | min_len_sec=0.0 | use_iir=True | normalize=True | window_size_sec=10.0 | overlap_sec=0.0 
2026-02-11 15:11:32,705 - INFO - Window shape: (28, 2560)
2026-02-11 15:11:33,810 - INFO - Finished processing file: /projects/EEG-foundation-model/CHB-MIT/chb21/chb21_09.edf | Extracted 360 windows | label distribution: {0: 360}
2026-02-11 15:11:33,812 - INFO - Preprocessing parameters : 
 resample_rate=256 | bandpass=False | l_freq=0.5 | h_freq=75.0 | notch=60.0 | max_amp=300.0 | trim=0.0 | min_len_sec=0.0 | use_iir=True | normalize=True | window_size_sec=10.0 | overlap_sec=0.0 
2026-02-11 15:11:35,955 - INFO - Window shape: (28, 2560)
2026-02-11 15:11:37,061 - INFO - Finished processing file: /projects/EEG-foundation-model/CHB-MIT/chb21/chb21_07.edf | Extracted 360 windows | label distribution: {0: 360}
2026-02-11 15:11:37,065 - INFO - Total unique subjects processed: 24
2026-02-11 15:11:37,065 - INFO - Subject ID to ranges mapping (showing up to 20 subjects):
2026-02-11 15:11:37,065 - INFO -   Subject ID: chb11 | Ranges: [(0, 360), (360, 720), (720, 1080), (1080, 1440), (1440, 1800), (1800, 2160), (2160, 2520), (2520, 2880), (2880, 3240), (3240, 3600), (3600, 3960), (3960, 4320), (4320, 4680), (4680, 5040), (5040, 5400), (5400, 5760), (5760, 6120), (6120, 6480), (6480, 6840), (6840, 7200), (7200, 7560), (7560, 7920), (7920, 8280), (8280, 8640), (8640, 9000), (9000, 9360), (9360, 9720), (9720, 10080), (10080, 10440), (10440, 10800), (10800, 11160), (11160, 11445), (11445, 11805), (11805, 12165), (12165, 12525)]
2026-02-11 15:11:37,065 - INFO -   Subject ID: chb23 | Ranges: [(12525, 13026), (13026, 14466), (14466, 15725), (15725, 17165), (17165, 17913), (17913, 18948), (18948, 20388), (20388, 21831), (21831, 22087)]
2026-02-11 15:11:37,065 - INFO -   Subject ID: chb02 | Ranges: [(22087, 22447), (22447, 22543), (22543, 22903), (22903, 23263), (23263, 23623), (23623, 23983), (23983, 24343), (24343, 24703), (24703, 25063), (25063, 25423), (25423, 25783), (25783, 26143), (26143, 26503), (26503, 26863), (26863, 27223), (27223, 27583), (27583, 27943), (27943, 28303), (28303, 28663), (28663, 29023), (29023, 29383), (29383, 29743), (29743, 30103), (30103, 30463), (30463, 30823), (30823, 31183), (31183, 31543), (31543, 31903), (31903, 32263), (32263, 32623), (32623, 32983), (32983, 33343), (33343, 33703), (33703, 34063), (34063, 34423), (34423, 34783)]
2026-02-11 15:11:37,066 - INFO -   Subject ID: chb08 | Ranges: [(34783, 35143), (35143, 35503), (35503, 35863), (35863, 36223), (36223, 36583), (36583, 36943), (36943, 37303), (37303, 37663), (37663, 38023), (38023, 38383), (38383, 38743), (38743, 39103), (39103, 39465), (39465, 39825), (39825, 40185), (40185, 40545), (40545, 40905), (40905, 41265), (41265, 41625), (41625, 41984)]
2026-02-11 15:11:37,066 - INFO -   Subject ID: chb05 | Ranges: [(41984, 42344), (42344, 42704), (42704, 43064), (43064, 43424), (43424, 43784), (43784, 44144), (44144, 44504), (44504, 44865), (44865, 45225), (45225, 45585), (45585, 45945), (45945, 46305), (46305, 46666), (46666, 47027), (47027, 47387), (47387, 47747), (47747, 48107), (48107, 48467), (48467, 48827), (48827, 49187), (49187, 49547), (49547, 49907), (49907, 50267), (50267, 50627), (50627, 50987), (50987, 51347), (51347, 51707), (51707, 52067), (52067, 52427), (52427, 52787), (52787, 53147), (53147, 53507), (53507, 53867), (53867, 54227), (54227, 54587), (54587, 54947), (54947, 55307), (55307, 55667), (55667, 56027)]
2026-02-11 15:11:37,066 - INFO -   Subject ID: chb24 | Ranges: [(56027, 56387), (56387, 56747), (56747, 57107), (57107, 57467), (57467, 57828), (57828, 58189), (58189, 58549), (58549, 58909), (58909, 59269), (59269, 59629), (59629, 59990), (59990, 60350), (60350, 60710), (60710, 61070), (61070, 61431), (61431, 61791), (61791, 61898), (61898, 62259), (62259, 62619), (62619, 62980), (62980, 63340), (63340, 63700)]
2026-02-11 15:11:37,066 - INFO -   Subject ID: chb16 | Ranges: [(63700, 64060), (64060, 64420), (64420, 64780), (64780, 65140), (65140, 65500), (65500, 65860), (65860, 66221), (66221, 66581), (66581, 66941), (66941, 67301), (67301, 67661), (67661, 68021), (68021, 68381), (68381, 68741), (68741, 69100), (69100, 69460), (69460, 69820), (69820, 70180), (70180, 70540)]
2026-02-11 15:11:37,066 - INFO -   Subject ID: chb12 | Ranges: [(70540, 70902), (70902, 71263), (71263, 71623), (71623, 71982), (71982, 72342), (72342, 72704), (72704, 73064), (73064, 73426), (73426, 73786), (73786, 74151), (74151, 74511), (74511, 74871), (74871, 75115), (75115, 75476), (75476, 75836), (75836, 76196), (76196, 76556), (76556, 76917), (76917, 77277), (77277, 77637), (77637, 77997), (77997, 78357), (78357, 78717), (78717, 79078)]
2026-02-11 15:11:37,066 - INFO -   Subject ID: chb18 | Ranges: [(79078, 79438), (79438, 79798), (79798, 80158), (80158, 80518), (80518, 80878), (80878, 81238), (81238, 81598), (81598, 81958), (81958, 82318), (82318, 82678), (82678, 83038), (83038, 83266), (83266, 83626), (83626, 83986), (83986, 84346), (84346, 84706), (84706, 85066), (85066, 85426), (85426, 85786), (85786, 86146), (86146, 86506), (86506, 86866), (86866, 87226), (87226, 87586), (87586, 87947), (87947, 88308), (88308, 88668), (88668, 89028), (89028, 89388), (89388, 89748), (89748, 90108), (90108, 90468), (90468, 90828), (90828, 91188), (91188, 91549), (91549, 91909)]
2026-02-11 15:11:37,067 - INFO -   Subject ID: chb20 | Ranges: [(91909, 92205), (92205, 92553), (92553, 92913), (92913, 93273), (93273, 93633), (93633, 93707), (93707, 94067), (94067, 94427), (94427, 94787), (94787, 95147), (95147, 95507), (95507, 95868), (95868, 96228), (96228, 96588), (96588, 96948), (96948, 97308), (97308, 97524), (97524, 97884), (97884, 98244), (98244, 98604), (98604, 98966), (98966, 99326), (99326, 99686), (99686, 100046), (100046, 100406), (100406, 100766), (100766, 101126), (101126, 101486), (101486, 101846)]
2026-02-11 15:11:37,067 - INFO -   Subject ID: chb01 | Ranges: [(101846, 102206), (102206, 102566), (102566, 102926), (102926, 103286), (103286, 103646), (103646, 104006), (104006, 104366), (104366, 104726), (104726, 105086), (105086, 105446), (105446, 105806), (105806, 106166), (106166, 106526), (106526, 106886), (106886, 107246), (107246, 107606), (107606, 107966), (107966, 108326), (108326, 108686), (108686, 109046), (109046, 109406), (109406, 109766), (109766, 110032), (110032, 110092), (110092, 110452), (110452, 110812), (110812, 111173), (111173, 111533), (111533, 111893), (111893, 112253), (112253, 112613), (112613, 112973), (112973, 113333), (113333, 113693), (113693, 113925), (113925, 114285), (114285, 114645), (114645, 115005), (115005, 115365), (115365, 115725), (115725, 116085), (116085, 116445)]
2026-02-11 15:11:37,067 - INFO -   Subject ID: chb06 | Ranges: [(116445, 117885), (117885, 119325), (119325, 120766), (120766, 121559), (121559, 121862), (121862, 123302), (123302, 124745), (124745, 126185), (126185, 127625), (127625, 129064), (129064, 130504), (130504, 131944), (131944, 133384), (133384, 134824), (134824, 136264), (136264, 137704), (137704, 139144), (139144, 140470)]
2026-02-11 15:11:37,067 - INFO -   Subject ID: chb15 | Ranges: [(140470, 140830), (140830, 141190), (141190, 141550), (141550, 141910), (141910, 142270), (142270, 142630), (142630, 142990), (142990, 143350), (143350, 143710), (143710, 144070), (144070, 144430), (144430, 144790), (144790, 145150), (145150, 145510), (145510, 145870), (145870, 146230), (146230, 146590), (146590, 146951), (146951, 147312), (147312, 147672), (147672, 148032), (148032, 148392), (148392, 148752), (148752, 149112), (149112, 149475), (149475, 149835), (149835, 150194), (150194, 150554), (150554, 150914), (150914, 151274), (151274, 151634), (151634, 151994), (151994, 152354), (152354, 152714), (152714, 153075), (153075, 153435), (153435, 153795), (153795, 154155), (154155, 154515), (154515, 154875)]
2026-02-11 15:11:37,067 - INFO -   Subject ID: chb17 | Ranges: [(154875, 155235), (155235, 155595), (155595, 155955), (155955, 156318), (156318, 156678), (156678, 157039), (157039, 157399), (157399, 157759), (157759, 158119), (158119, 158479), (158479, 158839), (158839, 159199), (159199, 159559), (159559, 159919), (159919, 160279), (160279, 160639), (160639, 160999), (160999, 161359), (161359, 161719), (161719, 162079), (162079, 162439)]
2026-02-11 15:11:37,067 - INFO -   Subject ID: chb04 | Ranges: [(162439, 163881), (163881, 164364), (164364, 165804), (165804, 166872), (166872, 168313), (168313, 169753), (169753, 171193), (171193, 172633), (172633, 173383), (173383, 174823), (174823, 176263), (176263, 177703), (177703, 179076), (179076, 180516), (180516, 181956), (181956, 183396), (183396, 184836), (184836, 186276), (186276, 187716), (187716, 189156), (189156, 190596), (190596, 191549), (191549, 192989), (192989, 193550), (193550, 194990), (194990, 195572), (195572, 197012), (197012, 198454), (198454, 199894), (199894, 201334), (201334, 202774), (202774, 204216), (204216, 205656), (205656, 207096), (207096, 208536), (208536, 209976), (209976, 211416), (211416, 212856), (212856, 214296), (214296, 215738), (215738, 217181), (217181, 218621)]
2026-02-11 15:11:37,068 - INFO -   Subject ID: chb09 | Ranges: [(218621, 220062), (220062, 221502), (221502, 222942), (222942, 224382), (224382, 225822), (225822, 227264), (227264, 228705), (228705, 230145), (230145, 231585), (231585, 233025), (233025, 234465), (234465, 235824), (235824, 237264), (237264, 238704), (238704, 240143), (240143, 240945), (240945, 242385), (242385, 242482), (242482, 243052)]
2026-02-11 15:11:37,068 - INFO -   Subject ID: chb03 | Ranges: [(243052, 243412), (243412, 243772), (243772, 244132), (244132, 244492), (244492, 244852), (244852, 245212), (245212, 245572), (245572, 245932), (245932, 246292), (246292, 246652), (246652, 247012), (247012, 247372), (247372, 247731), (247731, 248091), (248091, 248451), (248451, 248811), (248811, 249171), (249171, 249531), (249531, 249891), (249891, 250251), (250251, 250612), (250612, 250972), (250972, 251332), (251332, 251692), (251692, 252052), (252052, 252412), (252412, 252772), (252772, 253132), (253132, 253492), (253492, 253852), (253852, 254212), (254212, 254572), (254572, 254932), (254932, 255292), (255292, 255652), (255652, 256012), (256012, 256372), (256372, 256732)]
2026-02-11 15:11:37,068 - INFO -   Subject ID: chb10 | Ranges: [(256732, 257452), (257452, 258172), (258172, 258893), (258893, 259613), (259613, 260333), (260333, 261053), (261053, 261773), (261773, 262493), (262493, 263215), (263215, 263935), (263935, 264655), (264655, 265375), (265375, 266095), (266095, 266816), (266816, 267538), (267538, 268258), (268258, 268978), (268978, 269697), (269697, 270417), (270417, 271137), (271137, 271857), (271857, 272577), (272577, 273297), (273297, 274017), (274017, 274739)]
2026-02-11 15:11:37,068 - INFO -   Subject ID: chb22 | Ranges: [(274739, 275099), (275099, 275459), (275459, 275819), (275819, 276179), (276179, 276539), (276539, 276899), (276899, 277260), (277260, 277620), (277620, 277980), (277980, 278340), (278340, 278700), (278700, 279060), (279060, 279420), (279420, 279780), (279780, 280140), (280140, 280500), (280500, 280860), (280860, 281220), (281220, 281580), (281580, 281940), (281940, 282300), (282300, 282660), (282660, 283020), (283020, 283380), (283380, 283740), (283740, 284100), (284100, 284460), (284460, 284820), (284820, 285180), (285180, 285540), (285540, 285899)]
2026-02-11 15:11:37,068 - INFO -   Subject ID: chb14 | Ranges: [(285899, 286259), (286259, 286619), (286619, 286979), (286979, 287339), (287339, 287699), (287699, 288059), (288059, 288419), (288419, 288779), (288779, 289139), (289139, 289499), (289499, 289858), (289858, 290218), (290218, 290578), (290578, 290938), (290938, 291298), (291298, 291658), (291658, 292018), (292018, 292378), (292378, 292738), (292738, 293098), (293098, 293458), (293458, 293818), (293818, 294178), (294178, 294538), (294538, 294898), (294898, 295258)]
2026-02-11 15:11:37,068 - INFO -   Subject ID: chb07 | Ranges: [(295258, 296464), (296464, 297904), (297904, 299344), (299344, 299810), (299810, 301250), (301250, 302690), (302690, 304130), (304130, 305571), (305571, 307011), (307011, 307503), (307503, 308944), (308944, 310384), (310384, 311824), (311824, 313264), (313264, 313637), (313637, 315077), (315077, 316517), (316517, 317957), (317957, 319397)]
2026-02-11 15:11:37,068 - INFO -   ...
2026-02-11 15:11:37,069 - INFO - [END] Preprocessing completed. Total windows extracted: 353872
